{
  "entry/src/main/ets/entryability/EntryAbility.ets": {
    "version": 3,
    "file": "EntryAbility.ets",
    "sourceRoot": "",
    "sources": [
      "entry/src/main/ets/entryability/EntryAbility.ets"
    ],
    "names": [],
    "mappings": ";;;;;AAIA,MAAM,CAAC,OAAO,OAAO,YAAa,SAAQ,SAAS;IACjD,QAAQ,CAAC,IAAI,EAAE,IAAI,EAAE,WAAW,EAAE,eAAe,CAAC,WAAW,GAAG,IAAI;QAClE,KAAK,CAAC,IAAI,CAAC,MAAM,EAAE,SAAS,EAAE,YAAY,EAAE,kBAAkB,CAAC,CAAC;IAClE,CAAC;IAED,SAAS,IAAI,IAAI;QACf,KAAK,CAAC,IAAI,CAAC,MAAM,EAAE,SAAS,EAAE,YAAY,EAAE,mBAAmB,CAAC,CAAC;IACnE,CAAC;IAED,mBAAmB,CAAC,WAAW,EAAE,MAAM,CAAC,WAAW,GAAG,IAAI;QACxD,yDAAyD;QACzD,KAAK,CAAC,IAAI,CAAC,MAAM,EAAE,SAAS,EAAE,YAAY,EAAE,6BAA6B,CAAC,CAAC;QAE3E,WAAW,CAAC,WAAW,CAAC,aAAa,EAAE,CAAC,GAAG,EAAE,IAAI,EAAE,EAAE;YACnD,IAAI,GAAG,CAAC,IAAI,EAAE;gBACZ,KAAK,CAAC,KAAK,CAAC,MAAM,EAAE,SAAS,EAAE,+CAA+C,EAAE,IAAI,CAAC,SAAS,CAAC,GAAG,CAAC,IAAI,EAAE,CAAC,CAAC;gBAC3G,OAAO;aACR;YACD,KAAK,CAAC,IAAI,CAAC,MAAM,EAAE,SAAS,EAAE,oDAAoD,EAAE,IAAI,CAAC,SAAS,CAAC,IAAI,CAAC,IAAI,EAAE,CAAC,CAAC;QAClH,CAAC,CAAC,CAAC;IACL,CAAC;IAED,oBAAoB,IAAI,IAAI;QAC1B,yDAAyD;QACzD,KAAK,CAAC,IAAI,CAAC,MAAM,EAAE,SAAS,EAAE,YAAY,EAAE,8BAA8B,CAAC,CAAC;IAC9E,CAAC;IAED,YAAY,IAAI,IAAI;QAClB,oCAAoC;QACpC,KAAK,CAAC,IAAI,CAAC,MAAM,EAAE,SAAS,EAAE,YAAY,EAAE,sBAAsB,CAAC,CAAC;IACtE,CAAC;IAED,YAAY,IAAI,IAAI;QAClB,iCAAiC;QACjC,KAAK,CAAC,IAAI,CAAC,MAAM,EAAE,SAAS,EAAE,YAAY,EAAE,sBAAsB,CAAC,CAAC;IACtE,CAAC;CACF"
  },
  "entry/src/main/ets/pages/Index.ets": {
    "version": 3,
    "file": "Index.ets",
    "sourceRoot": "",
    "sources": [
      "entry/src/main/ets/pages/Index.ets"
    ],
    "names": [],
    "mappings": ";IAOS,KAAK,GAAE,MAAM;IACb,QAAQ,GAAE,MAAM;IAChB,QAAQ,GAAE,MAAM;;MAPlB,KAAK;IAFZ;;;;;oDAOyB,CAAC;uDACE,IAAI;uDACJ,IAAI;;KAThC;;;;;;;;;;;;;;;;;;;;;;;;;;IAGE,QAAQ;IACR,sBAAsB;IACtB,YAAY;IACZ,kBAAkB;IAClB,0CAAc,MAAM,EAAI;QAAjB,KAAK;;;QAAL,KAAK,WAAE,MAAM;;;IACpB,6CAAiB,MAAM,EAAO;QAAvB,QAAQ;;;QAAR,QAAQ,WAAE,MAAM;;;IACvB,6CAAiB,MAAM,EAAO;QAAvB,QAAQ;;;QAAR,QAAQ,WAAE,MAAM;;;IACvB;;YACE,MAAM;;YAAN,MAAM,CAoHL,KAAK,CAAC,MAAM;YApHb,MAAM,CAqHL,MAAM,CAAC,MAAM;YArHd,MAAM,CAsHL,eAAe,CAAC,SAAS;;;YArHxB,MAAM;;;;YACJ,KAAK;YACL,GAAG,QAAC,EAAE,KAAK,EAAE,EAAE,EAAC;;YADhB,KAAK;YACL,GAAG,CAuEF,KAAK,CAAC,MAAM;YAxEb,KAAK;YACL,GAAG,CAwEF,UAAU,CAAC,aAAa,CAAC,GAAG;YAzE7B,KAAK;YACL,GAAG,CAyEF,OAAO,CAAC,EAAE;;;YAxET,KAAK;YACL,KAAK;;YADL,KAAK;YACL,KAAK,CACF,KAAK,CAAC,GAAG;YAFZ,KAAK;YACL,KAAK,CAEF,YAAY,CAAC,CAAC;;;YACjB,KAAK;YACL,MAAM,QAAC,EAAC,KAAK,EAAE,EAAE,EAAC;;YADlB,KAAK;YACL,MAAM,CA6DL,MAAM,CAAC,EAAE;YA9DV,KAAK;YACL,MAAM,CA8DL,YAAY,CAAC,CAAC;YA/Df,KAAK;YACL,MAAM,CA+DL,cAAc,CAAC,SAAS,CAAC,YAAY;;;YA9DpC,MAAM,QAAC,EAAE,KAAK,EAAE,CAAC,EAAC;;YAAlB,MAAM,CAQL,KAAK,CAAC,MAAM;YARb,MAAM,CASL,UAAU,CAAC,eAAe,CAAC,KAAK;;;YAR/B,IAAI,QAAC,kBAAkB;;YAAvB,IAAI,CACD,UAAU,CAAC,EAAE;YADhB,IAAI,CAED,QAAQ,CAAC,EAAE;;QAFd,IAAI;;YAGJ,IAAI,QAAC,SAAS;;YAAd,IAAI,CACD,QAAQ,CAAC,EAAE;YADd,IAAI,CAED,SAAS,CAAC,SAAS;;QAFtB,IAAI;QAJN,MAAM;;YAUN,GAAG;;YAAH,GAAG,CA+CF,KAAK,CAAC,MAAM;YA/Cb,GAAG,CAgDF,cAAc,CAAC,SAAS,CAAC,YAAY;;;YA/CpC,KAAK;YACL,GAAG,QAAC,EAAE,KAAK,EAAE,CAAC,EAAC;;;;YACb,IAAI;;YAAJ,IAAI,CAMH,SAAS,CAAC,SAAS;;;YALlB,IAAI,QAAC,GAAG;;YAAR,IAAI,CACD,QAAQ,CAAC,EAAE;;;YACd,IAAI,QAAC,IAAI,CAAC,QAAQ,CAAC,OAAO,CAAC,CAAC,CAAC;;YAA7B,IAAI,CACD,QAAQ,CAAC,EAAE;;QAJhB,IAAI;;YAOJ,IAAI;;YAAJ,IAAI,CAIH,QAAQ,CAAC,EAAE;YAJZ,IAAI,CAKH,SAAS,CAAC,MAAM;YALjB,IAAI,CAMH,UAAU,CAAC,EAAC,IAAI,EAAE,kBAAkB,CAAC,WAAW,EAAE,KAAK,EAAE,MAAM,EAAC;;;YAL/D,IAAI,QAAC,GAAG;;;;YACR,IAAI,QAAC,IAAI,CAAC,QAAQ,CAAC,OAAO,CAAC,CAAC,CAAC;;;QAF/B,IAAI;QATN,KAAK;QACL,GAAG;;YAgBH,KAAK;YACL,GAAG;;;;YACD,IAAI,QAAC,GAAG;;YAAR,IAAI,CACD,KAAK,CAAC,EAAE;YADX,IAAI,CAED,MAAM,CAAC,EAAE;YAFZ,IAAI,CAGD,MAAM,CAAC,EAAC,KAAK,EAAC,CAAC,EAAE,KAAK,EAAE,SAAS,EAAE,MAAM,EAAE,EAAC,OAAO,EAAE,CAAC,EAAE,UAAU,EAAE,CAAC,EAAC,EAAC;YAH1E,IAAI,CAID,SAAS,CAAC,SAAS,CAAC,MAAM;YAJ7B,IAAI,CAKD,UAAU,CAAC,GAAG;YALjB,IAAI,CAMD,OAAO,CAAC,GAAG,EAAE;gBACZ,8BAA8B;gBAC9B,qBAAqB;gBACrB,IAAI,CAAC,KAAK,EAAE,CAAA;YACd,CAAC;;QAVH,IAAI;;YAWJ,IAAI,QAAC,IAAI,CAAC,KAAK,CAAC,QAAQ,EAAE;;YAA1B,IAAI,CACD,MAAM,CAAC,EAAE;YADZ,IAAI,CAED,MAAM,CAAC,EAAC,KAAK,EAAE,EAAE,GAAG,EAAC,CAAC,EAAE,MAAM,EAAE,CAAC,EAAE,EAAE,KAAK,EAAE,SAAS,EAAC;YAFzD,IAAI,CAGD,OAAO,CAAC,EAAC,IAAI,EAAE,EAAE,EAAE,KAAK,EAAE,EAAE,EAAC;YAHhC,IAAI,CAID,QAAQ,CAAC,EAAE;;QAJd,IAAI;;YAKJ,IAAI,QAAC,GAAG;;YAAR,IAAI,CACD,KAAK,CAAC,EAAE;YADX,IAAI,CAED,MAAM,CAAC,EAAE;YAFZ,IAAI,CAGD,MAAM,CAAC,EAAC,KAAK,EAAC,CAAC,EAAE,KAAK,EAAE,SAAS,EAAE,MAAM,EAAE,EAAC,QAAQ,EAAE,CAAC,EAAE,WAAW,EAAE,CAAC,EAAC,EAAC;YAH5E,IAAI,CAID,SAAS,CAAC,SAAS,CAAC,MAAM;YAJ7B,IAAI,CAKD,UAAU,CAAC,GAAG;YALjB,IAAI,CAMD,OAAO,CAAC,GAAG,EAAE;gBACZ,IAAI,CAAC,KAAK,EAAE,CAAA;YACd,CAAC;;QARH,IAAI;QAlBN,KAAK;QACL,GAAG;QAnBL,GAAG;QAZL,KAAK;QACL,MAAM;QAPR,KAAK;QACL,GAAG;;YA2EH,KAAK;YACL,GAAG,QAAC,EAAE,KAAK,EAAE,EAAE,EAAE;;YADjB,KAAK;YACL,GAAG,CA4BF,KAAK,CAAC,MAAM;YA7Bb,KAAK;YACL,GAAG,CA6BF,MAAM,CAAC,EAAE;YA9BV,KAAK;YACL,GAAG,CA8BF,eAAe,CAAC,MAAM;YA/BvB,KAAK;YACL,GAAG,CA+BF,QAAQ,CAAC,EAAC,CAAC,EAAC,CAAC,EAAE,CAAC,EAAE,MAAM,EAAC;YAhC1B,KAAK;YACL,GAAG,CAgCF,SAAS,CAAC,EAAC,CAAC,EAAE,OAAO,EAAC;YAjCvB,KAAK;YACL,GAAG,CAiCF,OAAO,CAAC,EAAE,IAAI,EAAE,EAAE,EAAE,KAAK,EAAE,EAAE,EAAE;YAlChC,KAAK;YACL,GAAG,CAkCF,cAAc,CAAC,SAAS,CAAC,GAAG;;;YAjC3B,KAAK;YACL,MAAM,QAAC,EAAC,KAAK,EAAE,CAAC,EAAC;;YADjB,KAAK;YACL,MAAM,CAgBL,UAAU,CAAC,eAAe,CAAC,GAAG;;;YAf7B,IAAI;;YAAJ,IAAI,CAUH,QAAQ,CAAC,EAAE;;;YATV,IAAI,QAAC,MAAM,IAAI,CAAC,KAAK,KAAK;;YAA1B,IAAI,CACD,SAAS,CAAC,SAAS;;;YACtB,IAAI,QAAC,KAAK;;;;YACV,IAAI,QAAC,GAAG;;YAAR,IAAI,CACD,SAAS,CAAC,SAAS;;;YACtB,IAAI,QAAC,CAAC,IAAI,CAAC,KAAK,GAAG,IAAI,CAAC,QAAQ,CAAC,CAAC,OAAO,CAAC,CAAC,CAAC;;YAA5C,IAAI,CACD,SAAS,CAAC,SAAS;YADtB,IAAI,CAED,QAAQ,CAAC,EAAE;;QARhB,IAAI;;YAWJ,IAAI,QAAC,KAAK,GAAG,CAAC,IAAI,CAAC,KAAK,GAAG,CAAC,IAAI,CAAC,QAAQ,GAAG,IAAI,CAAC,QAAQ,CAAC,CAAC,CAAC,OAAO,CAAC,CAAC,CAAC;;YAAtE,IAAI,CACD,SAAS,CAAC,SAAS;YADtB,IAAI,CAED,QAAQ,CAAC,EAAE;;QAFd,IAAI;QAbN,KAAK;QACL,MAAM;;YAiBN,OAAO;YACP,MAAM,iBAAC,MAAM;;YADb,OAAO;YACP,MAAM,CACH,KAAK,CAAC,GAAG;YAFZ,OAAO;YACP,MAAM,CAEH,MAAM,CAAC,EAAE;YAHZ,OAAO;YACP,MAAM,CAGH,eAAe,CAAC,SAAS;YAJ5B,OAAO;YACP,MAAM,CAIH,SAAS,CAAC,SAAS;YALtB,OAAO;YACP,MAAM,CAKH,QAAQ,CAAC,EAAE;YANd,OAAO;YACP,MAAM,CAMH,UAAU,CAAC,GAAG;;QAPjB,OAAO;QACP,MAAM;QArBR,KAAK;QACL,GAAG;QA9EL,MAAM;QADR,MAAM;KAuHP"
  }
}