{
  "version": "2.0",
  "events": [
    {
      "head": {
        "id": "376c9210-aebd-44d4-b057-51d6a441f6d9",
        "name": "hvigor build process will be closed.",
        "description": "",
        "type": "log"
      },
      "body": {
        "pid": 25514,
        "tid": "Main Thread",
        "startTime": 3888168871753208
      },
      "additional": {
        "logType": "debug",
        "children": []
      }
    },
    {
      "head": {
        "id": "6ba8cc2d-99ba-42c7-8475-63fae744342e",
        "name": "watch worker: worker is ready to be terminated.",
        "description": "",
        "type": "log"
      },
      "body": {
        "pid": 25514,
        "tid": "Main Thread",
        "startTime": 3900140449862583
      },
      "additional": {
        "logType": "debug",
        "children": []
      }
    },
    {
      "head": {
        "id": "1b584852-7f32-4c69-bb50-c66dd44f922d",
        "name": "Server currently has 0 watch-worker",
        "description": "",
        "type": "log"
      },
      "body": {
        "pid": 25514,
        "tid": "Main Thread",
        "startTime": 3900140450978791
      },
      "additional": {
        "logType": "debug",
        "children": []
      }
    },
    {
      "head": {
        "id": "67f82191-56ea-48d0-b9b1-b56ad1ca08ad",
        "name": "watch worker: worker id should be larger than 0. Nothing will be sent to any worker thread.",
        "description": "",
        "type": "log"
      },
      "body": {
        "pid": 25514,
        "tid": "Main Thread",
        "startTime": 3900140809810416
      },
      "additional": {
        "logType": "debug",
        "children": []
      }
    },
    {
      "head": {
        "id": "f8139485-cf5c-4e66-a07b-738f5e10e046",
        "name": "init",
        "description": "Initialize and build task graph.",
        "type": "duration"
      },
      "body": {
        "pid": 25514,
        "tid": "Main Thread",
        "startTime": 3900140811549125,
        "endTime": 3900140878557500
      },
      "additional": {
        "children": [],
        "state": "success",
        "targetName": "",
        "moduleName": "",
        "category": "Init",
        "taskRunReasons": [],
        "logId": "7fb19268-dff4-4a3e-8562-3972a9c53f68"
      },
      "log": {
        "_logger": {
          "category": "DurationEvent",
          "context": {},
          "callStackSkipIndex": 0
        },
        "_filelogger": {
          "category": "debug-file",
          "context": {},
          "callStackSkipIndex": 0
        }
      }
    },
    {
      "head": {
        "id": "48f6db36-72d0-4d46-b592-8b61b9ecd5a8",
        "name": "Hvigor init with startParameters:{\n  hvigorfileTypeCheck: false,\n  parallelExecution: true,\n  incrementalExecution: true,\n  printStackTrace: false,\n  daemon: true,\n  analyze: 0,\n  logLevel: Level { level: 20000, levelStr: 'INFO', colour: 'green' },\n  enableSignTask: true,\n  skipNativeIncremental: false,\n  poolMaxCoreSize: undefined,\n  poolCacheCapacity: undefined,\n  poolCacheTtl: undefined\n}",
        "description": "",
        "type": "log"
      },
      "body": {
        "pid": 25514,
        "tid": "Main Thread",
        "startTime": 3900140812865708
      },
      "additional": {
        "logType": "debug",
        "children": []
      }
    },
    {
      "head": {
        "id": "3a2d9116-2c3d-41fd-ae8c-55042f17c22b",
        "name": "Cache service initialization finished in 3 ms ",
        "description": "",
        "type": "log"
      },
      "body": {
        "pid": 25514,
        "tid": "Main Thread",
        "startTime": 3900140815311416
      },
      "additional": {
        "logType": "debug",
        "children": []
      }
    },
    {
      "head": {
        "id": "e025c236-d47b-467e-b335-bf33843b4a9b",
        "name": "hvigorfile, resolving /Users/jepson/Desktop/Harmony/projects/Part2Demo/hvigorfile.ts",
        "description": "",
        "type": "log"
      },
      "body": {
        "pid": 25514,
        "tid": "Main Thread",
        "startTime": 3900140815980916
      },
      "additional": {
        "logType": "debug",
        "children": []
      }
    },
    {
      "head": {
        "id": "6cf44484-ec15-4340-bc45-98c78ae4b250",
        "name": "hvigorfile, require result:  { default: { system: [Function: appTasks], plugins: [] } }",
        "description": "",
        "type": "log"
      },
      "body": {
        "pid": 25514,
        "tid": "Main Thread",
        "startTime": 3900140821856125
      },
      "additional": {
        "logType": "debug",
        "children": []
      }
    },
    {
      "head": {
        "id": "e00cae6e-b600-49e2-986e-e625bc5efc6b",
        "name": "hvigorfile, binding system plugins [Function: appTasks]",
        "description": "",
        "type": "log"
      },
      "body": {
        "pid": 25514,
        "tid": "Main Thread",
        "startTime": 3900140821938166
      },
      "additional": {
        "logType": "debug",
        "children": []
      }
    },
    {
      "head": {
        "id": "6baabaca-13d6-435c-a854-a03424b61a70",
        "name": "hvigorfile, binding custom plugins []",
        "description": "",
        "type": "log"
      },
      "body": {
        "pid": 25514,
        "tid": "Main Thread",
        "startTime": 3900140824304958
      },
      "additional": {
        "logType": "debug",
        "children": []
      }
    },
    {
      "head": {
        "id": "e889abf0-042e-4589-aa55-b76ab27f9411",
        "name": "hvigorfile, no custom plugins were found in /Users/jepson/Desktop/Harmony/projects/Part2Demo/hvigorfile.ts",
        "description": "",
        "type": "log"
      },
      "body": {
        "pid": 25514,
        "tid": "Main Thread",
        "startTime": 3900140824382708
      },
      "additional": {
        "logType": "debug",
        "children": []
      }
    },
    {
      "head": {
        "id": "3063f704-9e12-483d-b483-2fe3895206d0",
        "name": "hvigorfile, resolve finished /Users/jepson/Desktop/Harmony/projects/Part2Demo/hvigorfile.ts",
        "description": "",
        "type": "log"
      },
      "body": {
        "pid": 25514,
        "tid": "Main Thread",
        "startTime": 3900140824407166
      },
      "additional": {
        "logType": "debug",
        "children": []
      }
    },
    {
      "head": {
        "id": "73487224-2a0a-4f74-9141-9d29711788c6",
        "name": "hvigorfile, resolving /Users/jepson/Desktop/Harmony/projects/Part2Demo/entry/hvigorfile.ts",
        "description": "",
        "type": "log"
      },
      "body": {
        "pid": 25514,
        "tid": "Main Thread",
        "startTime": 3900140824826916
      },
      "additional": {
        "logType": "debug",
        "children": []
      }
    },
    {
      "head": {
        "id": "d7869d31-58f9-4099-923a-80693f43ab33",
        "name": "hvigorfile, require result:  { default: { system: [Function: hapTasks], plugins: [] } }",
        "description": "",
        "type": "log"
      },
      "body": {
        "pid": 25514,
        "tid": "Main Thread",
        "startTime": 3900140827762583
      },
      "additional": {
        "logType": "debug",
        "children": []
      }
    },
    {
      "head": {
        "id": "d8e8580f-6058-4670-8ff8-baae12aedf70",
        "name": "hvigorfile, binding system plugins [Function: hapTasks]",
        "description": "",
        "type": "log"
      },
      "body": {
        "pid": 25514,
        "tid": "Main Thread",
        "startTime": 3900140827830541
      },
      "additional": {
        "logType": "debug",
        "children": []
      }
    },
    {
      "head": {
        "id": "b2b83403-bd40-484d-92f3-2000fcb769c9",
        "name": "Module entry Collected Dependency: ",
        "description": "",
        "type": "log"
      },
      "body": {
        "pid": 25514,
        "tid": "Main Thread",
        "startTime": 3900140829893958
      },
      "additional": {
        "logType": "debug",
        "children": []
      }
    },
    {
      "head": {
        "id": "dba51bd8-cf7f-424e-8a63-6f46facd5150",
        "name": "Module entry's total dependency: 0",
        "description": "",
        "type": "log"
      },
      "body": {
        "pid": 25514,
        "tid": "Main Thread",
        "startTime": 3900140829950708
      },
      "additional": {
        "logType": "debug",
        "children": []
      }
    },
    {
      "head": {
        "id": "7d3fa416-f7ad-46d6-b824-f417f5d628cc",
        "name": "Start initialize module-target build option map, moduleName=entry, buildMode=debug",
        "description": "",
        "type": "log"
      },
      "body": {
        "pid": 25514,
        "tid": "Main Thread",
        "startTime": 3900140831303291
      },
      "additional": {
        "logType": "debug",
        "children": []
      }
    },
    {
      "head": {
        "id": "7b117610-a380-43b5-95cd-bc8e657f02ea",
        "name": "Target 'default' config: {}",
        "description": "",
        "type": "log"
      },
      "body": {
        "pid": 25514,
        "tid": "Main Thread",
        "startTime": 3900140831350708
      },
      "additional": {
        "logType": "debug",
        "children": []
      }
    },
    {
      "head": {
        "id": "9ce03628-f14c-4886-a135-767e680e5fcb",
        "name": "Target 'ohosTest' config: {}",
        "description": "",
        "type": "log"
      },
      "body": {
        "pid": 25514,
        "tid": "Main Thread",
        "startTime": 3900140831440833
      },
      "additional": {
        "logType": "debug",
        "children": []
      }
    },
    {
      "head": {
        "id": "2a80d598-3c34-419e-ab5d-2e26388461e5",
        "name": "Module 'entry' target 'default' build option: {\n  \"debuggable\": true,\n  \"copyFrom\": \"default\",\n  \"name\": \"debug\"\n}",
        "description": "",
        "type": "log"
      },
      "body": {
        "pid": 25514,
        "tid": "Main Thread",
        "startTime": 3900140831474375
      },
      "additional": {
        "logType": "debug",
        "children": []
      }
    },
    {
      "head": {
        "id": "55f42633-df69-4927-a817-78157aedc7b8",
        "name": "Module 'entry' target 'ohosTest' build option: {\n  \"debuggable\": true,\n  \"name\": \"default\"\n}",
        "description": "",
        "type": "log"
      },
      "body": {
        "pid": 25514,
        "tid": "Main Thread",
        "startTime": 3900140831498041
      },
      "additional": {
        "logType": "debug",
        "children": []
      }
    },
    {
      "head": {
        "id": "551202c8-b8b7-44d5-8e74-dc00db1bd71b",
        "name": "End initialize module-target build option map, moduleName=entry",
        "description": "",
        "type": "log"
      },
      "body": {
        "pid": 25514,
        "tid": "Main Thread",
        "startTime": 3900140831522000
      },
      "additional": {
        "logType": "debug",
        "children": []
      }
    },
    {
      "head": {
        "id": "72986b35-8480-402a-b5db-508c59121ce3",
        "name": "Module 'entry' target 'default' using build option: {\n  \"debuggable\": true,\n  \"copyFrom\": \"default\",\n  \"name\": \"debug\"\n} in this build.",
        "description": "",
        "type": "log"
      },
      "body": {
        "pid": 25514,
        "tid": "Main Thread",
        "startTime": 3900140831552083
      },
      "additional": {
        "logType": "debug",
        "children": []
      }
    },
    {
      "head": {
        "id": "706d3db1-7188-4ddf-8d5f-6242372ff76b",
        "name": "require SDK: toolchains,ArkTS; moduleName=entry",
        "description": "",
        "type": "log"
      },
      "body": {
        "pid": 25514,
        "tid": "Main Thread",
        "startTime": 3900140831914916
      },
      "additional": {
        "logType": "debug",
        "children": []
      }
    },
    {
      "head": {
        "id": "68dd0293-96b0-4bbd-9c67-4cf6aa91fb4a",
        "name": "Module entry task initialization takes 1 ms ",
        "description": "",
        "type": "log"
      },
      "body": {
        "pid": 25514,
        "tid": "Main Thread",
        "startTime": 3900140833179000
      },
      "additional": {
        "logType": "debug",
        "children": []
      }
    },
    {
      "head": {
        "id": "07b96256-aa0c-4db9-a08e-e8bbb3df51e1",
        "name": "hvigorfile, binding custom plugins []",
        "description": "",
        "type": "log"
      },
      "body": {
        "pid": 25514,
        "tid": "Main Thread",
        "startTime": 3900140833228333
      },
      "additional": {
        "logType": "debug",
        "children": []
      }
    },
    {
      "head": {
        "id": "2c024745-4fc2-49b2-99fc-bbc0fc115def",
        "name": "hvigorfile, no custom plugins were found in /Users/jepson/Desktop/Harmony/projects/Part2Demo/entry/hvigorfile.ts",
        "description": "",
        "type": "log"
      },
      "body": {
        "pid": 25514,
        "tid": "Main Thread",
        "startTime": 3900140833252416
      },
      "additional": {
        "logType": "debug",
        "children": []
      }
    },
    {
      "head": {
        "id": "d3fe5455-3d29-4c99-8996-0f8d59c2349b",
        "name": "hvigorfile, resolve finished /Users/jepson/Desktop/Harmony/projects/Part2Demo/entry/hvigorfile.ts",
        "description": "",
        "type": "log"
      },
      "body": {
        "pid": 25514,
        "tid": "Main Thread",
        "startTime": 3900140833275208
      },
      "additional": {
        "logType": "debug",
        "children": []
      }
    },
    {
      "head": {
        "id": "11c8f1a9-d0e0-4483-ad8a-767db01c2ab8",
        "name": "hvigorfile, resolve hvigorfile dependencies in 37 ms ",
        "description": "",
        "type": "log"
      },
      "body": {
        "pid": 25514,
        "tid": "Main Thread",
        "startTime": 3900140869527500
      },
      "additional": {
        "logType": "debug",
        "children": []
      }
    },
    {
      "head": {
        "id": "b00257c7-3547-4fef-a821-456fbe8c0c06",
        "name": "Start initialize project's product build option map with build mode debug.",
        "description": "",
        "type": "log"
      },
      "body": {
        "pid": 25514,
        "tid": "Main Thread",
        "startTime": 3900140869715416
      },
      "additional": {
        "logType": "debug",
        "children": []
      }
    },
    {
      "head": {
        "id": "6c2ae244-869d-45b5-bca4-eab9673276a4",
        "name": "Picking option from product 'default' with build mode 'debug'.",
        "description": "",
        "type": "log"
      },
      "body": {
        "pid": 25514,
        "tid": "Main Thread",
        "startTime": 3900140869747500
      },
      "additional": {
        "logType": "debug",
        "children": []
      }
    },
    {
      "head": {
        "id": "c6ddab08-73f4-43b6-8c72-b73f575657bd",
        "name": "Product 'default' build option: {}",
        "description": "",
        "type": "log"
      },
      "body": {
        "pid": 25514,
        "tid": "Main Thread",
        "startTime": 3900140869782166
      },
      "additional": {
        "logType": "debug",
        "children": []
      }
    },
    {
      "head": {
        "id": "d3ad0125-6127-4b3a-a182-f792993ae75a",
        "name": "End initialize project's product build option map with build mode 'debug'.",
        "description": "",
        "type": "log"
      },
      "body": {
        "pid": 25514,
        "tid": "Main Thread",
        "startTime": 3900140869800458
      },
      "additional": {
        "logType": "debug",
        "children": []
      }
    },
    {
      "head": {
        "id": "bef9b858-350d-4541-b6a0-e677f48117da",
        "name": "Module Part2Demo Collected Dependency: ",
        "description": "",
        "type": "log"
      },
      "body": {
        "pid": 25514,
        "tid": "Main Thread",
        "startTime": 3900140869985416
      },
      "additional": {
        "logType": "debug",
        "children": []
      }
    },
    {
      "head": {
        "id": "56621cc2-05a7-461f-990a-3ffaf07f4e9d",
        "name": "Module Part2Demo's total dependency: 0",
        "description": "",
        "type": "log"
      },
      "body": {
        "pid": 25514,
        "tid": "Main Thread",
        "startTime": 3900140870008125
      },
      "additional": {
        "logType": "debug",
        "children": []
      }
    },
    {
      "head": {
        "id": "85a136d6-ac7e-415a-918d-8a4d37977f9a",
        "name": "Product 'default' using build option: {\n  \"debuggable\": true\n} in this build.",
        "description": "",
        "type": "log"
      },
      "body": {
        "pid": 25514,
        "tid": "Main Thread",
        "startTime": 3900140871288750
      },
      "additional": {
        "logType": "debug",
        "children": []
      }
    },
    {
      "head": {
        "id": "14cb5377-6ac6-488c-8e8c-d2b0f696f340",
        "name": "Sdk init in 1 ms ",
        "description": "",
        "type": "log"
      },
      "body": {
        "pid": 25514,
        "tid": "Main Thread",
        "startTime": 3900140873116458
      },
      "additional": {
        "logType": "debug",
        "children": []
      }
    },
    {
      "head": {
        "id": "f2d39928-4ee1-4e64-b968-b471deb5c331",
        "name": "sdkVersion",
        "description": "4.1.0.52",
        "type": "mark"
      },
      "body": {
        "pid": 25514,
        "tid": "Main Thread",
        "startTime": 3900140873170166
      },
      "additional": {
        "time": {
          "year": 2024,
          "month": 3,
          "day": 20,
          "hour": 14,
          "minute": 37
        },
        "markType": "other"
      }
    },
    {
      "head": {
        "id": "9239902e-2d9d-4007-aabd-c1ee58a7325b",
        "name": "Project task initialization takes 4 ms ",
        "description": "",
        "type": "log"
      },
      "body": {
        "pid": 25514,
        "tid": "Main Thread",
        "startTime": 3900140876785500
      },
      "additional": {
        "logType": "debug",
        "children": []
      }
    },
    {
      "head": {
        "id": "5023de69-602f-4a18-86aa-f96e703693ae",
        "name": "Sdk init in 1 ms ",
        "description": "",
        "type": "log"
      },
      "body": {
        "pid": 25514,
        "tid": "Main Thread",
        "startTime": 3900140877544500
      },
      "additional": {
        "logType": "debug",
        "children": []
      }
    },
    {
      "head": {
        "id": "8a464433-2ccf-4461-9abe-a33a3d3eee74",
        "name": "project has submodules:entry",
        "description": "",
        "type": "log"
      },
      "body": {
        "pid": 25514,
        "tid": "Main Thread",
        "startTime": 3900140877994625
      },
      "additional": {
        "logType": "debug",
        "children": []
      }
    },
    {
      "head": {
        "id": "42a15a4e-a667-4ad6-aa96-302a42025472",
        "name": "Configuration phase cost:63 ms ",
        "description": "",
        "type": "log"
      },
      "body": {
        "pid": 25514,
        "tid": "Main Thread",
        "startTime": 3900140878264333
      },
      "additional": {
        "logType": "debug",
        "children": []
      }
    },
    {
      "head": {
        "id": "7fb19268-dff4-4a3e-8562-3972a9c53f68",
        "name": "init",
        "description": "",
        "type": "log"
      },
      "body": {
        "pid": 25514,
        "tid": "Main Thread",
        "startTime": 3900140811549125,
        "endTime": 3900140878557500
      },
      "additional": {
        "logType": "info",
        "children": [],
        "durationId": "f8139485-cf5c-4e66-a07b-738f5e10e046"
      }
    },
    {
      "head": {
        "id": "bb362413-9805-4164-bca2-f57ac4d5af88",
        "name": "Configuration task cost before running: 68 ms ",
        "description": "",
        "type": "log"
      },
      "body": {
        "pid": 25514,
        "tid": "Main Thread",
        "startTime": 3900140878641208
      },
      "additional": {
        "logType": "debug",
        "children": []
      }
    },
    {
      "head": {
        "id": "092af85b-7d4b-4e62-8e8f-ae69de4f96f8",
        "name": "entry:default@PreBuild",
        "description": "Pre-build in the stage model.",
        "type": "duration"
      },
      "body": {
        "pid": 25514,
        "tid": "Main Thread",
        "startTime": 3900140879817583,
        "endTime": 3900140880625916
      },
      "additional": {
        "children": [],
        "state": "success",
        "targetName": "default",
        "moduleName": "entry",
        "category": "Verification",
        "taskRunReasons": [],
        "detailId": "069bf604-f8e5-42ae-8b2a-b7fa4afc54a9",
        "logId": "bb651c8a-63b7-4c1f-a425-a5c6d79a7777"
      },
      "log": {
        "_logger": {
          "category": "DurationEvent",
          "context": {},
          "callStackSkipIndex": 0
        },
        "_filelogger": {
          "category": "debug-file",
          "context": {},
          "callStackSkipIndex": 0
        }
      }
    },
    {
      "head": {
        "id": "069bf604-f8e5-42ae-8b2a-b7fa4afc54a9",
        "name": "create entry:default@PreBuild task",
        "description": "",
        "type": "log"
      },
      "body": {
        "pid": 25514,
        "tid": "Main Thread",
        "startTime": 3900140878886500
      },
      "additional": {
        "logType": "detail",
        "children": [],
        "durationId": "092af85b-7d4b-4e62-8e8f-ae69de4f96f8"
      }
    },
    {
      "head": {
        "id": "011a5b76-d548-47c8-97b5-c73175851834",
        "name": "entry : default@PreBuild start {\n  rss: 152354816,\n  heapTotal: 112459776,\n  heapUsed: 95452936,\n  external: 1046552,\n  arrayBuffers: 112710\n}",
        "description": "",
        "type": "log"
      },
      "body": {
        "pid": 25514,
        "tid": "Main Thread",
        "startTime": 3900140879772541
      },
      "additional": {
        "logType": "debug",
        "children": []
      }
    },
    {
      "head": {
        "id": "2963b663-4ed4-4e3d-93b6-15455fb91baa",
        "name": "Executing task :entry:default@PreBuild",
        "description": "",
        "type": "log"
      },
      "body": {
        "pid": 25514,
        "tid": "Main Thread",
        "startTime": 3900140879823583
      },
      "additional": {
        "logType": "debug",
        "children": []
      }
    },
    {
      "head": {
        "id": "c9074e78-4cea-4f37-95bd-fd8d1a067602",
        "name": "Incremental task entry:default@PreBuild pre-execution cost: 1 ms .",
        "description": "",
        "type": "log"
      },
      "body": {
        "pid": 25514,
        "tid": "Main Thread",
        "startTime": 3900140880548416
      },
      "additional": {
        "logType": "debug",
        "children": []
      }
    },
    {
      "head": {
        "id": "be98fa44-80e1-4e85-8fc2-7e7ef197427d",
        "name": "entry : default@PreBuild end {\n  rss: 152666112,\n  heapTotal: 112459776,\n  heapUsed: 95590576,\n  external: 1046552,\n  arrayBuffers: 112710\n}",
        "description": "",
        "type": "log"
      },
      "body": {
        "pid": 25514,
        "tid": "Main Thread",
        "startTime": 3900140880595250
      },
      "additional": {
        "logType": "debug",
        "children": []
      }
    },
    {
      "head": {
        "id": "bb651c8a-63b7-4c1f-a425-a5c6d79a7777",
        "name": "UP-TO-DATE :entry:default@PreBuild",
        "description": "Pre-build in the stage model.",
        "type": "log"
      },
      "body": {
        "pid": 25514,
        "tid": "Main Thread",
        "startTime": 3900140879817583,
        "endTime": 3900140880625916
      },
      "additional": {
        "logType": "info",
        "children": [],
        "durationId": "092af85b-7d4b-4e62-8e8f-ae69de4f96f8"
      }
    },
    {
      "head": {
        "id": "55df72c1-b0ab-4ac3-b60a-143e46d5d209",
        "name": "entry:default@CreateBuildProfile",
        "description": "Create the BuildProfile.ets file for the HAP/HSP package.",
        "type": "duration"
      },
      "body": {
        "pid": 25514,
        "tid": "Main Thread",
        "startTime": 3900140881052541,
        "endTime": 3900140881719916
      },
      "additional": {
        "children": [],
        "state": "success",
        "targetName": "default",
        "moduleName": "entry",
        "category": "Generate",
        "taskRunReasons": [],
        "detailId": "d23dfa29-f6b1-443d-aa99-07ce7be6a372",
        "logId": "76495573-02bb-47f5-a7c0-84cf78450ff9"
      },
      "log": {
        "_logger": {
          "category": "DurationEvent",
          "context": {},
          "callStackSkipIndex": 0
        },
        "_filelogger": {
          "category": "debug-file",
          "context": {},
          "callStackSkipIndex": 0
        }
      }
    },
    {
      "head": {
        "id": "d23dfa29-f6b1-443d-aa99-07ce7be6a372",
        "name": "create entry:default@CreateBuildProfile task",
        "description": "",
        "type": "log"
      },
      "body": {
        "pid": 25514,
        "tid": "Main Thread",
        "startTime": 3900140880881083
      },
      "additional": {
        "logType": "detail",
        "children": [],
        "durationId": "55df72c1-b0ab-4ac3-b60a-143e46d5d209"
      }
    },
    {
      "head": {
        "id": "26713334-cfce-4596-a1c6-cefd7e362aed",
        "name": "entry : default@CreateBuildProfile start {\n  rss: 152846336,\n  heapTotal: 112459776,\n  heapUsed: 95764680,\n  external: 1046552,\n  arrayBuffers: 112710\n}",
        "description": "",
        "type": "log"
      },
      "body": {
        "pid": 25514,
        "tid": "Main Thread",
        "startTime": 3900140881021583
      },
      "additional": {
        "logType": "debug",
        "children": []
      }
    },
    {
      "head": {
        "id": "b7fedfc4-6645-4380-9cda-06228d5db853",
        "name": "Executing task :entry:default@CreateBuildProfile",
        "description": "",
        "type": "log"
      },
      "body": {
        "pid": 25514,
        "tid": "Main Thread",
        "startTime": 3900140881056875
      },
      "additional": {
        "logType": "debug",
        "children": []
      }
    },
    {
      "head": {
        "id": "7c7a2962-a85e-453e-bf3f-f10c88bd0668",
        "name": "Incremental task entry:default@CreateBuildProfile pre-execution cost: 1 ms .",
        "description": "",
        "type": "log"
      },
      "body": {
        "pid": 25514,
        "tid": "Main Thread",
        "startTime": 3900140881645291
      },
      "additional": {
        "logType": "debug",
        "children": []
      }
    },
    {
      "head": {
        "id": "cbae84e4-c862-4670-987a-fc9eeb189bc6",
        "name": "entry : default@CreateBuildProfile end {\n  rss: 152944640,\n  heapTotal: 112459776,\n  heapUsed: 95881352,\n  external: 1054744,\n  arrayBuffers: 120902\n}",
        "description": "",
        "type": "log"
      },
      "body": {
        "pid": 25514,
        "tid": "Main Thread",
        "startTime": 3900140881692416
      },
      "additional": {
        "logType": "debug",
        "children": []
      }
    },
    {
      "head": {
        "id": "76495573-02bb-47f5-a7c0-84cf78450ff9",
        "name": "UP-TO-DATE :entry:default@CreateBuildProfile",
        "description": "Create the BuildProfile.ets file for the HAP/HSP package.",
        "type": "log"
      },
      "body": {
        "pid": 25514,
        "tid": "Main Thread",
        "startTime": 3900140881052541,
        "endTime": 3900140881719916
      },
      "additional": {
        "logType": "info",
        "children": [],
        "durationId": "55df72c1-b0ab-4ac3-b60a-143e46d5d209"
      }
    },
    {
      "head": {
        "id": "d86a7648-6e42-4012-94a2-e809d89335a0",
        "name": "entry:default@GenerateLoaderJson",
        "description": "Generate loader.json in the stage model.",
        "type": "duration"
      },
      "body": {
        "pid": 25514,
        "tid": "Main Thread",
        "startTime": 3900140883047791,
        "endTime": 3900140883380041
      },
      "additional": {
        "children": [],
        "state": "success",
        "targetName": "default",
        "moduleName": "entry",
        "category": "Generate",
        "taskRunReasons": [],
        "detailId": "79c4c2a9-1176-4875-bf62-6e1bcfdc2c5c",
        "logId": "ea770344-ab72-45cd-8e43-1044f75c8641"
      },
      "log": {
        "_logger": {
          "category": "DurationEvent",
          "context": {},
          "callStackSkipIndex": 0
        },
        "_filelogger": {
          "category": "debug-file",
          "context": {},
          "callStackSkipIndex": 0
        }
      }
    },
    {
      "head": {
        "id": "79c4c2a9-1176-4875-bf62-6e1bcfdc2c5c",
        "name": "create entry:default@GenerateLoaderJson task",
        "description": "",
        "type": "log"
      },
      "body": {
        "pid": 25514,
        "tid": "Main Thread",
        "startTime": 3900140882057916
      },
      "additional": {
        "logType": "detail",
        "children": [],
        "durationId": "d86a7648-6e42-4012-94a2-e809d89335a0"
      }
    },
    {
      "head": {
        "id": "48d91ffb-687e-4238-88d9-9c3c7fccbf38",
        "name": "entry : default@GenerateLoaderJson start {\n  rss: 153305088,\n  heapTotal: 112459776,\n  heapUsed: 96191688,\n  external: 1062936,\n  arrayBuffers: 129094\n}",
        "description": "",
        "type": "log"
      },
      "body": {
        "pid": 25514,
        "tid": "Main Thread",
        "startTime": 3900140883015875
      },
      "additional": {
        "logType": "debug",
        "children": []
      }
    },
    {
      "head": {
        "id": "b6f4e612-6f72-4e0d-aca9-e7847d089e89",
        "name": "Executing task :entry:default@GenerateLoaderJson",
        "description": "",
        "type": "log"
      },
      "body": {
        "pid": 25514,
        "tid": "Main Thread",
        "startTime": 3900140883050916
      },
      "additional": {
        "logType": "debug",
        "children": []
      }
    },
    {
      "head": {
        "id": "6817ab4f-22eb-481c-9789-8c48fdf88317",
        "name": "Incremental task entry:default@GenerateLoaderJson pre-execution cost: 1 ms .",
        "description": "",
        "type": "log"
      },
      "body": {
        "pid": 25514,
        "tid": "Main Thread",
        "startTime": 3900140883310041
      },
      "additional": {
        "logType": "debug",
        "children": []
      }
    },
    {
      "head": {
        "id": "b93683af-442a-4349-bbc7-45841030ab0f",
        "name": "entry : default@GenerateLoaderJson end {\n  rss: 153387008,\n  heapTotal: 112459776,\n  heapUsed: 96262040,\n  external: 1062936,\n  arrayBuffers: 129094\n}",
        "description": "",
        "type": "log"
      },
      "body": {
        "pid": 25514,
        "tid": "Main Thread",
        "startTime": 3900140883345250
      },
      "additional": {
        "logType": "debug",
        "children": []
      }
    },
    {
      "head": {
        "id": "ea770344-ab72-45cd-8e43-1044f75c8641",
        "name": "UP-TO-DATE :entry:default@GenerateLoaderJson",
        "description": "Generate loader.json in the stage model.",
        "type": "log"
      },
      "body": {
        "pid": 25514,
        "tid": "Main Thread",
        "startTime": 3900140883047791,
        "endTime": 3900140883380041
      },
      "additional": {
        "logType": "info",
        "children": [],
        "durationId": "d86a7648-6e42-4012-94a2-e809d89335a0"
      }
    },
    {
      "head": {
        "id": "f52b6b5f-0ade-4dcd-8f92-1000fb75d329",
        "name": "entry:default@MergeProfile",
        "description": "Merge app config manifest files in the stage model.",
        "type": "duration"
      },
      "body": {
        "pid": 25514,
        "tid": "Main Thread",
        "startTime": 3900140883937000,
        "endTime": 3900140884269375
      },
      "additional": {
        "children": [],
        "state": "success",
        "targetName": "default",
        "moduleName": "entry",
        "category": "Config",
        "taskRunReasons": [],
        "detailId": "c969dbd4-54b3-48cc-957f-972675719aec",
        "logId": "0a7fc47b-4fa1-4ce7-9832-bdf8375676de"
      },
      "log": {
        "_logger": {
          "category": "DurationEvent",
          "context": {},
          "callStackSkipIndex": 0
        },
        "_filelogger": {
          "category": "debug-file",
          "context": {},
          "callStackSkipIndex": 0
        }
      }
    },
    {
      "head": {
        "id": "c969dbd4-54b3-48cc-957f-972675719aec",
        "name": "create entry:default@MergeProfile task",
        "description": "",
        "type": "log"
      },
      "body": {
        "pid": 25514,
        "tid": "Main Thread",
        "startTime": 3900140883617458
      },
      "additional": {
        "logType": "detail",
        "children": [],
        "durationId": "f52b6b5f-0ade-4dcd-8f92-1000fb75d329"
      }
    },
    {
      "head": {
        "id": "0ed3f57f-04d3-4a37-ab7f-38b5daead8c2",
        "name": "entry : default@MergeProfile start {\n  rss: 153550848,\n  heapTotal: 112459776,\n  heapUsed: 96429912,\n  external: 1062936,\n  arrayBuffers: 129094\n}",
        "description": "",
        "type": "log"
      },
      "body": {
        "pid": 25514,
        "tid": "Main Thread",
        "startTime": 3900140883908083
      },
      "additional": {
        "logType": "debug",
        "children": []
      }
    },
    {
      "head": {
        "id": "84dd2e7e-48b8-470a-9352-001b36871186",
        "name": "Executing task :entry:default@MergeProfile",
        "description": "",
        "type": "log"
      },
      "body": {
        "pid": 25514,
        "tid": "Main Thread",
        "startTime": 3900140883940791
      },
      "additional": {
        "logType": "debug",
        "children": []
      }
    },
    {
      "head": {
        "id": "8d102181-d707-40b2-b779-5ed0979c135e",
        "name": "Incremental task entry:default@MergeProfile pre-execution cost: 1 ms .",
        "description": "",
        "type": "log"
      },
      "body": {
        "pid": 25514,
        "tid": "Main Thread",
        "startTime": 3900140884204458
      },
      "additional": {
        "logType": "debug",
        "children": []
      }
    },
    {
      "head": {
        "id": "334868b5-788a-4367-8604-624a3846bf07",
        "name": "entry : default@MergeProfile end {\n  rss: 153649152,\n  heapTotal: 112459776,\n  heapUsed: 96509488,\n  external: 1062936,\n  arrayBuffers: 129094\n}",
        "description": "",
        "type": "log"
      },
      "body": {
        "pid": 25514,
        "tid": "Main Thread",
        "startTime": 3900140884237166
      },
      "additional": {
        "logType": "debug",
        "children": []
      }
    },
    {
      "head": {
        "id": "0a7fc47b-4fa1-4ce7-9832-bdf8375676de",
        "name": "UP-TO-DATE :entry:default@MergeProfile",
        "description": "Merge app config manifest files in the stage model.",
        "type": "log"
      },
      "body": {
        "pid": 25514,
        "tid": "Main Thread",
        "startTime": 3900140883937000,
        "endTime": 3900140884269375
      },
      "additional": {
        "logType": "info",
        "children": [],
        "durationId": "f52b6b5f-0ade-4dcd-8f92-1000fb75d329"
      }
    },
    {
      "head": {
        "id": "77b526b7-4ac4-43b3-945d-104be5778d87",
        "name": "entry:default@ProcessProfile",
        "description": "Process app config manifest files in the stage model.",
        "type": "duration"
      },
      "body": {
        "pid": 25514,
        "tid": "Main Thread",
        "startTime": 3900140885087375,
        "endTime": 3900140885353083
      },
      "additional": {
        "children": [],
        "state": "success",
        "targetName": "default",
        "moduleName": "entry",
        "category": "Config",
        "taskRunReasons": [],
        "detailId": "32ce28e7-3818-4235-b156-124572310c1a",
        "logId": "22d316c9-f868-4a06-a237-b772f17dff4b"
      },
      "log": {
        "_logger": {
          "category": "DurationEvent",
          "context": {},
          "callStackSkipIndex": 0
        },
        "_filelogger": {
          "category": "debug-file",
          "context": {},
          "callStackSkipIndex": 0
        }
      }
    },
    {
      "head": {
        "id": "32ce28e7-3818-4235-b156-124572310c1a",
        "name": "create entry:default@ProcessProfile task",
        "description": "",
        "type": "log"
      },
      "body": {
        "pid": 25514,
        "tid": "Main Thread",
        "startTime": 3900140884584958
      },
      "additional": {
        "logType": "detail",
        "children": [],
        "durationId": "77b526b7-4ac4-43b3-945d-104be5778d87"
      }
    },
    {
      "head": {
        "id": "5e59da03-fdf5-4aeb-a224-fcca12335aa2",
        "name": "entry : default@ProcessProfile start {\n  rss: 153911296,\n  heapTotal: 112459776,\n  heapUsed: 96691984,\n  external: 1071128,\n  arrayBuffers: 137286\n}",
        "description": "",
        "type": "log"
      },
      "body": {
        "pid": 25514,
        "tid": "Main Thread",
        "startTime": 3900140885044166
      },
      "additional": {
        "logType": "debug",
        "children": []
      }
    },
    {
      "head": {
        "id": "1f7943f1-3c75-4969-b0fd-29b323e84717",
        "name": "Executing task :entry:default@ProcessProfile",
        "description": "",
        "type": "log"
      },
      "body": {
        "pid": 25514,
        "tid": "Main Thread",
        "startTime": 3900140885090958
      },
      "additional": {
        "logType": "debug",
        "children": []
      }
    },
    {
      "head": {
        "id": "cb95390a-bc4b-44d1-abc8-20ce0b810cc6",
        "name": "Incremental task entry:default@ProcessProfile pre-execution cost: 1 ms .",
        "description": "",
        "type": "log"
      },
      "body": {
        "pid": 25514,
        "tid": "Main Thread",
        "startTime": 3900140885294708
      },
      "additional": {
        "logType": "debug",
        "children": []
      }
    },
    {
      "head": {
        "id": "6155db1e-078e-42b1-96d6-d80391243eb7",
        "name": "entry : default@ProcessProfile end {\n  rss: 153993216,\n  heapTotal: 112459776,\n  heapUsed: 96753696,\n  external: 1071128,\n  arrayBuffers: 137286\n}",
        "description": "",
        "type": "log"
      },
      "body": {
        "pid": 25514,
        "tid": "Main Thread",
        "startTime": 3900140885328291
      },
      "additional": {
        "logType": "debug",
        "children": []
      }
    },
    {
      "head": {
        "id": "22d316c9-f868-4a06-a237-b772f17dff4b",
        "name": "UP-TO-DATE :entry:default@ProcessProfile",
        "description": "Process app config manifest files in the stage model.",
        "type": "log"
      },
      "body": {
        "pid": 25514,
        "tid": "Main Thread",
        "startTime": 3900140885087375,
        "endTime": 3900140885353083
      },
      "additional": {
        "logType": "info",
        "children": [],
        "durationId": "77b526b7-4ac4-43b3-945d-104be5778d87"
      }
    },
    {
      "head": {
        "id": "ee7cadc6-e561-497c-83a4-80b1b90f363a",
        "name": "entry:default@PreviewProcessResource",
        "description": "Process preview resources incrementally in the stage model.",
        "type": "duration"
      },
      "body": {
        "pid": 25514,
        "tid": "Main Thread",
        "startTime": 3900140886383000,
        "endTime": 3900140887322125
      },
      "additional": {
        "children": [],
        "state": "success",
        "targetName": "default",
        "moduleName": "entry",
        "category": "Resources",
        "taskRunReasons": [],
        "detailId": "b638f235-bf82-48f4-8665-88276b1897b5",
        "logId": "cb448542-d22e-4d96-9b18-68b0d3fa562d"
      },
      "log": {
        "_logger": {
          "category": "DurationEvent",
          "context": {},
          "callStackSkipIndex": 0
        },
        "_filelogger": {
          "category": "debug-file",
          "context": {},
          "callStackSkipIndex": 0
        }
      }
    },
    {
      "head": {
        "id": "b638f235-bf82-48f4-8665-88276b1897b5",
        "name": "create entry:default@PreviewProcessResource task",
        "description": "",
        "type": "log"
      },
      "body": {
        "pid": 25514,
        "tid": "Main Thread",
        "startTime": 3900140885637416
      },
      "additional": {
        "logType": "detail",
        "children": [],
        "durationId": "ee7cadc6-e561-497c-83a4-80b1b90f363a"
      }
    },
    {
      "head": {
        "id": "050707dc-7f85-4412-8d18-fcd5aee39335",
        "name": "restool module names: entry; moduleName=entry, taskName=default@PreviewProcessResource",
        "description": "",
        "type": "log"
      },
      "body": {
        "pid": 25514,
        "tid": "Main Thread",
        "startTime": 3900140885969666
      },
      "additional": {
        "logType": "debug",
        "children": []
      }
    },
    {
      "head": {
        "id": "39dcd243-7a48-4db3-b970-697af3b9ad0b",
        "name": "entry : default@PreviewProcessResource start {\n  rss: 154222592,\n  heapTotal: 112459776,\n  heapUsed: 96979088,\n  external: 1071128,\n  arrayBuffers: 137286\n}",
        "description": "",
        "type": "log"
      },
      "body": {
        "pid": 25514,
        "tid": "Main Thread",
        "startTime": 3900140886356333
      },
      "additional": {
        "logType": "debug",
        "children": []
      }
    },
    {
      "head": {
        "id": "a34ee95c-9c38-40e7-847a-a3dc1aa03597",
        "name": "Executing task :entry:default@PreviewProcessResource",
        "description": "",
        "type": "log"
      },
      "body": {
        "pid": 25514,
        "tid": "Main Thread",
        "startTime": 3900140886791208
      },
      "additional": {
        "logType": "debug",
        "children": []
      }
    },
    {
      "head": {
        "id": "44b24f1a-0625-40cd-b7d2-57894a1697f0",
        "name": "entry : default@PreviewProcessResource end {\n  rss: 154370048,\n  heapTotal: 112459776,\n  heapUsed: 97079104,\n  external: 1079320,\n  arrayBuffers: 145478\n}",
        "description": "",
        "type": "log"
      },
      "body": {
        "pid": 25514,
        "tid": "Main Thread",
        "startTime": 3900140886880916
      },
      "additional": {
        "logType": "debug",
        "children": []
      }
    },
    {
      "head": {
        "id": "f042a4fb-6001-4eb6-9e01-4d79aa5beee9",
        "name": "runTaskFromQueue task cost before running: 76 ms ",
        "description": "",
        "type": "log"
      },
      "body": {
        "pid": 25514,
        "tid": "Main Thread",
        "startTime": 3900140887296125
      },
      "additional": {
        "logType": "debug",
        "children": []
      }
    },
    {
      "head": {
        "id": "cb448542-d22e-4d96-9b18-68b0d3fa562d",
        "name": "Finished :entry:default@PreviewProcessResource",
        "description": "Process preview resources incrementally in the stage model.",
        "type": "log"
      },
      "body": {
        "pid": 25514,
        "tid": "Main Thread",
        "startTime": 3900140886383000,
        "endTime": 3900140887322125
      },
      "additional": {
        "logType": "info",
        "children": [],
        "durationId": "ee7cadc6-e561-497c-83a4-80b1b90f363a"
      }
    },
    {
      "head": {
        "id": "b9ff6c57-a508-4698-b17d-cb915316390b",
        "name": "entry:default@PreviewCompileResource",
        "description": "Use Preview to compile project resources in the stage model.",
        "type": "duration"
      },
      "body": {
        "pid": 25514,
        "tid": "Main Thread",
        "startTime": 3900140888860333,
        "endTime": 3900140891219958
      },
      "additional": {
        "children": [],
        "state": "success",
        "targetName": "default",
        "moduleName": "entry",
        "category": "Resources",
        "taskRunReasons": [],
        "detailId": "04c5fca4-087c-4f3b-a48d-1f33b4997337",
        "logId": "b65348c7-44c4-4780-8b0d-0e6800d20ea4"
      },
      "log": {
        "_logger": {
          "category": "DurationEvent",
          "context": {},
          "callStackSkipIndex": 0
        },
        "_filelogger": {
          "category": "debug-file",
          "context": {},
          "callStackSkipIndex": 0
        }
      }
    },
    {
      "head": {
        "id": "04c5fca4-087c-4f3b-a48d-1f33b4997337",
        "name": "create entry:default@PreviewCompileResource task",
        "description": "",
        "type": "log"
      },
      "body": {
        "pid": 25514,
        "tid": "Main Thread",
        "startTime": 3900140888021291
      },
      "additional": {
        "logType": "detail",
        "children": [],
        "durationId": "b9ff6c57-a508-4698-b17d-cb915316390b"
      }
    },
    {
      "head": {
        "id": "3de48b3b-9093-40d0-a26c-f4b7b223a286",
        "name": "restool module names: entry; moduleName=entry, taskName=default@PreviewCompileResource",
        "description": "",
        "type": "log"
      },
      "body": {
        "pid": 25514,
        "tid": "Main Thread",
        "startTime": 3900140888444833
      },
      "additional": {
        "logType": "debug",
        "children": []
      }
    },
    {
      "head": {
        "id": "3496cb4e-5565-4b5c-9894-f69e440c7106",
        "name": "entry : default@PreviewCompileResource start {\n  rss: 154796032,\n  heapTotal: 112459776,\n  heapUsed: 97499440,\n  external: 1087512,\n  arrayBuffers: 153670\n}",
        "description": "",
        "type": "log"
      },
      "body": {
        "pid": 25514,
        "tid": "Main Thread",
        "startTime": 3900140888823791
      },
      "additional": {
        "logType": "debug",
        "children": []
      }
    },
    {
      "head": {
        "id": "c4127640-fbec-4ac1-842f-323c1e2a7c59",
        "name": "Executing task :entry:default@PreviewCompileResource",
        "description": "",
        "type": "log"
      },
      "body": {
        "pid": 25514,
        "tid": "Main Thread",
        "startTime": 3900140888872083
      },
      "additional": {
        "logType": "debug",
        "children": []
      }
    },
    {
      "head": {
        "id": "67c3d8dd-d819-46fc-b33e-c56990d63745",
        "name": "Incremental task entry:default@PreviewCompileResource pre-execution cost: 3 ms .",
        "description": "",
        "type": "log"
      },
      "body": {
        "pid": 25514,
        "tid": "Main Thread",
        "startTime": 3900140891080875
      },
      "additional": {
        "logType": "debug",
        "children": []
      }
    },
    {
      "head": {
        "id": "9b9ee2db-04f7-4773-ad77-6c831a7f0aa2",
        "name": "entry : default@PreviewCompileResource end {\n  rss: 155140096,\n  heapTotal: 112459776,\n  heapUsed: 97862624,\n  external: 1095704,\n  arrayBuffers: 161862\n}",
        "description": "",
        "type": "log"
      },
      "body": {
        "pid": 25514,
        "tid": "Main Thread",
        "startTime": 3900140891175458
      },
      "additional": {
        "logType": "debug",
        "children": []
      }
    },
    {
      "head": {
        "id": "b65348c7-44c4-4780-8b0d-0e6800d20ea4",
        "name": "UP-TO-DATE :entry:default@PreviewCompileResource",
        "description": "Use Preview to compile project resources in the stage model.",
        "type": "log"
      },
      "body": {
        "pid": 25514,
        "tid": "Main Thread",
        "startTime": 3900140888860333,
        "endTime": 3900140891219958
      },
      "additional": {
        "logType": "info",
        "children": [],
        "durationId": "b9ff6c57-a508-4698-b17d-cb915316390b"
      }
    },
    {
      "head": {
        "id": "e7845a65-8a5c-45da-8d64-6d160ad8773f",
        "name": "entry:default@PreviewHookCompileResource",
        "description": "Add a hook task for compiling preview resources.",
        "type": "duration"
      },
      "body": {
        "pid": 25514,
        "tid": "Main Thread",
        "startTime": 3900140891848875,
        "endTime": 3900140892111041
      },
      "additional": {
        "children": [],
        "state": "success",
        "targetName": "default",
        "moduleName": "entry",
        "category": "Hook",
        "taskRunReasons": [],
        "detailId": "87e12f75-dc78-435a-aebf-7ac0f793a86b",
        "logId": "a18ed551-d0f6-47b3-8a7f-4d33f55b742d"
      },
      "log": {
        "_logger": {
          "category": "DurationEvent",
          "context": {},
          "callStackSkipIndex": 0
        },
        "_filelogger": {
          "category": "debug-file",
          "context": {},
          "callStackSkipIndex": 0
        }
      }
    },
    {
      "head": {
        "id": "87e12f75-dc78-435a-aebf-7ac0f793a86b",
        "name": "create entry:default@PreviewHookCompileResource task",
        "description": "",
        "type": "log"
      },
      "body": {
        "pid": 25514,
        "tid": "Main Thread",
        "startTime": 3900140891728000
      },
      "additional": {
        "logType": "detail",
        "children": [],
        "durationId": "e7845a65-8a5c-45da-8d64-6d160ad8773f"
      }
    },
    {
      "head": {
        "id": "68fdde42-9669-4d9d-885e-4202945f84b7",
        "name": "entry : default@PreviewHookCompileResource start {\n  rss: 155303936,\n  heapTotal: 112459776,\n  heapUsed: 98007056,\n  external: 1095704,\n  arrayBuffers: 161862\n}",
        "description": "",
        "type": "log"
      },
      "body": {
        "pid": 25514,
        "tid": "Main Thread",
        "startTime": 3900140891811416
      },
      "additional": {
        "logType": "debug",
        "children": []
      }
    },
    {
      "head": {
        "id": "d6074e3d-a78c-48f0-9b88-159896b60f6a",
        "name": "Executing task :entry:default@PreviewHookCompileResource",
        "description": "",
        "type": "log"
      },
      "body": {
        "pid": 25514,
        "tid": "Main Thread",
        "startTime": 3900140891853416
      },
      "additional": {
        "logType": "debug",
        "children": []
      }
    },
    {
      "head": {
        "id": "61d8586d-e722-4aa3-85c6-33a0963285c1",
        "name": "entry : default@PreviewHookCompileResource end {\n  rss: 155336704,\n  heapTotal: 112459776,\n  heapUsed: 98033536,\n  external: 1095704,\n  arrayBuffers: 161862\n}",
        "description": "",
        "type": "log"
      },
      "body": {
        "pid": 25514,
        "tid": "Main Thread",
        "startTime": 3900140892029666
      },
      "additional": {
        "logType": "debug",
        "children": []
      }
    },
    {
      "head": {
        "id": "9c09814d-168a-4981-a64a-cb8ccbd4f24a",
        "name": "runTaskFromQueue task cost before running: 81 ms ",
        "description": "",
        "type": "log"
      },
      "body": {
        "pid": 25514,
        "tid": "Main Thread",
        "startTime": 3900140892086250
      },
      "additional": {
        "logType": "debug",
        "children": []
      }
    },
    {
      "head": {
        "id": "a18ed551-d0f6-47b3-8a7f-4d33f55b742d",
        "name": "Finished :entry:default@PreviewHookCompileResource",
        "description": "Add a hook task for compiling preview resources.",
        "type": "log"
      },
      "body": {
        "pid": 25514,
        "tid": "Main Thread",
        "startTime": 3900140891848875,
        "endTime": 3900140892111041
      },
      "additional": {
        "logType": "info",
        "children": [],
        "durationId": "e7845a65-8a5c-45da-8d64-6d160ad8773f"
      }
    },
    {
      "head": {
        "id": "43151e12-08e1-40f7-8d37-45b512fbd142",
        "name": "entry:default@CopyPreviewProfile",
        "description": "Copy preview profile.",
        "type": "duration"
      },
      "body": {
        "pid": 25514,
        "tid": "Main Thread",
        "startTime": 3900140892555916,
        "endTime": 3900140892884041
      },
      "additional": {
        "children": [],
        "state": "success",
        "targetName": "default",
        "moduleName": "entry",
        "category": "Other",
        "taskRunReasons": [],
        "detailId": "c6e50d1f-ccb3-474b-a7d5-164aaf1e7a19",
        "logId": "9ae0cc32-0ca3-452d-a9ad-4ef85c4e9333"
      },
      "log": {
        "_logger": {
          "category": "DurationEvent",
          "context": {},
          "callStackSkipIndex": 0
        },
        "_filelogger": {
          "category": "debug-file",
          "context": {},
          "callStackSkipIndex": 0
        }
      }
    },
    {
      "head": {
        "id": "c6e50d1f-ccb3-474b-a7d5-164aaf1e7a19",
        "name": "create entry:default@CopyPreviewProfile task",
        "description": "",
        "type": "log"
      },
      "body": {
        "pid": 25514,
        "tid": "Main Thread",
        "startTime": 3900140892319208
      },
      "additional": {
        "logType": "detail",
        "children": [],
        "durationId": "43151e12-08e1-40f7-8d37-45b512fbd142"
      }
    },
    {
      "head": {
        "id": "e745a8fa-f19d-4ee0-a086-45332118097b",
        "name": "entry : default@CopyPreviewProfile start {\n  rss: 155500544,\n  heapTotal: 112459776,\n  heapUsed: 98195392,\n  external: 1095704,\n  arrayBuffers: 161862\n}",
        "description": "",
        "type": "log"
      },
      "body": {
        "pid": 25514,
        "tid": "Main Thread",
        "startTime": 3900140892525625
      },
      "additional": {
        "logType": "debug",
        "children": []
      }
    },
    {
      "head": {
        "id": "eb7fd365-e2a4-421c-bcc4-b90312c18971",
        "name": "Executing task :entry:default@CopyPreviewProfile",
        "description": "",
        "type": "log"
      },
      "body": {
        "pid": 25514,
        "tid": "Main Thread",
        "startTime": 3900140892559666
      },
      "additional": {
        "logType": "debug",
        "children": []
      }
    },
    {
      "head": {
        "id": "e78013e1-411c-4782-a96a-51eafb02abc8",
        "name": "Incremental task entry:default@CopyPreviewProfile pre-execution cost: 1 ms .",
        "description": "",
        "type": "log"
      },
      "body": {
        "pid": 25514,
        "tid": "Main Thread",
        "startTime": 3900140892822041
      },
      "additional": {
        "logType": "debug",
        "children": []
      }
    },
    {
      "head": {
        "id": "b88fa8f6-f25a-460c-b4ab-6991c2ee0e7e",
        "name": "entry : default@CopyPreviewProfile end {\n  rss: 155566080,\n  heapTotal: 112459776,\n  heapUsed: 98267376,\n  external: 1095704,\n  arrayBuffers: 161862\n}",
        "description": "",
        "type": "log"
      },
      "body": {
        "pid": 25514,
        "tid": "Main Thread",
        "startTime": 3900140892857583
      },
      "additional": {
        "logType": "debug",
        "children": []
      }
    },
    {
      "head": {
        "id": "9ae0cc32-0ca3-452d-a9ad-4ef85c4e9333",
        "name": "UP-TO-DATE :entry:default@CopyPreviewProfile",
        "description": "Copy preview profile.",
        "type": "log"
      },
      "body": {
        "pid": 25514,
        "tid": "Main Thread",
        "startTime": 3900140892555916,
        "endTime": 3900140892884041
      },
      "additional": {
        "logType": "info",
        "children": [],
        "durationId": "43151e12-08e1-40f7-8d37-45b512fbd142"
      }
    },
    {
      "head": {
        "id": "4578ccba-485c-48e8-a491-8a13f4554254",
        "name": "entry:default@ReplacePreviewerPage",
        "description": "Accept previewer arguments, then use them to replace the ones in the page file.",
        "type": "duration"
      },
      "body": {
        "pid": 25514,
        "tid": "Main Thread",
        "startTime": 3900140893225958,
        "endTime": 3900140893609750
      },
      "additional": {
        "children": [],
        "state": "success",
        "targetName": "default",
        "moduleName": "entry",
        "category": "Other",
        "taskRunReasons": [],
        "detailId": "c2da08a5-813a-4c14-90f6-9dc6a201a0d3",
        "logId": "608f9763-40ea-44b0-b6f3-a240d0e05296"
      },
      "log": {
        "_logger": {
          "category": "DurationEvent",
          "context": {},
          "callStackSkipIndex": 0
        },
        "_filelogger": {
          "category": "debug-file",
          "context": {},
          "callStackSkipIndex": 0
        }
      }
    },
    {
      "head": {
        "id": "c2da08a5-813a-4c14-90f6-9dc6a201a0d3",
        "name": "create entry:default@ReplacePreviewerPage task",
        "description": "",
        "type": "log"
      },
      "body": {
        "pid": 25514,
        "tid": "Main Thread",
        "startTime": 3900140893088333
      },
      "additional": {
        "logType": "detail",
        "children": [],
        "durationId": "4578ccba-485c-48e8-a491-8a13f4554254"
      }
    },
    {
      "head": {
        "id": "2f78db43-af38-41b9-9d3d-63549277a9e0",
        "name": "entry : default@ReplacePreviewerPage start {\n  rss: 155746304,\n  heapTotal: 112459776,\n  heapUsed: 98437544,\n  external: 1095704,\n  arrayBuffers: 161862\n}",
        "description": "",
        "type": "log"
      },
      "body": {
        "pid": 25514,
        "tid": "Main Thread",
        "startTime": 3900140893195666
      },
      "additional": {
        "logType": "debug",
        "children": []
      }
    },
    {
      "head": {
        "id": "48d6439e-27a6-4082-ac0d-511e017d24de",
        "name": "Executing task :entry:default@ReplacePreviewerPage",
        "description": "",
        "type": "log"
      },
      "body": {
        "pid": 25514,
        "tid": "Main Thread",
        "startTime": 3900140893229166
      },
      "additional": {
        "logType": "debug",
        "children": []
      }
    },
    {
      "head": {
        "id": "72b9b7a5-f24a-4387-a8ec-aea4db7373d3",
        "name": "entry : default@ReplacePreviewerPage end {\n  rss: 155811840,\n  heapTotal: 112459776,\n  heapUsed: 98486144,\n  external: 1095704,\n  arrayBuffers: 161862\n}",
        "description": "",
        "type": "log"
      },
      "body": {
        "pid": 25514,
        "tid": "Main Thread",
        "startTime": 3900140893542291
      },
      "additional": {
        "logType": "debug",
        "children": []
      }
    },
    {
      "head": {
        "id": "e86e5224-bc11-4f34-bdbc-0ddfd432b3e7",
        "name": "runTaskFromQueue task cost before running: 83 ms ",
        "description": "",
        "type": "log"
      },
      "body": {
        "pid": 25514,
        "tid": "Main Thread",
        "startTime": 3900140893581333
      },
      "additional": {
        "logType": "debug",
        "children": []
      }
    },
    {
      "head": {
        "id": "608f9763-40ea-44b0-b6f3-a240d0e05296",
        "name": "Finished :entry:default@ReplacePreviewerPage",
        "description": "Accept previewer arguments, then use them to replace the ones in the page file.",
        "type": "log"
      },
      "body": {
        "pid": 25514,
        "tid": "Main Thread",
        "startTime": 3900140893225958,
        "endTime": 3900140893609750
      },
      "additional": {
        "logType": "info",
        "children": [],
        "durationId": "4578ccba-485c-48e8-a491-8a13f4554254"
      }
    },
    {
      "head": {
        "id": "bc6866cc-ed79-465c-bcb0-9f50b30edc7b",
        "name": "entry:buildPreviewerResource",
        "description": "Build the preview resources.",
        "type": "duration"
      },
      "body": {
        "pid": 25514,
        "tid": "Main Thread",
        "startTime": 3900140893867250,
        "endTime": 3900140893948000
      },
      "additional": {
        "children": [],
        "state": "success",
        "targetName": "",
        "moduleName": "entry",
        "category": "Hook",
        "taskRunReasons": [],
        "detailId": "ff4845a2-5efa-4659-a54c-cabd24ac05b1",
        "logId": "67c5d909-de07-48ec-b6b1-a18164a71840"
      },
      "log": {
        "_logger": {
          "category": "DurationEvent",
          "context": {},
          "callStackSkipIndex": 0
        },
        "_filelogger": {
          "category": "debug-file",
          "context": {},
          "callStackSkipIndex": 0
        }
      }
    },
    {
      "head": {
        "id": "ff4845a2-5efa-4659-a54c-cabd24ac05b1",
        "name": "create entry:buildPreviewerResource task",
        "description": "",
        "type": "log"
      },
      "body": {
        "pid": 25514,
        "tid": "Main Thread",
        "startTime": 3900140893812125
      },
      "additional": {
        "logType": "detail",
        "children": [],
        "durationId": "bc6866cc-ed79-465c-bcb0-9f50b30edc7b"
      }
    },
    {
      "head": {
        "id": "c3e49e13-a3e6-44d9-a597-764cd128289f",
        "name": "entry : buildPreviewerResource start {\n  rss: 155975680,\n  heapTotal: 112459776,\n  heapUsed: 98626896,\n  external: 1095704,\n  arrayBuffers: 161862\n}",
        "description": "",
        "type": "log"
      },
      "body": {
        "pid": 25514,
        "tid": "Main Thread",
        "startTime": 3900140893842625
      },
      "additional": {
        "logType": "debug",
        "children": []
      }
    },
    {
      "head": {
        "id": "754edf35-ae09-49d8-978a-5379a1f2bef9",
        "name": "Executing task :entry:buildPreviewerResource",
        "description": "",
        "type": "log"
      },
      "body": {
        "pid": 25514,
        "tid": "Main Thread",
        "startTime": 3900140893870625
      },
      "additional": {
        "logType": "debug",
        "children": []
      }
    },
    {
      "head": {
        "id": "7831a5e3-ac75-4c0f-8f67-8a31bec2e751",
        "name": "entry : buildPreviewerResource end {\n  rss: 155992064,\n  heapTotal: 112459776,\n  heapUsed: 98651216,\n  external: 1095704,\n  arrayBuffers: 161862\n}",
        "description": "",
        "type": "log"
      },
      "body": {
        "pid": 25514,
        "tid": "Main Thread",
        "startTime": 3900140893899333
      },
      "additional": {
        "logType": "debug",
        "children": []
      }
    },
    {
      "head": {
        "id": "3bdb05a4-2d00-431a-8637-cd5d05c429e9",
        "name": "runTaskFromQueue task cost before running: 83 ms ",
        "description": "",
        "type": "log"
      },
      "body": {
        "pid": 25514,
        "tid": "Main Thread",
        "startTime": 3900140893930416
      },
      "additional": {
        "logType": "debug",
        "children": []
      }
    },
    {
      "head": {
        "id": "67c5d909-de07-48ec-b6b1-a18164a71840",
        "name": "Finished :entry:buildPreviewerResource",
        "description": "Build the preview resources.",
        "type": "log"
      },
      "body": {
        "pid": 25514,
        "tid": "Main Thread",
        "startTime": 3900140893867250,
        "endTime": 3900140893948000
      },
      "additional": {
        "logType": "info",
        "children": [],
        "durationId": "bc6866cc-ed79-465c-bcb0-9f50b30edc7b"
      }
    },
    {
      "head": {
        "id": "ebbdfb17-f5f7-4c14-ba68-d74ceb8464f6",
        "name": "entry:default@PreviewUpdateAssets",
        "description": "Update main_pages.json and module.json before PreviewBuild.",
        "type": "duration"
      },
      "body": {
        "pid": 25514,
        "tid": "Main Thread",
        "startTime": 3900140894262208,
        "endTime": 3900140894870000
      },
      "additional": {
        "children": [],
        "state": "success",
        "targetName": "default",
        "moduleName": "entry",
        "category": "Config",
        "taskRunReasons": [],
        "detailId": "300871a8-8d95-440c-81c7-7bcdaf626b52",
        "logId": "fa189d00-ea40-4cbf-b34b-ed8c458003ba"
      },
      "log": {
        "_logger": {
          "category": "DurationEvent",
          "context": {},
          "callStackSkipIndex": 0
        },
        "_filelogger": {
          "category": "debug-file",
          "context": {},
          "callStackSkipIndex": 0
        }
      }
    },
    {
      "head": {
        "id": "300871a8-8d95-440c-81c7-7bcdaf626b52",
        "name": "create entry:default@PreviewUpdateAssets task",
        "description": "",
        "type": "log"
      },
      "body": {
        "pid": 25514,
        "tid": "Main Thread",
        "startTime": 3900140894126083
      },
      "additional": {
        "logType": "detail",
        "children": [],
        "durationId": "ebbdfb17-f5f7-4c14-ba68-d74ceb8464f6"
      }
    },
    {
      "head": {
        "id": "b82aaa34-1fd0-4256-96df-5054c1622eed",
        "name": "entry : default@PreviewUpdateAssets start {\n  rss: 156188672,\n  heapTotal: 112459776,\n  heapUsed: 98838888,\n  external: 1095704,\n  arrayBuffers: 161862\n}",
        "description": "",
        "type": "log"
      },
      "body": {
        "pid": 25514,
        "tid": "Main Thread",
        "startTime": 3900140894229916
      },
      "additional": {
        "logType": "debug",
        "children": []
      }
    },
    {
      "head": {
        "id": "016b6874-0477-4444-a769-85e569ca623c",
        "name": "Executing task :entry:default@PreviewUpdateAssets",
        "description": "",
        "type": "log"
      },
      "body": {
        "pid": 25514,
        "tid": "Main Thread",
        "startTime": 3900140894265500
      },
      "additional": {
        "logType": "debug",
        "children": []
      }
    },
    {
      "head": {
        "id": "1268d61b-fe25-4f4f-a255-dcda8014d813",
        "name": "Incremental task entry:default@PreviewUpdateAssets pre-execution cost: 1 ms .",
        "description": "",
        "type": "log"
      },
      "body": {
        "pid": 25514,
        "tid": "Main Thread",
        "startTime": 3900140894795208
      },
      "additional": {
        "logType": "debug",
        "children": []
      }
    },
    {
      "head": {
        "id": "7a3c4ac0-b1f1-4913-94fb-1e15ec441900",
        "name": "entry : default@PreviewUpdateAssets end {\n  rss: 156368896,\n  heapTotal: 112459776,\n  heapUsed: 98937776,\n  external: 1103896,\n  arrayBuffers: 170054\n}",
        "description": "",
        "type": "log"
      },
      "body": {
        "pid": 25514,
        "tid": "Main Thread",
        "startTime": 3900140894842125
      },
      "additional": {
        "logType": "debug",
        "children": []
      }
    },
    {
      "head": {
        "id": "fa189d00-ea40-4cbf-b34b-ed8c458003ba",
        "name": "UP-TO-DATE :entry:default@PreviewUpdateAssets",
        "description": "Update main_pages.json and module.json before PreviewBuild.",
        "type": "log"
      },
      "body": {
        "pid": 25514,
        "tid": "Main Thread",
        "startTime": 3900140894262208,
        "endTime": 3900140894870000
      },
      "additional": {
        "logType": "info",
        "children": [],
        "durationId": "ebbdfb17-f5f7-4c14-ba68-d74ceb8464f6"
      }
    },
    {
      "head": {
        "id": "5359f43b-4c5e-4099-8bbb-4fa730fcff46",
        "name": "entry:default@PreviewArkTS",
        "description": "Compile ArkTS components on preview in the stage model.",
        "type": "duration"
      },
      "body": {
        "pid": 25514,
        "tid": "Main Thread",
        "startTime": 3900140897104125,
        "endTime": 3900146038763000
      },
      "additional": {
        "children": [
          "d84adf39-3229-48e2-9afb-079e702d4c5e"
        ],
        "state": "success",
        "targetName": "default",
        "moduleName": "entry",
        "category": "Generate",
        "taskRunReasons": [
          "The output file '/Users/jepson/Desktop/Harmony/projects/Part2Demo/entry/.preview/default/intermediates/loader_out/default/ets' does not exist."
        ],
        "detailId": "86eb9e1b-6cd0-4020-a806-3fa87fdb7d9b",
        "logId": "2db77b6d-b7c1-4756-aae2-88f5e961dabc"
      },
      "log": {
        "_logger": {
          "category": "DurationEvent",
          "context": {},
          "callStackSkipIndex": 0
        },
        "_filelogger": {
          "category": "debug-file",
          "context": {},
          "callStackSkipIndex": 0
        }
      }
    },
    {
      "head": {
        "id": "86eb9e1b-6cd0-4020-a806-3fa87fdb7d9b",
        "name": "create entry:default@PreviewArkTS task",
        "description": "",
        "type": "log"
      },
      "body": {
        "pid": 25514,
        "tid": "Main Thread",
        "startTime": 3900140895153041
      },
      "additional": {
        "logType": "detail",
        "children": [],
        "durationId": "5359f43b-4c5e-4099-8bbb-4fa730fcff46"
      }
    },
    {
      "head": {
        "id": "5cef6357-7956-4aab-b1d4-f051cdd531c5",
        "name": "entry : default@PreviewArkTS start {\n  rss: 158236672,\n  heapTotal: 114556928,\n  heapUsed: 93320832,\n  external: 1030168,\n  arrayBuffers: 96326\n}",
        "description": "",
        "type": "log"
      },
      "body": {
        "pid": 25514,
        "tid": "Main Thread",
        "startTime": 3900140897048541
      },
      "additional": {
        "logType": "debug",
        "children": []
      }
    },
    {
      "head": {
        "id": "ff6dd1fb-7ece-473f-b91d-83294fa73075",
        "name": "Executing task :entry:default@PreviewArkTS",
        "description": "",
        "type": "log"
      },
      "body": {
        "pid": 25514,
        "tid": "Main Thread",
        "startTime": 3900140897107375
      },
      "additional": {
        "logType": "debug",
        "children": []
      }
    },
    {
      "head": {
        "id": "b6064bca-89ef-40b0-8c74-9154387ccb7c",
        "name": "Obfuscation config only effect in release mode.",
        "description": "",
        "type": "log"
      },
      "body": {
        "pid": 25514,
        "tid": "Main Thread",
        "startTime": 3900140897670041
      },
      "additional": {
        "logType": "debug",
        "children": []
      }
    },
    {
      "head": {
        "id": "60e4cbd5-f782-48fc-8dfe-902c5c4d5649",
        "name": "entry:default@PreviewArkTS is not up-to-date, since the output file '/Users/jepson/Desktop/Harmony/projects/Part2Demo/entry/.preview/default/intermediates/loader_out/default/ets' does not exist.",
        "description": "",
        "type": "log"
      },
      "body": {
        "pid": 25514,
        "tid": "Main Thread",
        "startTime": 3900140898952500
      },
      "additional": {
        "logType": "debug",
        "children": []
      }
    },
    {
      "head": {
        "id": "cac630bb-de3d-4734-8a5f-47ed6e5e7027",
        "name": "Incremental task entry:default@PreviewArkTS pre-execution cost: 2 ms .",
        "description": "",
        "type": "log"
      },
      "body": {
        "pid": 25514,
        "tid": "Main Thread",
        "startTime": 3900140898998583
      },
      "additional": {
        "logType": "debug",
        "children": []
      }
    },
    {
      "head": {
        "id": "d84adf39-3229-48e2-9afb-079e702d4c5e",
        "name": "entry:default@PreviewArkTS",
        "description": "Compile ArkTS components on preview in the stage model.",
        "type": "duration"
      },
      "body": {
        "pid": 25514,
        "tid": "Worker2",
        "startTime": 3900140901176000,
        "endTime": 3900146038217375
      },
      "additional": {
        "children": [
          "ea03b509-99db-483e-8d44-6bf1920918ea",
          "8ca07d92-9fa3-46dd-a3ab-1c7bcaf4199e",
          "f3efd461-ca97-4124-a728-a393bb4c7f6b"
        ],
        "state": "success",
        "targetName": "default",
        "moduleName": "entry",
        "category": "",
        "taskRunReasons": [],
        "parent": "5359f43b-4c5e-4099-8bbb-4fa730fcff46",
        "logId": "ad0d0663-f726-418a-9648-5119c8b1390a"
      },
      "log": {
        "_logger": {
          "category": "DurationEvent",
          "context": {},
          "callStackSkipIndex": 0
        },
        "_filelogger": {
          "category": "debug-file",
          "context": {},
          "callStackSkipIndex": 0
        }
      }
    },
    {
      "head": {
        "id": "e9c6f87c-30e9-48e9-9aba-b4f44d0c58ca",
        "name": "entry : default@PreviewArkTS end {\n  rss: 159072256,\n  heapTotal: 114556928,\n  heapUsed: 94156560,\n  external: 1046552,\n  arrayBuffers: 112710\n}",
        "description": "",
        "type": "log"
      },
      "body": {
        "pid": 25514,
        "tid": "Main Thread",
        "startTime": 3900140901241916
      },
      "additional": {
        "logType": "debug",
        "children": []
      }
    },
    {
      "head": {
        "id": "e5488f1a-3316-4641-bd44-0f5c0ef1a2b4",
        "name": "watch worker: send response to session manager. Response type: WatchStart",
        "description": "",
        "type": "log"
      },
      "body": {
        "pid": 25514,
        "tid": "Main Thread",
        "startTime": 3900142003030958
      },
      "additional": {
        "logType": "debug",
        "children": []
      }
    },
    {
      "head": {
        "id": "78093dab-269c-4d10-8ea7-bed3d7a81d99",
        "name": "watch worker: send response to session manager. Response type: WatchResult",
        "description": "",
        "type": "log"
      },
      "body": {
        "pid": 25514,
        "tid": "Main Thread",
        "startTime": 3900146037791458
      },
      "additional": {
        "logType": "debug",
        "children": []
      }
    },
    {
      "head": {
        "id": "00d87d03-9559-42f8-99b3-73a81534fcc0",
        "name": "watch worker: send response to session manager. Response type: WatchResult",
        "description": "",
        "type": "log"
      },
      "body": {
        "pid": 25514,
        "tid": "Main Thread",
        "startTime": 3900146037930541
      },
      "additional": {
        "logType": "debug",
        "children": []
      }
    },
    {
      "head": {
        "id": "ad0d0663-f726-418a-9648-5119c8b1390a",
        "name": "entry:default@PreviewArkTS",
        "description": "",
        "type": "log"
      },
      "body": {
        "pid": 25514,
        "tid": "Worker2",
        "startTime": 3900140901176000,
        "endTime": 3900146038217375
      },
      "additional": {
        "logType": "info",
        "children": [
          "daf94acd-d1ee-4d94-b1bb-ab7fa4447a07",
          "1b163fc4-324c-41f3-8a89-a95243aa8e80",
          "4ed6c1b7-9e42-43eb-9de8-53edab7e6677"
        ],
        "durationId": "d84adf39-3229-48e2-9afb-079e702d4c5e",
        "parent": "2db77b6d-b7c1-4756-aae2-88f5e961dabc"
      }
    },
    {
      "head": {
        "id": "f3efd461-ca97-4124-a728-a393bb4c7f6b",
        "name": "compile ArkTS with rollup",
        "description": "",
        "type": "duration"
      },
      "body": {
        "pid": 25514,
        "tid": "Worker2",
        "startTime": 3900141995452000,
        "endTime": 3900146037799166
      },
      "additional": {
        "children": [],
        "state": "success",
        "totalTime": 0,
        "frequency": 0,
        "fromHook": false,
        "parent": "d84adf39-3229-48e2-9afb-079e702d4c5e",
        "logId": "4ed6c1b7-9e42-43eb-9de8-53edab7e6677"
      },
      "log": {
        "_logger": {
          "category": "DurationEvent",
          "context": {},
          "callStackSkipIndex": 0
        },
        "_filelogger": {
          "category": "debug-file",
          "context": {},
          "callStackSkipIndex": 0
        }
      }
    },
    {
      "head": {
        "id": "daf94acd-d1ee-4d94-b1bb-ab7fa4447a07",
        "name": "generate configuration information",
        "description": "",
        "type": "log"
      },
      "body": {
        "pid": 25514,
        "tid": "Main Thread",
        "startTime": 3900141547000208,
        "endTime": 3900141991882458
      },
      "additional": {
        "logType": "info",
        "children": [],
        "durationId": "ea03b509-99db-483e-8d44-6bf1920918ea",
        "parent": "ad0d0663-f726-418a-9648-5119c8b1390a"
      }
    },
    {
      "head": {
        "id": "ea03b509-99db-483e-8d44-6bf1920918ea",
        "name": "generate configuration information",
        "description": "",
        "type": "duration"
      },
      "body": {
        "pid": 25514,
        "tid": "Worker2",
        "startTime": 3900141547000208,
        "endTime": 3900141991882458
      },
      "additional": {
        "children": [],
        "state": "success",
        "totalTime": 0,
        "frequency": 0,
        "fromHook": false,
        "parent": "d84adf39-3229-48e2-9afb-079e702d4c5e",
        "logId": "daf94acd-d1ee-4d94-b1bb-ab7fa4447a07"
      },
      "log": {
        "_logger": {
          "category": "DurationEvent",
          "context": {},
          "callStackSkipIndex": 0
        },
        "_filelogger": {
          "category": "debug-file",
          "context": {},
          "callStackSkipIndex": 0
        }
      }
    },
    {
      "head": {
        "id": "1b163fc4-324c-41f3-8a89-a95243aa8e80",
        "name": "read build package cache",
        "description": "",
        "type": "log"
      },
      "body": {
        "pid": 25514,
        "tid": "Main Thread",
        "startTime": 3900141991963166,
        "endTime": 3900141995422833
      },
      "additional": {
        "logType": "info",
        "children": [],
        "durationId": "8ca07d92-9fa3-46dd-a3ab-1c7bcaf4199e",
        "parent": "ad0d0663-f726-418a-9648-5119c8b1390a"
      }
    },
    {
      "head": {
        "id": "8ca07d92-9fa3-46dd-a3ab-1c7bcaf4199e",
        "name": "read build package cache",
        "description": "",
        "type": "duration"
      },
      "body": {
        "pid": 25514,
        "tid": "Worker2",
        "startTime": 3900141991963166,
        "endTime": 3900141995422833
      },
      "additional": {
        "children": [],
        "state": "success",
        "totalTime": 0,
        "frequency": 0,
        "fromHook": false,
        "parent": "d84adf39-3229-48e2-9afb-079e702d4c5e",
        "logId": "1b163fc4-324c-41f3-8a89-a95243aa8e80"
      },
      "log": {
        "_logger": {
          "category": "DurationEvent",
          "context": {},
          "callStackSkipIndex": 0
        },
        "_filelogger": {
          "category": "debug-file",
          "context": {},
          "callStackSkipIndex": 0
        }
      }
    },
    {
      "head": {
        "id": "4ed6c1b7-9e42-43eb-9de8-53edab7e6677",
        "name": "compile ArkTS with rollup",
        "description": "",
        "type": "log"
      },
      "body": {
        "pid": 25514,
        "tid": "Main Thread",
        "startTime": 3900141995452000,
        "endTime": 3900146037799166
      },
      "additional": {
        "logType": "info",
        "children": [],
        "durationId": "f3efd461-ca97-4124-a728-a393bb4c7f6b",
        "parent": "ad0d0663-f726-418a-9648-5119c8b1390a"
      }
    },
    {
      "head": {
        "id": "f3efd461-ca97-4124-a728-a393bb4c7f6b",
        "name": "compile ArkTS with rollup",
        "description": "",
        "type": "duration"
      },
      "body": {
        "pid": 25514,
        "tid": "Worker2",
        "startTime": 3900141995452000,
        "endTime": 3900146037799166
      },
      "additional": {
        "children": [],
        "state": "success",
        "totalTime": 0,
        "frequency": 0,
        "fromHook": false,
        "parent": "d84adf39-3229-48e2-9afb-079e702d4c5e",
        "logId": "4ed6c1b7-9e42-43eb-9de8-53edab7e6677"
      },
      "log": {
        "_logger": {
          "category": "DurationEvent",
          "context": {},
          "callStackSkipIndex": 0
        },
        "_filelogger": {
          "category": "debug-file",
          "context": {},
          "callStackSkipIndex": 0
        }
      }
    },
    {
      "head": {
        "id": "2db77b6d-b7c1-4756-aae2-88f5e961dabc",
        "name": "Finished :entry:default@PreviewArkTS",
        "description": "Compile ArkTS components on preview in the stage model.",
        "type": "log"
      },
      "body": {
        "pid": 25514,
        "tid": "Main Thread",
        "startTime": 3900140897104125,
        "endTime": 3900146038763000
      },
      "additional": {
        "logType": "info",
        "children": [
          "ad0d0663-f726-418a-9648-5119c8b1390a"
        ],
        "durationId": "5359f43b-4c5e-4099-8bbb-4fa730fcff46"
      }
    },
    {
      "head": {
        "id": "3888e263-cf47-436c-9031-e29a5741f907",
        "name": "entry:PreviewBuild",
        "description": "Build preview in the stage model.",
        "type": "duration"
      },
      "body": {
        "pid": 25514,
        "tid": "Main Thread",
        "startTime": 3900146040063500,
        "endTime": 3900146040168958
      },
      "additional": {
        "children": [],
        "state": "success",
        "targetName": "",
        "moduleName": "entry",
        "category": "Hook",
        "taskRunReasons": [],
        "detailId": "54c29da2-324b-491f-bd54-3599ae8c2e6a",
        "logId": "8978180d-4120-4a6f-805f-607427fd6a72"
      },
      "log": {
        "_logger": {
          "category": "DurationEvent",
          "context": {},
          "callStackSkipIndex": 0
        },
        "_filelogger": {
          "category": "debug-file",
          "context": {},
          "callStackSkipIndex": 0
        }
      }
    },
    {
      "head": {
        "id": "54c29da2-324b-491f-bd54-3599ae8c2e6a",
        "name": "create entry:PreviewBuild task",
        "description": "",
        "type": "log"
      },
      "body": {
        "pid": 25514,
        "tid": "Main Thread",
        "startTime": 3900146039993208
      },
      "additional": {
        "logType": "detail",
        "children": [],
        "durationId": "3888e263-cf47-436c-9031-e29a5741f907"
      }
    },
    {
      "head": {
        "id": "97a0be21-5ea7-4691-adf2-ad41c0a00343",
        "name": "entry : PreviewBuild start {\n  rss: 745504768,\n  heapTotal: 114294784,\n  heapUsed: 95341600,\n  external: 996901,\n  arrayBuffers: 63059\n}",
        "description": "",
        "type": "log"
      },
      "body": {
        "pid": 25514,
        "tid": "Main Thread",
        "startTime": 3900146040032291
      },
      "additional": {
        "logType": "debug",
        "children": []
      }
    },
    {
      "head": {
        "id": "c31cad5b-c7ef-4ca0-b111-691c7c5a8081",
        "name": "Executing task :entry:PreviewBuild",
        "description": "",
        "type": "log"
      },
      "body": {
        "pid": 25514,
        "tid": "Main Thread",
        "startTime": 3900146040086583
      },
      "additional": {
        "logType": "debug",
        "children": []
      }
    },
    {
      "head": {
        "id": "d168cbd1-0b32-49d8-bed5-9f1192cfbe50",
        "name": "entry : PreviewBuild end {\n  rss: 745504768,\n  heapTotal: 114294784,\n  heapUsed: 95366080,\n  external: 996901,\n  arrayBuffers: 63059\n}",
        "description": "",
        "type": "log"
      },
      "body": {
        "pid": 25514,
        "tid": "Main Thread",
        "startTime": 3900146040121500
      },
      "additional": {
        "logType": "debug",
        "children": []
      }
    },
    {
      "head": {
        "id": "7dc48445-29ff-4596-bcbe-b6267b70d539",
        "name": "runTaskFromQueue task cost before running: 5 s 229 ms ",
        "description": "",
        "type": "log"
      },
      "body": {
        "pid": 25514,
        "tid": "Main Thread",
        "startTime": 3900146040151208
      },
      "additional": {
        "logType": "debug",
        "children": []
      }
    },
    {
      "head": {
        "id": "8978180d-4120-4a6f-805f-607427fd6a72",
        "name": "Finished :entry:PreviewBuild",
        "description": "Build preview in the stage model.",
        "type": "log"
      },
      "body": {
        "pid": 25514,
        "tid": "Main Thread",
        "startTime": 3900146040063500,
        "endTime": 3900146040168958
      },
      "additional": {
        "logType": "info",
        "children": [],
        "durationId": "3888e263-cf47-436c-9031-e29a5741f907"
      }
    },
    {
      "head": {
        "id": "351ce9a8-20b8-453f-9880-b89245b17696",
        "name": "BUILD SUCCESSFUL in 5 s 229 ms ",
        "description": "",
        "type": "log"
      },
      "body": {
        "pid": 25514,
        "tid": "Main Thread",
        "startTime": 3900146040222625
      },
      "additional": {
        "logType": "info",
        "children": []
      }
    },
    {
      "head": {
        "id": "fd6aaef4-4122-4014-9b05-5eae0d26224b",
        "name": "PreviewBuild",
        "description": "",
        "type": "mark"
      },
      "body": {
        "pid": 25514,
        "tid": "Main Thread",
        "startTime": 3900140811406750,
        "endTime": 3900146040269875
      },
      "additional": {
        "time": {
          "year": 2024,
          "month": 3,
          "day": 20,
          "hour": 14,
          "minute": 37
        },
        "completeCommand": "{\"mode\":\"module\",\"completeCommand\":\"--mode module -p module=entry@default -p product=default -p pageType=page -p compileResInc=true -p previewMode=true -p buildRoot=.preview PreviewBuild --watch --analyze --parallel --incremental --daemon\",\"watch\":true,\"parallel\":true,\"prop\":[\"module=entry@default\",\"product=default\",\"pageType=page\",\"compileResInc=true\",\"previewMode=true\",\"buildRoot=.preview\"],\"analyze\":true,\"incremental\":true,\"_\":[\"PreviewBuild\"],\"daemon\":true};--mode module -p module=entry@default -p product=default -p pageType=page -p compileResInc=true -p previewMode=true -p buildRoot=.preview PreviewBuild --watch --analyze --parallel --incremental --daemon",
        "hvigorVersion": "4.0.2",
        "markType": "history",
        "category": "build",
        "state": "success"
      }
    },
    {
      "head": {
        "id": "b9e06b15-b083-47b9-9eaf-126afc0617d4",
        "name": "There is no need to refresh cache, since the incremental task entry:default@PreBuild is up-to-date.",
        "description": "",
        "type": "log"
      },
      "body": {
        "pid": 25514,
        "tid": "Main Thread",
        "startTime": 3900146040279750
      },
      "additional": {
        "logType": "debug",
        "children": []
      }
    },
    {
      "head": {
        "id": "160c6196-4d19-483d-8b7d-36e7208848dd",
        "name": "There is no need to refresh cache, since the incremental task entry:default@CreateBuildProfile is up-to-date.",
        "description": "",
        "type": "log"
      },
      "body": {
        "pid": 25514,
        "tid": "Main Thread",
        "startTime": 3900146040299791
      },
      "additional": {
        "logType": "debug",
        "children": []
      }
    },
    {
      "head": {
        "id": "dc1d4728-2002-43b3-8ac0-59b2013a0852",
        "name": "There is no need to refresh cache, since the incremental task entry:default@GenerateLoaderJson is up-to-date.",
        "description": "",
        "type": "log"
      },
      "body": {
        "pid": 25514,
        "tid": "Main Thread",
        "startTime": 3900146040317458
      },
      "additional": {
        "logType": "debug",
        "children": []
      }
    },
    {
      "head": {
        "id": "83f1dc50-f0b7-4e47-844c-a39986f4898a",
        "name": "There is no need to refresh cache, since the incremental task entry:default@MergeProfile is up-to-date.",
        "description": "",
        "type": "log"
      },
      "body": {
        "pid": 25514,
        "tid": "Main Thread",
        "startTime": 3900146040335250
      },
      "additional": {
        "logType": "debug",
        "children": []
      }
    },
    {
      "head": {
        "id": "7b4fc2c9-41d8-4ee5-8a12-61f56c0a5141",
        "name": "There is no need to refresh cache, since the incremental task entry:default@ProcessProfile is up-to-date.",
        "description": "",
        "type": "log"
      },
      "body": {
        "pid": 25514,
        "tid": "Main Thread",
        "startTime": 3900146040351166
      },
      "additional": {
        "logType": "debug",
        "children": []
      }
    },
    {
      "head": {
        "id": "77398ff4-7d22-4e7c-a02f-e6b72f0bc946",
        "name": "There is no need to refresh cache, since the incremental task entry:default@PreviewCompileResource is up-to-date.",
        "description": "",
        "type": "log"
      },
      "body": {
        "pid": 25514,
        "tid": "Main Thread",
        "startTime": 3900146040367708
      },
      "additional": {
        "logType": "debug",
        "children": []
      }
    },
    {
      "head": {
        "id": "6989e76f-76be-42ce-9cbe-a39a91031d91",
        "name": "There is no need to refresh cache, since the incremental task entry:default@CopyPreviewProfile is up-to-date.",
        "description": "",
        "type": "log"
      },
      "body": {
        "pid": 25514,
        "tid": "Main Thread",
        "startTime": 3900146040383791
      },
      "additional": {
        "logType": "debug",
        "children": []
      }
    },
    {
      "head": {
        "id": "04af8be5-46fc-4e14-af96-05a4d50a6932",
        "name": "There is no need to refresh cache, since the incremental task entry:default@PreviewUpdateAssets is up-to-date.",
        "description": "",
        "type": "log"
      },
      "body": {
        "pid": 25514,
        "tid": "Main Thread",
        "startTime": 3900146040400166
      },
      "additional": {
        "logType": "debug",
        "children": []
      }
    },
    {
      "head": {
        "id": "08dcc2ae-0f3f-465f-a091-76f47e7965f8",
        "name": "Update task entry:default@PreviewArkTS input file:/Users/jepson/Desktop/Harmony/projects/Part2Demo/entry/.preview/default/intermediates/loader/default cache by regenerate.",
        "description": "",
        "type": "log"
      },
      "body": {
        "pid": 25514,
        "tid": "Main Thread",
        "startTime": 3900146041020166
      },
      "additional": {
        "logType": "debug",
        "children": []
      }
    },
    {
      "head": {
        "id": "74efcafd-b762-4e4f-8449-d638bf152ba8",
        "name": "Update task entry:default@PreviewArkTS input file:/Users/jepson/Desktop/Harmony/projects/Part2Demo/entry/.preview/default/intermediates/res/default/ResourceTable.txt cache by regenerate.",
        "description": "",
        "type": "log"
      },
      "body": {
        "pid": 25514,
        "tid": "Main Thread",
        "startTime": 3900146041290791
      },
      "additional": {
        "logType": "debug",
        "children": []
      }
    },
    {
      "head": {
        "id": "f186b130-f0a0-4be7-b477-f3b87df8c28c",
        "name": "Update task entry:default@PreviewArkTS input file:/Users/jepson/Desktop/Harmony/projects/Part2Demo/entry/.preview/default/intermediates/res/default/module.json cache by regenerate.",
        "description": "",
        "type": "log"
      },
      "body": {
        "pid": 25514,
        "tid": "Main Thread",
        "startTime": 3900146041388125
      },
      "additional": {
        "logType": "debug",
        "children": []
      }
    },
    {
      "head": {
        "id": "ace616b1-e86b-4f69-865a-b8e1d6bafc7d",
        "name": "Update task entry:default@PreviewArkTS input file:/Users/jepson/Desktop/Harmony/projects/Part2Demo/entry/.preview/default/intermediates/res/default/resources/base/profile cache by regenerate.",
        "description": "",
        "type": "log"
      },
      "body": {
        "pid": 25514,
        "tid": "Main Thread",
        "startTime": 3900146041456875
      },
      "additional": {
        "logType": "debug",
        "children": []
      }
    },
    {
      "head": {
        "id": "f0a45aaa-8579-4887-8623-2b3ce2e98479",
        "name": "Update task entry:default@PreviewArkTS input file:/Users/jepson/Desktop/Harmony/projects/Part2Demo/entry/src/main/ets cache by regenerate.",
        "description": "",
        "type": "log"
      },
      "body": {
        "pid": 25514,
        "tid": "Main Thread",
        "startTime": 3900146041626250
      },
      "additional": {
        "logType": "debug",
        "children": []
      }
    },
    {
      "head": {
        "id": "299a901b-07a5-4a9b-a0fc-04e1f1b339c3",
        "name": "Update task entry:default@PreviewArkTS input file:/Users/jepson/Desktop/Harmony/projects/Part2Demo/entry/.preview/default/generated/profile/default/BuildProfile.ets cache by regenerate.",
        "description": "",
        "type": "log"
      },
      "body": {
        "pid": 25514,
        "tid": "Main Thread",
        "startTime": 3900146042072666
      },
      "additional": {
        "logType": "debug",
        "children": []
      }
    },
    {
      "head": {
        "id": "1ff6f62e-11a1-40ea-865b-0293c383c168",
        "name": "Update task entry:default@PreviewArkTS output file:/Users/jepson/Desktop/Harmony/projects/Part2Demo/entry/.preview/default/intermediates/loader_out/default/ets cache.",
        "description": "",
        "type": "log"
      },
      "body": {
        "pid": 25514,
        "tid": "Main Thread",
        "startTime": 3900146042218625
      },
      "additional": {
        "logType": "debug",
        "children": []
      }
    },
    {
      "head": {
        "id": "0eceb992-3c01-4673-9926-741c160def77",
        "name": "Incremental task entry:default@PreviewArkTS post-execution cost:2 ms .",
        "description": "",
        "type": "log"
      },
      "body": {
        "pid": 25514,
        "tid": "Main Thread",
        "startTime": 3900146042351708
      },
      "additional": {
        "logType": "debug",
        "children": []
      }
    }
  ],
  "workLog": []
}