{"/Users/jepson/Desktop/Harmony/projects/myfirst/AppScope/app.json5":{"hashValue":"0faa25fff5af8b1223452c2786556d18","name":"app.json5","path":"/Users/jepson/Desktop/Harmony/projects/myfirst/AppScope/app.json5","type":"file","isSymbolicLink":false,"fileMetaData":{"size":204,"lastModifiedTime":1706347350285}},"/Users/jepson/Desktop/Harmony/projects/myfirst/entry/src/main/module.json5":{"hashValue":"a2810321a57c5ca2894ff6f36c53015f","name":"module.json5","path":"/Users/jepson/Desktop/Harmony/projects/myfirst/entry/src/main/module.json5","type":"file","isSymbolicLink":false,"fileMetaData":{"size":918,"lastModifiedTime":1706347350290}},"/Users/jepson/Desktop/Harmony/projects/myfirst/build-profile.json5":{"hashValue":"1bc10b24a3020f8cda5ffadbd8c0a1fa","name":"build-profile.json5","path":"/Users/jepson/Desktop/Harmony/projects/myfirst/build-profile.json5","type":"file","isSymbolicLink":false,"fileMetaData":{"size":605,"lastModifiedTime":1706347350277}},"/Users/jepson/Desktop/Harmony/projects/myfirst/entry/build-profile.json5":{"hashValue":"325991dff2ee16aa116543f16069544b","name":"build-profile.json5","path":"/Users/jepson/Desktop/Harmony/projects/myfirst/entry/build-profile.json5","type":"file","isSymbolicLink":false,"fileMetaData":{"size":421,"lastModifiedTime":1706347350286}},"/Users/jepson/Desktop/Harmony/projects/myfirst/entry/src/main/resources/base/profile/main_pages.json":{"hashValue":"7e3b4da06ae11a56440ffbb3a828b971","name":"main_pages.json","path":"/Users/jepson/Desktop/Harmony/projects/myfirst/entry/src/main/resources/base/profile/main_pages.json","type":"file","isSymbolicLink":false,"fileMetaData":{"size":37,"lastModifiedTime":1706347347667}},"/Users/jepson/Desktop/Harmony/projects/myfirst/entry/oh-package.json5":{"hashValue":"87d36339375b67e2122e33f65c9378d5","name":"oh-package.json5","path":"/Users/jepson/Desktop/Harmony/projects/myfirst/entry/oh-package.json5","type":"file","isSymbolicLink":false,"fileMetaData":{"size":173,"lastModifiedTime":1706347347471}},"/Users/jepson/Desktop/Harmony/projects/myfirst/entry/.preview/default/generated/profile/default/BuildProfile.ets":{"hashValue":"96c8f98301473bb4e2b082b5053a5568","name":"BuildProfile.ets","path":"/Users/jepson/Desktop/Harmony/projects/myfirst/entry/.preview/default/generated/profile/default/BuildProfile.ets","type":"file","isSymbolicLink":false,"fileMetaData":{"size":372,"lastModifiedTime":1706347362614}},"/Users/jepson/Desktop/Harmony/projects/myfirst/entry/src/mock/mock-config.json5":{"hashValue":"e32906c2a46bf7af69a71b0694673581","name":"mock-config.json5","path":"/Users/jepson/Desktop/Harmony/projects/myfirst/entry/src/mock/mock-config.json5","type":"file","isSymbolicLink":false,"fileMetaData":{"size":3,"lastModifiedTime":1706347347617}},"/Users/jepson/Desktop/Harmony/projects/myfirst/entry/.preview/default/intermediates/loader/default/loader.json":{"hashValue":"ad78658e55b00cfc6ebef1592625ba76","name":"loader.json","path":"/Users/jepson/Desktop/Harmony/projects/myfirst/entry/.preview/default/intermediates/loader/default/loader.json","type":"file","isSymbolicLink":false,"fileMetaData":{"size":578,"lastModifiedTime":1706347362617}},"/Users/jepson/Desktop/Harmony/projects/myfirst/entry/.preview/default/intermediates/merge_profile/default/module.json":{"hashValue":"538f5bc9d62b05cf88110f37c1037e9f","name":"module.json","path":"/Users/jepson/Desktop/Harmony/projects/myfirst/entry/.preview/default/intermediates/merge_profile/default/module.json","type":"file","isSymbolicLink":false,"fileMetaData":{"size":1177,"lastModifiedTime":1706347362620}},"/Users/jepson/Desktop/Harmony/projects/myfirst/entry/.preview/default/intermediates/process_profile/default/module.json":{"hashValue":"2a14f825c4c4f783e8beccb59becfb4a","name":"module.json","path":"/Users/jepson/Desktop/Harmony/projects/myfirst/entry/.preview/default/intermediates/process_profile/default/module.json","type":"file","isSymbolicLink":false,"fileMetaData":{"size":1263,"lastModifiedTime":1706347362667}},"/Users/jepson/Desktop/Harmony/projects/myfirst/entry/src/main/resources":{"hashValue":"fc89516147fb9fc7b83978810c30e4d7","name":"resources","path":"/Users/jepson/Desktop/Harmony/projects/myfirst/entry/src/main/resources","type":"directory","isSymbolicLink":false,"children":[{"hashValue":"3ddfaf8f183ab1503d5f42e68b35b50e","name":"base","path":"/Users/jepson/Desktop/Harmony/projects/myfirst/entry/src/main/resources/base","type":"directory","isSymbolicLink":false,"children":[{"hashValue":"70d16b6c60c95aaad47ae1e82992dbfa","name":"element","path":"/Users/jepson/Desktop/Harmony/projects/myfirst/entry/src/main/resources/base/element","type":"directory","isSymbolicLink":false,"children":[{"hashValue":"a58451f9ad9f88e39718ddeaa37c92eb","name":"color.json","path":"/Users/jepson/Desktop/Harmony/projects/myfirst/entry/src/main/resources/base/element/color.json","type":"file","isSymbolicLink":false,"fileMetaData":{"size":98,"lastModifiedTime":1706347347645}},{"hashValue":"8226e200f667cc41349ab0fc10da4a0c","name":"string.json","path":"/Users/jepson/Desktop/Harmony/projects/myfirst/entry/src/main/resources/base/element/string.json","type":"file","isSymbolicLink":false,"fileMetaData":{"size":247,"lastModifiedTime":1706347350282}}]},{"hashValue":"6ab6c7e7a624796f6d1ff2274eb6f7db","name":"media","path":"/Users/jepson/Desktop/Harmony/projects/myfirst/entry/src/main/resources/base/media","type":"directory","isSymbolicLink":false,"children":[{"hashValue":"e0a0ff7489e0b908c71b762efb118df0","name":"avatar.jpg","path":"/Users/jepson/Desktop/Harmony/projects/myfirst/entry/src/main/resources/base/media/avatar.jpg","type":"file","isSymbolicLink":false,"fileMetaData":{"size":34136,"lastModifiedTime":1705301453813}},{"hashValue":"91c5115dd1d01b4f588c718826797965","name":"cat.jpeg","path":"/Users/jepson/Desktop/Harmony/projects/myfirst/entry/src/main/resources/base/media/cat.jpeg","type":"file","isSymbolicLink":false,"fileMetaData":{"size":111558,"lastModifiedTime":1709025426086}},{"hashValue":"32d6f357e80d01194fc5f3acca6d682b","name":"flower.png","path":"/Users/jepson/Desktop/Harmony/projects/myfirst/entry/src/main/resources/base/media/flower.png","type":"file","isSymbolicLink":false,"fileMetaData":{"size":163002,"lastModifiedTime":1708591523518}},{"hashValue":"e25907ed1cc196b8fd91ae218d89067f","name":"huawei.svg","path":"/Users/jepson/Desktop/Harmony/projects/myfirst/entry/src/main/resources/base/media/huawei.svg","type":"file","isSymbolicLink":false,"fileMetaData":{"size":2596,"lastModifiedTime":1703226738000}},{"hashValue":"fe49aef778f083c3bd0ae82dad8b3a96","name":"ic_360.svg","path":"/Users/jepson/Desktop/Harmony/projects/myfirst/entry/src/main/resources/base/media/ic_360.svg","type":"file","isSymbolicLink":false,"fileMetaData":{"size":4418,"lastModifiedTime":1708487638430}},{"hashValue":"144a521b84342c2577d158ad8a54d2cb","name":"ic_arrow_left.svg","path":"/Users/jepson/Desktop/Harmony/projects/myfirst/entry/src/main/resources/base/media/ic_arrow_left.svg","type":"file","isSymbolicLink":false,"fileMetaData":{"size":1465,"lastModifiedTime":1709123728332}},{"hashValue":"12e4f8885c33de2d1c63dcaf59551898","name":"ic_arrow_right.svg","path":"/Users/jepson/Desktop/Harmony/projects/myfirst/entry/src/main/resources/base/media/ic_arrow_right.svg","type":"file","isSymbolicLink":false,"fileMetaData":{"size":1497,"lastModifiedTime":1708667693958}},{"hashValue":"7d95c416d44d0b65fa022161d91e7857","name":"ic_fly.svg","path":"/Users/jepson/Desktop/Harmony/projects/myfirst/entry/src/main/resources/base/media/ic_fly.svg","type":"file","isSymbolicLink":false,"fileMetaData":{"size":1336,"lastModifiedTime":1708487647579}},{"hashValue":"2e65084ac0b5423e489faa3a03cc5453","name":"ic_late.svg","path":"/Users/jepson/Desktop/Harmony/projects/myfirst/entry/src/main/resources/base/media/ic_late.svg","type":"file","isSymbolicLink":false,"fileMetaData":{"size":3025,"lastModifiedTime":1708487652123}},{"hashValue":"7c064523653f78f4d9666dff38a4e119","name":"ic_like.svg","path":"/Users/jepson/Desktop/Harmony/projects/myfirst/entry/src/main/resources/base/media/ic_like.svg","type":"file","isSymbolicLink":false,"fileMetaData":{"size":1480,"lastModifiedTime":1704858528000}},{"hashValue":"3c38d23aa8531fda8e6b99c785ee64f1","name":"ic_more.svg","path":"/Users/jepson/Desktop/Harmony/projects/myfirst/entry/src/main/resources/base/media/ic_more.svg","type":"file","isSymbolicLink":false,"fileMetaData":{"size":2884,"lastModifiedTime":1709123914270}},{"hashValue":"934f8cce6195d4861d0452cf3e356d01","name":"ic_pay.svg","path":"/Users/jepson/Desktop/Harmony/projects/myfirst/entry/src/main/resources/base/media/ic_pay.svg","type":"file","isSymbolicLink":false,"fileMetaData":{"size":1801,"lastModifiedTime":1708487690282}},{"hashValue":"913fad5dc26df08f521a9c7c6146ffba","name":"ic_secure.svg","path":"/Users/jepson/Desktop/Harmony/projects/myfirst/entry/src/main/resources/base/media/ic_secure.svg","type":"file","isSymbolicLink":false,"fileMetaData":{"size":11992,"lastModifiedTime":1708487628939}},{"hashValue":"81cf720cb74cbf58a92430fedde86cdf","name":"ic_ticket.svg","path":"/Users/jepson/Desktop/Harmony/projects/myfirst/entry/src/main/resources/base/media/ic_ticket.svg","type":"file","isSymbolicLink":false,"fileMetaData":{"size":1471,"lastModifiedTime":1708487684240}},{"hashValue":"3b8d31b8621c74b4c45fbac716f41ef0","name":"icon.png","path":"/Users/jepson/Desktop/Harmony/projects/myfirst/entry/src/main/resources/base/media/icon.png","type":"file","isSymbolicLink":false,"fileMetaData":{"size":2041,"lastModifiedTime":1706347347650}},{"hashValue":"1c2405dd545330cbb8954f8c3fa5f1b2","name":"jd_bg.jpg","path":"/Users/jepson/Desktop/Harmony/projects/myfirst/entry/src/main/resources/base/media/jd_bg.jpg","type":"file","isSymbolicLink":false,"fileMetaData":{"size":1056880,"lastModifiedTime":1708657935359}},{"hashValue":"afa29c864d63d84d835a4ed402bbf499","name":"m_user.png","path":"/Users/jepson/Desktop/Harmony/projects/myfirst/entry/src/main/resources/base/media/m_user.png","type":"file","isSymbolicLink":false,"fileMetaData":{"size":325653,"lastModifiedTime":1708508178381}},{"hashValue":"b138ad28808a80d0eb8ceb2ba21f34ed","name":"nick.jpg","path":"/Users/jepson/Desktop/Harmony/projects/myfirst/entry/src/main/resources/base/media/nick.jpg","type":"file","isSymbolicLink":false,"fileMetaData":{"size":206424,"lastModifiedTime":1704795644000}},{"hashValue":"a53ed8827ec03f5ebba9872b0d15f242","name":"product.png","path":"/Users/jepson/Desktop/Harmony/projects/myfirst/entry/src/main/resources/base/media/product.png","type":"file","isSymbolicLink":false,"fileMetaData":{"size":295287,"lastModifiedTime":1705916774906}},{"hashValue":"7f330948f8cbd4d596c48fbef3c5a504","name":"startIcon.png","path":"/Users/jepson/Desktop/Harmony/projects/myfirst/entry/src/main/resources/base/media/startIcon.png","type":"file","isSymbolicLink":false,"fileMetaData":{"size":4351,"lastModifiedTime":1706347347654}},{"hashValue":"63aff2d6900bf57091ad6d1d87758256","name":"tree.png","path":"/Users/jepson/Desktop/Harmony/projects/myfirst/entry/src/main/resources/base/media/tree.png","type":"file","isSymbolicLink":false,"fileMetaData":{"size":46263,"lastModifiedTime":1704853728000}},{"hashValue":"bf69be6b3a5beed4ee34a3e248adb7bb","name":"user.jpg","path":"/Users/jepson/Desktop/Harmony/projects/myfirst/entry/src/main/resources/base/media/user.jpg","type":"file","isSymbolicLink":false,"fileMetaData":{"size":229035,"lastModifiedTime":1704868402000}}]},{"hashValue":"281262e9fad0b9ab1844e3c61c00751e","name":"profile","path":"/Users/jepson/Desktop/Harmony/projects/myfirst/entry/src/main/resources/base/profile","type":"directory","isSymbolicLink":false,"children":[{"hashValue":"7e3b4da06ae11a56440ffbb3a828b971","name":"main_pages.json","path":"/Users/jepson/Desktop/Harmony/projects/myfirst/entry/src/main/resources/base/profile/main_pages.json","type":"file","isSymbolicLink":false,"fileMetaData":{"size":37,"lastModifiedTime":1706347347667}}]}]},{"hashValue":"2b7d0f0600c4838d79f1035bb07c8834","name":"en_US","path":"/Users/jepson/Desktop/Harmony/projects/myfirst/entry/src/main/resources/en_US","type":"directory","isSymbolicLink":false,"children":[{"hashValue":"a9b994afc4708dbc753ae5a2cb124fa7","name":"element","path":"/Users/jepson/Desktop/Harmony/projects/myfirst/entry/src/main/resources/en_US/element","type":"directory","isSymbolicLink":false,"children":[{"hashValue":"698ae856f2a64e514752ecd0c3bbcace","name":"string.json","path":"/Users/jepson/Desktop/Harmony/projects/myfirst/entry/src/main/resources/en_US/element/string.json","type":"file","isSymbolicLink":false,"fileMetaData":{"size":247,"lastModifiedTime":1706347350283}}]}]},{"hashValue":"","name":"rawfile","path":"/Users/jepson/Desktop/Harmony/projects/myfirst/entry/src/main/resources/rawfile","type":"directory","isSymbolicLink":false,"children":[]},{"hashValue":"2f4243d01ac31f6bac6d45f919cc31af","name":"zh_CN","path":"/Users/jepson/Desktop/Harmony/projects/myfirst/entry/src/main/resources/zh_CN","type":"directory","isSymbolicLink":false,"children":[{"hashValue":"b4e893640115b10a29aca590b5c1623b","name":"element","path":"/Users/jepson/Desktop/Harmony/projects/myfirst/entry/src/main/resources/zh_CN/element","type":"directory","isSymbolicLink":false,"children":[{"hashValue":"d8a52cb316b00caff69892110646a1d0","name":"string.json","path":"/Users/jepson/Desktop/Harmony/projects/myfirst/entry/src/main/resources/zh_CN/element/string.json","type":"file","isSymbolicLink":false,"fileMetaData":{"size":241,"lastModifiedTime":1706347350293}}]}]}]},"/Users/jepson/Desktop/Harmony/projects/myfirst/entry/.preview/default/intermediates/res/default":{"hashValue":"bb476416e88e3390475c3d176c84aac5","name":"default","path":"/Users/jepson/Desktop/Harmony/projects/myfirst/entry/.preview/default/intermediates/res/default","type":"directory","isSymbolicLink":false,"children":[{"hashValue":"1464539177813db428b8ccb53edaafbb","name":"app_compiled","path":"/Users/jepson/Desktop/Harmony/projects/myfirst/entry/.preview/default/intermediates/res/default/app_compiled","type":"directory","isSymbolicLink":false,"children":[{"hashValue":"d4ba7dd701ff0348a2b79de398f3f303","name":"15968801816804078490","path":"/Users/jepson/Desktop/Harmony/projects/myfirst/entry/.preview/default/intermediates/res/default/app_compiled/15968801816804078490","type":"file","isSymbolicLink":false,"fileMetaData":{"size":218,"lastModifiedTime":1709193853630}},{"hashValue":"4f0063c1aa871be9e6b79531f3eb0a26","name":"6749996268841095513","path":"/Users/jepson/Desktop/Harmony/projects/myfirst/entry/.preview/default/intermediates/res/default/app_compiled/6749996268841095513","type":"file","isSymbolicLink":false,"fileMetaData":{"size":133,"lastModifiedTime":1709193853630}}]},{"hashValue":"63c27d5fbd29654b33d9b5c24585db58","name":"ids_map","path":"/Users/jepson/Desktop/Harmony/projects/myfirst/entry/.preview/default/intermediates/res/default/ids_map","type":"directory","isSymbolicLink":false,"children":[{"hashValue":"cf5ead6f23ab48ec70d0a00b36dc2461","name":"id_defined.json","path":"/Users/jepson/Desktop/Harmony/projects/myfirst/entry/.preview/default/intermediates/res/default/ids_map/id_defined.json","type":"file","isSymbolicLink":false,"fileMetaData":{"size":3411,"lastModifiedTime":1709193853648}}]},{"hashValue":"7b7906e526adcde776993fc7212b3c07","name":"mock-config.json","path":"/Users/jepson/Desktop/Harmony/projects/myfirst/entry/.preview/default/intermediates/res/default/mock-config.json","type":"file","isSymbolicLink":false,"fileMetaData":{"size":2,"lastModifiedTime":1709193857526}},{"hashValue":"adc162a27f50d1e54a47d27090e851a4","name":"module_compiled","path":"/Users/jepson/Desktop/Harmony/projects/myfirst/entry/.preview/default/intermediates/res/default/module_compiled","type":"directory","isSymbolicLink":false,"children":[{"hashValue":"cd368b352f879d4e66c043b410902c25","name":"10784293302477904993","path":"/Users/jepson/Desktop/Harmony/projects/myfirst/entry/.preview/default/intermediates/res/default/module_compiled/10784293302477904993","type":"file","isSymbolicLink":false,"fileMetaData":{"size":233,"lastModifiedTime":1709193853638}},{"hashValue":"6db6f44a35c5ee7c0ebc59d057e9f1fe","name":"11184497020325110744","path":"/Users/jepson/Desktop/Harmony/projects/myfirst/entry/.preview/default/intermediates/res/default/module_compiled/11184497020325110744","type":"file","isSymbolicLink":false,"fileMetaData":{"size":224,"lastModifiedTime":1709193853638}},{"hashValue":"aa31366ce25b29896706e4c197fbc290","name":"12648490206414727846","path":"/Users/jepson/Desktop/Harmony/projects/myfirst/entry/.preview/default/intermediates/res/default/module_compiled/12648490206414727846","type":"file","isSymbolicLink":false,"fileMetaData":{"size":500,"lastModifiedTime":1709193853636}},{"hashValue":"219785d87b545d7ed6d2676be4579029","name":"13655507313971494976","path":"/Users/jepson/Desktop/Harmony/projects/myfirst/entry/.preview/default/intermediates/res/default/module_compiled/13655507313971494976","type":"file","isSymbolicLink":false,"fileMetaData":{"size":218,"lastModifiedTime":1709193853638}},{"hashValue":"52af10cdcfe75a9c5cde5026f3ac2317","name":"14046025737142338206","path":"/Users/jepson/Desktop/Harmony/projects/myfirst/entry/.preview/default/intermediates/res/default/module_compiled/14046025737142338206","type":"file","isSymbolicLink":false,"fileMetaData":{"size":224,"lastModifiedTime":1709193853638}},{"hashValue":"3cca2af7ff8a0457b087373457855e4b","name":"14167295062286312293","path":"/Users/jepson/Desktop/Harmony/projects/myfirst/entry/.preview/default/intermediates/res/default/module_compiled/14167295062286312293","type":"file","isSymbolicLink":false,"fileMetaData":{"size":221,"lastModifiedTime":1709193853637}},{"hashValue":"30638846366fe0c1bb59e6409c9b1fae","name":"16274416421099385922","path":"/Users/jepson/Desktop/Harmony/projects/myfirst/entry/.preview/default/intermediates/res/default/module_compiled/16274416421099385922","type":"file","isSymbolicLink":false,"fileMetaData":{"size":224,"lastModifiedTime":1709193853637}},{"hashValue":"01021b2199124c6c7464652fb7909238","name":"17611316247569482194","path":"/Users/jepson/Desktop/Harmony/projects/myfirst/entry/.preview/default/intermediates/res/default/module_compiled/17611316247569482194","type":"file","isSymbolicLink":false,"fileMetaData":{"size":243,"lastModifiedTime":1709193853636}},{"hashValue":"aba7d63b83f5c7a13734794820a9aa45","name":"17739018362678814554","path":"/Users/jepson/Desktop/Harmony/projects/myfirst/entry/.preview/default/intermediates/res/default/module_compiled/17739018362678814554","type":"file","isSymbolicLink":false,"fileMetaData":{"size":227,"lastModifiedTime":1709193853637}},{"hashValue":"9d1e3c9919d59786656cc712dc4548b9","name":"17968925878860477009","path":"/Users/jepson/Desktop/Harmony/projects/myfirst/entry/.preview/default/intermediates/res/default/module_compiled/17968925878860477009","type":"file","isSymbolicLink":false,"fileMetaData":{"size":153,"lastModifiedTime":1709193853636}},{"hashValue":"56b41394dc598e96e0d3511e48b4dab5","name":"18105091914380869509","path":"/Users/jepson/Desktop/Harmony/projects/myfirst/entry/.preview/default/intermediates/res/default/module_compiled/18105091914380869509","type":"file","isSymbolicLink":false,"fileMetaData":{"size":224,"lastModifiedTime":1709193853637}},{"hashValue":"99c59ce57be1687a38374357f4dc09c5","name":"18283044246897863805","path":"/Users/jepson/Desktop/Harmony/projects/myfirst/entry/.preview/default/intermediates/res/default/module_compiled/18283044246897863805","type":"file","isSymbolicLink":false,"fileMetaData":{"size":245,"lastModifiedTime":1709193853637}},{"hashValue":"4b5321261fc505b839e92182ff1e1b11","name":"2437295530550823471","path":"/Users/jepson/Desktop/Harmony/projects/myfirst/entry/.preview/default/intermediates/res/default/module_compiled/2437295530550823471","type":"file","isSymbolicLink":false,"fileMetaData":{"size":218,"lastModifiedTime":1709193853637}},{"hashValue":"21da0c49c0d19812cbc8c2609fb5054d","name":"2597472652033120296","path":"/Users/jepson/Desktop/Harmony/projects/myfirst/entry/.preview/default/intermediates/res/default/module_compiled/2597472652033120296","type":"file","isSymbolicLink":false,"fileMetaData":{"size":224,"lastModifiedTime":1709193853638}},{"hashValue":"0fb9cd8deb30a62ef564688893d8f2b9","name":"368855042478299563","path":"/Users/jepson/Desktop/Harmony/projects/myfirst/entry/.preview/default/intermediates/res/default/module_compiled/368855042478299563","type":"file","isSymbolicLink":false,"fileMetaData":{"size":218,"lastModifiedTime":1709193853637}},{"hashValue":"8c414f2c476813026a93727838233fc9","name":"3749143178568776278","path":"/Users/jepson/Desktop/Harmony/projects/myfirst/entry/.preview/default/intermediates/res/default/module_compiled/3749143178568776278","type":"file","isSymbolicLink":false,"fileMetaData":{"size":224,"lastModifiedTime":1709193853637}},{"hashValue":"b7e39fa3a6b1ad6148a9c63d7fa5f295","name":"4721634469787508684","path":"/Users/jepson/Desktop/Harmony/projects/myfirst/entry/.preview/default/intermediates/res/default/module_compiled/4721634469787508684","type":"file","isSymbolicLink":false,"fileMetaData":{"size":227,"lastModifiedTime":1709193853638}},{"hashValue":"8b0b7afcf1790c1e499677a54ff5f41f","name":"6472821241428965791","path":"/Users/jepson/Desktop/Harmony/projects/myfirst/entry/.preview/default/intermediates/res/default/module_compiled/6472821241428965791","type":"file","isSymbolicLink":false,"fileMetaData":{"size":233,"lastModifiedTime":1709193853638}},{"hashValue":"a0ac154c95cbcaefbdb2fa04f1c10a91","name":"6660782794989339992","path":"/Users/jepson/Desktop/Harmony/projects/myfirst/entry/.preview/default/intermediates/res/default/module_compiled/6660782794989339992","type":"file","isSymbolicLink":false,"fileMetaData":{"size":227,"lastModifiedTime":1709193853638}},{"hashValue":"bee27e110e8e6534d690830b46ed5299","name":"6720502412014555829","path":"/Users/jepson/Desktop/Harmony/projects/myfirst/entry/.preview/default/intermediates/res/default/module_compiled/6720502412014555829","type":"file","isSymbolicLink":false,"fileMetaData":{"size":218,"lastModifiedTime":1709193853637}},{"hashValue":"67740d05d41467c96447a54badbe2546","name":"6851878385196936693","path":"/Users/jepson/Desktop/Harmony/projects/myfirst/entry/.preview/default/intermediates/res/default/module_compiled/6851878385196936693","type":"file","isSymbolicLink":false,"fileMetaData":{"size":452,"lastModifiedTime":1709193853636}},{"hashValue":"f775739c27a55ff55d650b215c90e325","name":"6898584731718187617","path":"/Users/jepson/Desktop/Harmony/projects/myfirst/entry/.preview/default/intermediates/res/default/module_compiled/6898584731718187617","type":"file","isSymbolicLink":false,"fileMetaData":{"size":227,"lastModifiedTime":1709193853637}},{"hashValue":"b0ab5fe25e7af482a6037fda50b6b5e5","name":"8402987907944782858","path":"/Users/jepson/Desktop/Harmony/projects/myfirst/entry/.preview/default/intermediates/res/default/module_compiled/8402987907944782858","type":"file","isSymbolicLink":false,"fileMetaData":{"size":506,"lastModifiedTime":1709193853636}},{"hashValue":"157eafe5534c5a02b80c81018c032c8c","name":"8947157308646664284","path":"/Users/jepson/Desktop/Harmony/projects/myfirst/entry/.preview/default/intermediates/res/default/module_compiled/8947157308646664284","type":"file","isSymbolicLink":false,"fileMetaData":{"size":233,"lastModifiedTime":1709193853638}},{"hashValue":"47188fc43fa9664d06fc9fee1fba3969","name":"9007420132680170061","path":"/Users/jepson/Desktop/Harmony/projects/myfirst/entry/.preview/default/intermediates/res/default/module_compiled/9007420132680170061","type":"file","isSymbolicLink":false,"fileMetaData":{"size":248,"lastModifiedTime":1709193853637}},{"hashValue":"e89f22f0a0f99c57d011dac1a440d5d6","name":"9098896179284033432","path":"/Users/jepson/Desktop/Harmony/projects/myfirst/entry/.preview/default/intermediates/res/default/module_compiled/9098896179284033432","type":"file","isSymbolicLink":false,"fileMetaData":{"size":218,"lastModifiedTime":1709193853637}},{"hashValue":"f9fcd82d25f401b2c4129b175ffccee1","name":"9879730375345395838","path":"/Users/jepson/Desktop/Harmony/projects/myfirst/entry/.preview/default/intermediates/res/default/module_compiled/9879730375345395838","type":"file","isSymbolicLink":false,"fileMetaData":{"size":224,"lastModifiedTime":1709193853637}}]},{"hashValue":"5381b958c63509825c1abee721deac0f","name":"module.json","path":"/Users/jepson/Desktop/Harmony/projects/myfirst/entry/.preview/default/intermediates/res/default/module.json","type":"file","isSymbolicLink":false,"fileMetaData":{"size":2194,"lastModifiedTime":1709193853648}},{"hashValue":"67fb06994cf29845216dd40e1d591fc0","name":"resources","path":"/Users/jepson/Desktop/Harmony/projects/myfirst/entry/.preview/default/intermediates/res/default/resources","type":"directory","isSymbolicLink":false,"children":[{"hashValue":"622009febe67f1a300b4e93dba4f9d6b","name":"base","path":"/Users/jepson/Desktop/Harmony/projects/myfirst/entry/.preview/default/intermediates/res/default/resources/base","type":"directory","isSymbolicLink":false,"children":[{"hashValue":"0e79f5e820718a873da12fd6e81e82ee","name":"profile","path":"/Users/jepson/Desktop/Harmony/projects/myfirst/entry/.preview/default/intermediates/res/default/resources/base/profile","type":"directory","isSymbolicLink":false,"children":[{"hashValue":"a5c836f67b92d26cc1fefd61f5bdef22","name":"main_pages.json","path":"/Users/jepson/Desktop/Harmony/projects/myfirst/entry/.preview/default/intermediates/res/default/resources/base/profile/main_pages.json","type":"file","isSymbolicLink":false,"fileMetaData":{"size":24,"lastModifiedTime":1709193853653}}]}]}]},{"hashValue":"ecf177965ccce4ffe9e9795acbd6d1a8","name":"resources.index","path":"/Users/jepson/Desktop/Harmony/projects/myfirst/entry/.preview/default/intermediates/res/default/resources.index","type":"file","isSymbolicLink":false,"fileMetaData":{"size":3835,"lastModifiedTime":1709193853647}},{"hashValue":"696e3da9ee84b67d491f8bb012e43573","name":"ResourceTable.txt","path":"/Users/jepson/Desktop/Harmony/projects/myfirst/entry/.preview/default/intermediates/res/default/ResourceTable.txt","type":"file","isSymbolicLink":false,"fileMetaData":{"size":770,"lastModifiedTime":1709193853648}}]},"/Users/jepson/Desktop/Harmony/projects/myfirst/entry/.preview/default/generated/r/default":{"hashValue":"c60520114f2663aa8706cda32b9537b2","name":"default","path":"/Users/jepson/Desktop/Harmony/projects/myfirst/entry/.preview/default/generated/r/default","type":"directory","isSymbolicLink":false,"children":[{"hashValue":"11dc4bd983437e9ff5e27b6b2ad0aff0","name":"ResourceTable.h","path":"/Users/jepson/Desktop/Harmony/projects/myfirst/entry/.preview/default/generated/r/default/ResourceTable.h","type":"file","isSymbolicLink":false,"fileMetaData":{"size":1969,"lastModifiedTime":1709193853648}}]},"/Users/jepson/Desktop/Harmony/projects/myfirst/entry/src/main/resources/base/profile":{"hashValue":"281262e9fad0b9ab1844e3c61c00751e","name":"profile","path":"/Users/jepson/Desktop/Harmony/projects/myfirst/entry/src/main/resources/base/profile","type":"directory","isSymbolicLink":false,"children":[{"hashValue":"7e3b4da06ae11a56440ffbb3a828b971","name":"main_pages.json","path":"/Users/jepson/Desktop/Harmony/projects/myfirst/entry/src/main/resources/base/profile/main_pages.json","type":"file","isSymbolicLink":false,"fileMetaData":{"size":37,"lastModifiedTime":1706347347667}}]},"/Users/jepson/Desktop/Harmony/projects/myfirst/entry/.preview/default/intermediates/res/default/resources/base/profile":{"hashValue":"0e79f5e820718a873da12fd6e81e82ee","name":"profile","path":"/Users/jepson/Desktop/Harmony/projects/myfirst/entry/.preview/default/intermediates/res/default/resources/base/profile","type":"directory","isSymbolicLink":false,"children":[{"hashValue":"a5c836f67b92d26cc1fefd61f5bdef22","name":"main_pages.json","path":"/Users/jepson/Desktop/Harmony/projects/myfirst/entry/.preview/default/intermediates/res/default/resources/base/profile/main_pages.json","type":"file","isSymbolicLink":false,"fileMetaData":{"size":24,"lastModifiedTime":1709193853653}}]},"/Users/jepson/Desktop/Harmony/projects/myfirst/entry/.preview/default/intermediates/res/default/module.json":{"hashValue":"5381b958c63509825c1abee721deac0f","name":"module.json","path":"/Users/jepson/Desktop/Harmony/projects/myfirst/entry/.preview/default/intermediates/res/default/module.json","type":"file","isSymbolicLink":false,"fileMetaData":{"size":2194,"lastModifiedTime":1709193853648}},"/Users/jepson/Desktop/Harmony/projects/myfirst/entry/.preview/default/intermediates/res/default/resources/base/profile/main_pages.json":{"hashValue":"a5c836f67b92d26cc1fefd61f5bdef22","name":"main_pages.json","path":"/Users/jepson/Desktop/Harmony/projects/myfirst/entry/.preview/default/intermediates/res/default/resources/base/profile/main_pages.json","type":"file","isSymbolicLink":false,"fileMetaData":{"size":24,"lastModifiedTime":1709193853653}},"/Users/jepson/Desktop/Harmony/projects/myfirst/entry/.preview/default/intermediates/loader/default":{"hashValue":"a50c1947dbc7a0cd1a5afe649a772380","name":"default","path":"/Users/jepson/Desktop/Harmony/projects/myfirst/entry/.preview/default/intermediates/loader/default","type":"directory","isSymbolicLink":false,"children":[{"hashValue":"ad78658e55b00cfc6ebef1592625ba76","name":"loader.json","path":"/Users/jepson/Desktop/Harmony/projects/myfirst/entry/.preview/default/intermediates/loader/default/loader.json","type":"file","isSymbolicLink":false,"fileMetaData":{"size":578,"lastModifiedTime":1706347362617}}]},"/Users/jepson/Desktop/Harmony/projects/myfirst/entry/.preview/default/intermediates/res/default/ResourceTable.txt":{"hashValue":"696e3da9ee84b67d491f8bb012e43573","name":"ResourceTable.txt","path":"/Users/jepson/Desktop/Harmony/projects/myfirst/entry/.preview/default/intermediates/res/default/ResourceTable.txt","type":"file","isSymbolicLink":false,"fileMetaData":{"size":770,"lastModifiedTime":1709193853648}},"/Users/jepson/Desktop/Harmony/projects/myfirst/entry/src/main/ets":{"hashValue":"eac07abf3ed3e7a25149e5cb94207766","name":"ets","path":"/Users/jepson/Desktop/Harmony/projects/myfirst/entry/src/main/ets","type":"directory","isSymbolicLink":false,"children":[{"hashValue":"85e4e5f368680a88adf22e376b07b156","name":".DS_Store","path":"/Users/jepson/Desktop/Harmony/projects/myfirst/entry/src/main/ets/.DS_Store","type":"file","isSymbolicLink":false,"fileMetaData":{"size":6148,"lastModifiedTime":1706716337111}},{"hashValue":"cd71ccb5b74f18d619ff52d41b49edfd","name":"entryability","path":"/Users/jepson/Desktop/Harmony/projects/myfirst/entry/src/main/ets/entryability","type":"directory","isSymbolicLink":false,"children":[{"hashValue":"e5d5dd97a598445989c8a15bcd19c174","name":"EntryAbility.ets","path":"/Users/jepson/Desktop/Harmony/projects/myfirst/entry/src/main/ets/entryability/EntryAbility.ets","type":"file","isSymbolicLink":false,"fileMetaData":{"size":1484,"lastModifiedTime":1706347350291}}]},{"hashValue":"5aade454368b6a44cc80a0dc77d51e20","name":"pages","path":"/Users/jepson/Desktop/Harmony/projects/myfirst/entry/src/main/ets/pages","type":"directory","isSymbolicLink":false,"children":[{"hashValue":"3811876ef83d34fea625c2f5fd68585a","name":"Index.ets","path":"/Users/jepson/Desktop/Harmony/projects/myfirst/entry/src/main/ets/pages/Index.ets","type":"file","isSymbolicLink":false,"fileMetaData":{"size":823,"lastModifiedTime":1709193851207}}]},{"hashValue":"e4df703f0ec6b5aae3f5dc788f0c6f76","name":"随堂代码","path":"/Users/jepson/Desktop/Harmony/projects/myfirst/entry/src/main/ets/随堂代码","type":"directory","isSymbolicLink":false,"children":[{"hashValue":"b2f55adf6e75fbd1a1e4d40eb17457e5","name":"01-数据的存储（变量和常量）.ets","path":"/Users/jepson/Desktop/Harmony/projects/myfirst/entry/src/main/ets/随堂代码/01-数据的存储（变量和常量）.ets","type":"file","isSymbolicLink":false,"fileMetaData":{"size":1832,"lastModifiedTime":1706450908492}},{"hashValue":"b539939ee694f0cd84f3708fc48a4ad9","name":"02-数组.ets","path":"/Users/jepson/Desktop/Harmony/projects/myfirst/entry/src/main/ets/随堂代码/02-数组.ets","type":"file","isSymbolicLink":false,"fileMetaData":{"size":685,"lastModifiedTime":1706502642552}},{"hashValue":"62eee3516f9646e934339758c2582520","name":"03-函数-基本使用.ets","path":"/Users/jepson/Desktop/Harmony/projects/myfirst/entry/src/main/ets/随堂代码/03-函数-基本使用.ets","type":"file","isSymbolicLink":false,"fileMetaData":{"size":1285,"lastModifiedTime":1706504119556}},{"hashValue":"9b2208b39902ebbce964e5fca4c9b2da","name":"04-函数的完整写法.ets","path":"/Users/jepson/Desktop/Harmony/projects/myfirst/entry/src/main/ets/随堂代码/04-函数的完整写法.ets","type":"file","isSymbolicLink":false,"fileMetaData":{"size":846,"lastModifiedTime":1706543153252}},{"hashValue":"0784ebd0f4d6024eea057017ab19a600","name":"05-箭头函数.ets","path":"/Users/jepson/Desktop/Harmony/projects/myfirst/entry/src/main/ets/随堂代码/05-箭头函数.ets","type":"file","isSymbolicLink":false,"fileMetaData":{"size":1317,"lastModifiedTime":1706598599414}},{"hashValue":"50cab36be89da28f30a7099aa26a9571","name":"06-对象的基本使用.ets","path":"/Users/jepson/Desktop/Harmony/projects/myfirst/entry/src/main/ets/随堂代码/06-对象的基本使用.ets","type":"file","isSymbolicLink":false,"fileMetaData":{"size":865,"lastModifiedTime":1706619970708}},{"hashValue":"64ba9aa0d20f9d2cabf299a756c5fac9","name":"07-对象方法的使用.ets","path":"/Users/jepson/Desktop/Harmony/projects/myfirst/entry/src/main/ets/随堂代码/07-对象方法的使用.ets","type":"file","isSymbolicLink":false,"fileMetaData":{"size":923,"lastModifiedTime":1706632705551}},{"hashValue":"dfa46b384192249c43c52d96bda21d3f","name":"08-联合类型.ets","path":"/Users/jepson/Desktop/Harmony/projects/myfirst/entry/src/main/ets/随堂代码/08-联合类型.ets","type":"file","isSymbolicLink":false,"fileMetaData":{"size":720,"lastModifiedTime":1706682083489}},{"hashValue":"ac7e4cd4e74623b64c7aefa715ec8b7b","name":"09-枚举.ets","path":"/Users/jepson/Desktop/Harmony/projects/myfirst/entry/src/main/ets/随堂代码/09-枚举.ets","type":"file","isSymbolicLink":false,"fileMetaData":{"size":637,"lastModifiedTime":1706692989439}},{"hashValue":"b59c069838d026bccd00e2cfe3abe5ac","name":"10-鸿蒙界面开发起步.ets","path":"/Users/jepson/Desktop/Harmony/projects/myfirst/entry/src/main/ets/随堂代码/10-鸿蒙界面开发起步.ets","type":"file","isSymbolicLink":false,"fileMetaData":{"size":580,"lastModifiedTime":1706763691790}},{"hashValue":"f057a9b53e2dcab2ea71cf2b9eb007e1","name":"11-布局思想-百度小说.ets","path":"/Users/jepson/Desktop/Harmony/projects/myfirst/entry/src/main/ets/随堂代码/11-布局思想-百度小说.ets","type":"file","isSymbolicLink":false,"fileMetaData":{"size":404,"lastModifiedTime":1706802243173}},{"hashValue":"0cf6b09f7e608cbbc83711f5a4bd27fe","name":"12-属性方法-百度小说.ets","path":"/Users/jepson/Desktop/Harmony/projects/myfirst/entry/src/main/ets/随堂代码/12-属性方法-百度小说.ets","type":"file","isSymbolicLink":false,"fileMetaData":{"size":872,"lastModifiedTime":1706804150304}},{"hashValue":"4f1fbbad9d092149a270d51ff70355b2","name":"13-文本颜色.ets","path":"/Users/jepson/Desktop/Harmony/projects/myfirst/entry/src/main/ets/随堂代码/13-文本颜色.ets","type":"file","isSymbolicLink":false,"fileMetaData":{"size":772,"lastModifiedTime":1706866125682}},{"hashValue":"2768045e103f6fa13a834ffaf236e617","name":"14-文本行高和多行溢出省略.ets","path":"/Users/jepson/Desktop/Harmony/projects/myfirst/entry/src/main/ets/随堂代码/14-文本行高和多行溢出省略.ets","type":"file","isSymbolicLink":false,"fileMetaData":{"size":862,"lastModifiedTime":1706932610337}},{"hashValue":"dff45dc7777ff577a76a648651307fd7","name":"15-图片组件.ets","path":"/Users/jepson/Desktop/Harmony/projects/myfirst/entry/src/main/ets/随堂代码/15-图片组件.ets","type":"file","isSymbolicLink":false,"fileMetaData":{"size":675,"lastModifiedTime":1706938983046}},{"hashValue":"0069d2c47b9840b6d5682a16565e6a14","name":"16-输入框和按钮.ets","path":"/Users/jepson/Desktop/Harmony/projects/myfirst/entry/src/main/ets/随堂代码/16-输入框和按钮.ets","type":"file","isSymbolicLink":false,"fileMetaData":{"size":420,"lastModifiedTime":1706949317731}},{"hashValue":"9204b41f450fccda8320f5463ec70123","name":"17-华为登录.ets","path":"/Users/jepson/Desktop/Harmony/projects/myfirst/entry/src/main/ets/随堂代码/17-华为登录.ets","type":"file","isSymbolicLink":false,"fileMetaData":{"size":659,"lastModifiedTime":1708600927612}},{"hashValue":"b2195d86b969673a3ad37ce01b2271d4","name":"18-svg图标的使用.ets","path":"/Users/jepson/Desktop/Harmony/projects/myfirst/entry/src/main/ets/随堂代码/18-svg图标的使用.ets","type":"file","isSymbolicLink":false,"fileMetaData":{"size":453,"lastModifiedTime":1708667825451}},{"hashValue":"9cc6c2e8a125937c116670627829ac44","name":"19-内边距-padding.ets","path":"/Users/jepson/Desktop/Harmony/projects/myfirst/entry/src/main/ets/随堂代码/19-内边距-padding.ets","type":"file","isSymbolicLink":false,"fileMetaData":{"size":404,"lastModifiedTime":1708677502158}},{"hashValue":"8707c256c32e422f091aef0249a1c4d3","name":"20-外边距-margin.ets","path":"/Users/jepson/Desktop/Harmony/projects/myfirst/entry/src/main/ets/随堂代码/20-外边距-margin.ets","type":"file","isSymbolicLink":false,"fileMetaData":{"size":825,"lastModifiedTime":1708682187606}},{"hashValue":"24542775f711bee02f9e589811456804","name":"21-案例-QQ音乐.ets","path":"/Users/jepson/Desktop/Harmony/projects/myfirst/entry/src/main/ets/随堂代码/21-案例-QQ音乐.ets","type":"file","isSymbolicLink":false,"fileMetaData":{"size":554,"lastModifiedTime":1708745710719}},{"hashValue":"f417948bce6b5ab610cbc341c6a7618e","name":"22-边框-border.ets","path":"/Users/jepson/Desktop/Harmony/projects/myfirst/entry/src/main/ets/随堂代码/22-边框-border.ets","type":"file","isSymbolicLink":false,"fileMetaData":{"size":789,"lastModifiedTime":1708748696671}},{"hashValue":"c826eb6acccd16fe7e6e98d89defa14e","name":"23-组件圆角.ets","path":"/Users/jepson/Desktop/Harmony/projects/myfirst/entry/src/main/ets/随堂代码/23-组件圆角.ets","type":"file","isSymbolicLink":false,"fileMetaData":{"size":864,"lastModifiedTime":1709002460223}},{"hashValue":"96690221d75ddcf9981cfd0dedfde187","name":"24-正圆和胶囊按钮.ets","path":"/Users/jepson/Desktop/Harmony/projects/myfirst/entry/src/main/ets/随堂代码/24-正圆和胶囊按钮.ets","type":"file","isSymbolicLink":false,"fileMetaData":{"size":482,"lastModifiedTime":1709090747394}},{"hashValue":"b2f269bf652096ef67fcd4022b48ed04","name":"25-背景图片-背景平铺.ets","path":"/Users/jepson/Desktop/Harmony/projects/myfirst/entry/src/main/ets/随堂代码/25-背景图片-背景平铺.ets","type":"file","isSymbolicLink":false,"fileMetaData":{"size":430,"lastModifiedTime":1709003952790}},{"hashValue":"6c6f3a51726304139586cb35c329c514","name":"26-背景定位.ets","path":"/Users/jepson/Desktop/Harmony/projects/myfirst/entry/src/main/ets/随堂代码/26-背景定位.ets","type":"file","isSymbolicLink":false,"fileMetaData":{"size":823,"lastModifiedTime":1709093920675}},{"hashValue":"66844b8067c2af592bd292669d641fcf","name":"27-背景坐标-单位转换.ets","path":"/Users/jepson/Desktop/Harmony/projects/myfirst/entry/src/main/ets/随堂代码/27-背景坐标-单位转换.ets","type":"file","isSymbolicLink":false,"fileMetaData":{"size":912,"lastModifiedTime":1709101701170}},{"hashValue":"f01136b32e23436b0ea690809aabd647","name":"28-背景尺寸.ets","path":"/Users/jepson/Desktop/Harmony/projects/myfirst/entry/src/main/ets/随堂代码/28-背景尺寸.ets","type":"file","isSymbolicLink":false,"fileMetaData":{"size":770,"lastModifiedTime":1709105017662}},{"hashValue":"6316ad257ee46f9c454edc560886fcce","name":"29-准备代码-Column.ets","path":"/Users/jepson/Desktop/Harmony/projects/myfirst/entry/src/main/ets/随堂代码/29-准备代码-Column.ets","type":"file","isSymbolicLink":false,"fileMetaData":{"size":604,"lastModifiedTime":1709112716926}},{"hashValue":"60db6ca60e33851cc878e7c5f367f085","name":"29-准备代码-Row.ets","path":"/Users/jepson/Desktop/Harmony/projects/myfirst/entry/src/main/ets/随堂代码/29-准备代码-Row.ets","type":"file","isSymbolicLink":false,"fileMetaData":{"size":598,"lastModifiedTime":1709112705469}},{"hashValue":"3775eb37af6532dd7f258be07e597d70","name":"30-主轴对齐方式-Column.ets","path":"/Users/jepson/Desktop/Harmony/projects/myfirst/entry/src/main/ets/随堂代码/30-主轴对齐方式-Column.ets","type":"file","isSymbolicLink":false,"fileMetaData":{"size":1356,"lastModifiedTime":1709109726797}},{"hashValue":"3395c80fb7339bc6fd9df2475da2aa7f","name":"30-主轴对齐方式-Row.ets","path":"/Users/jepson/Desktop/Harmony/projects/myfirst/entry/src/main/ets/随堂代码/30-主轴对齐方式-Row.ets","type":"file","isSymbolicLink":false,"fileMetaData":{"size":1215,"lastModifiedTime":1709110063630}},{"hashValue":"20d86eb10eda84337562d706e4480631","name":"31-案例-个人中心.ets","path":"/Users/jepson/Desktop/Harmony/projects/myfirst/entry/src/main/ets/随堂代码/31-案例-个人中心.ets","type":"file","isSymbolicLink":false,"fileMetaData":{"size":529,"lastModifiedTime":1709125006108}},{"hashValue":"c7283672ff3fe69b4627c6019d68d0d2","name":"32-交叉轴对齐方式-Column.ets","path":"/Users/jepson/Desktop/Harmony/projects/myfirst/entry/src/main/ets/随堂代码/32-交叉轴对齐方式-Column.ets","type":"file","isSymbolicLink":false,"fileMetaData":{"size":713,"lastModifiedTime":1709112617995}},{"hashValue":"847c4f75a827d63f05a359e9b8818918","name":"32-交叉轴对齐方式-Row.ets","path":"/Users/jepson/Desktop/Harmony/projects/myfirst/entry/src/main/ets/随堂代码/32-交叉轴对齐方式-Row.ets","type":"file","isSymbolicLink":false,"fileMetaData":{"size":732,"lastModifiedTime":1709123236288}},{"hashValue":"1da48bcdca3367ec158449a824bd96ea","name":"33-案例-得物-玩一玩.ets","path":"/Users/jepson/Desktop/Harmony/projects/myfirst/entry/src/main/ets/随堂代码/33-案例-得物-玩一玩.ets","type":"file","isSymbolicLink":false,"fileMetaData":{"size":1001,"lastModifiedTime":1709127408366}},{"hashValue":"d64ebe3dcbb841458691e083c09008e6","name":"34-自适应伸缩-layoutWeight.ets","path":"/Users/jepson/Desktop/Harmony/projects/myfirst/entry/src/main/ets/随堂代码/34-自适应伸缩-layoutWeight.ets","type":"file","isSymbolicLink":false,"fileMetaData":{"size":1163,"lastModifiedTime":1709130363121}},{"hashValue":"3c8d185991e75e85a6051f17ceee04d7","name":"35-综合案例-得物卡片.ets","path":"/Users/jepson/Desktop/Harmony/projects/myfirst/entry/src/main/ets/随堂代码/35-综合案例-得物卡片.ets","type":"file","isSymbolicLink":false,"fileMetaData":{"size":1301,"lastModifiedTime":1709133211682}}]}]},"/Users/jepson/Desktop/Harmony/projects/myfirst/entry/.preview/default/intermediates/loader_out/default/ets":{"hashValue":"","name":"emptyroot","path":"","type":"unknown","isSymbolicLink":false,"children":[]}}