{"/Users/jepson/Desktop/Harmony/projects/myfirst/AppScope/app.json5":{"hashValue":"0faa25fff5af8b1223452c2786556d18","name":"app.json5","path":"/Users/jepson/Desktop/Harmony/projects/myfirst/AppScope/app.json5","type":"file","isSymbolicLink":false,"fileMetaData":{"size":204,"lastModifiedTime":1706347350285}},"/Users/jepson/Desktop/Harmony/projects/myfirst/entry/src/main/module.json5":{"hashValue":"a2810321a57c5ca2894ff6f36c53015f","name":"module.json5","path":"/Users/jepson/Desktop/Harmony/projects/myfirst/entry/src/main/module.json5","type":"file","isSymbolicLink":false,"fileMetaData":{"size":918,"lastModifiedTime":1706347350290}},"/Users/jepson/Desktop/Harmony/projects/myfirst/build-profile.json5":{"hashValue":"1bc10b24a3020f8cda5ffadbd8c0a1fa","name":"build-profile.json5","path":"/Users/jepson/Desktop/Harmony/projects/myfirst/build-profile.json5","type":"file","isSymbolicLink":false,"fileMetaData":{"size":605,"lastModifiedTime":1706347350277}},"/Users/jepson/Desktop/Harmony/projects/myfirst/entry/build-profile.json5":{"hashValue":"325991dff2ee16aa116543f16069544b","name":"build-profile.json5","path":"/Users/jepson/Desktop/Harmony/projects/myfirst/entry/build-profile.json5","type":"file","isSymbolicLink":false,"fileMetaData":{"size":421,"lastModifiedTime":1706347350286}},"/Users/jepson/Desktop/Harmony/projects/myfirst/entry/src/main/resources/base/profile/main_pages.json":{"hashValue":"7e3b4da06ae11a56440ffbb3a828b971","name":"main_pages.json","path":"/Users/jepson/Desktop/Harmony/projects/myfirst/entry/src/main/resources/base/profile/main_pages.json","type":"file","isSymbolicLink":false,"fileMetaData":{"size":37,"lastModifiedTime":1706347347667}},"/Users/jepson/Desktop/Harmony/projects/myfirst/entry/oh-package.json5":{"hashValue":"87d36339375b67e2122e33f65c9378d5","name":"oh-package.json5","path":"/Users/jepson/Desktop/Harmony/projects/myfirst/entry/oh-package.json5","type":"file","isSymbolicLink":false,"fileMetaData":{"size":173,"lastModifiedTime":1706347347471}},"/Users/jepson/Desktop/Harmony/projects/myfirst/entry/.preview/default/generated/profile/default/BuildProfile.ets":{"hashValue":"96c8f98301473bb4e2b082b5053a5568","name":"BuildProfile.ets","path":"/Users/jepson/Desktop/Harmony/projects/myfirst/entry/.preview/default/generated/profile/default/BuildProfile.ets","type":"file","isSymbolicLink":false,"fileMetaData":{"size":372,"lastModifiedTime":1706347362614}},"/Users/jepson/Desktop/Harmony/projects/myfirst/entry/src/mock/mock-config.json5":{"hashValue":"e32906c2a46bf7af69a71b0694673581","name":"mock-config.json5","path":"/Users/jepson/Desktop/Harmony/projects/myfirst/entry/src/mock/mock-config.json5","type":"file","isSymbolicLink":false,"fileMetaData":{"size":3,"lastModifiedTime":1706347347617}},"/Users/jepson/Desktop/Harmony/projects/myfirst/entry/.preview/default/intermediates/loader/default/loader.json":{"hashValue":"ad78658e55b00cfc6ebef1592625ba76","name":"loader.json","path":"/Users/jepson/Desktop/Harmony/projects/myfirst/entry/.preview/default/intermediates/loader/default/loader.json","type":"file","isSymbolicLink":false,"fileMetaData":{"size":578,"lastModifiedTime":1706347362617}},"/Users/jepson/Desktop/Harmony/projects/myfirst/entry/.preview/default/intermediates/merge_profile/default/module.json":{"hashValue":"538f5bc9d62b05cf88110f37c1037e9f","name":"module.json","path":"/Users/jepson/Desktop/Harmony/projects/myfirst/entry/.preview/default/intermediates/merge_profile/default/module.json","type":"file","isSymbolicLink":false,"fileMetaData":{"size":1177,"lastModifiedTime":1706347362620}},"/Users/jepson/Desktop/Harmony/projects/myfirst/entry/.preview/default/intermediates/process_profile/default/module.json":{"hashValue":"2a14f825c4c4f783e8beccb59becfb4a","name":"module.json","path":"/Users/jepson/Desktop/Harmony/projects/myfirst/entry/.preview/default/intermediates/process_profile/default/module.json","type":"file","isSymbolicLink":false,"fileMetaData":{"size":1263,"lastModifiedTime":1706347362667}},"/Users/jepson/Desktop/Harmony/projects/myfirst/entry/src/main/resources":{"hashValue":"4d99e6093f83954e4745a3f79b785699","name":"resources","path":"/Users/jepson/Desktop/Harmony/projects/myfirst/entry/src/main/resources","type":"directory","isSymbolicLink":false,"children":[{"hashValue":"82144688f3710b51c951495071d03cc9","name":"base","path":"/Users/jepson/Desktop/Harmony/projects/myfirst/entry/src/main/resources/base","type":"directory","isSymbolicLink":false,"children":[{"hashValue":"70d16b6c60c95aaad47ae1e82992dbfa","name":"element","path":"/Users/jepson/Desktop/Harmony/projects/myfirst/entry/src/main/resources/base/element","type":"directory","isSymbolicLink":false,"children":[{"hashValue":"a58451f9ad9f88e39718ddeaa37c92eb","name":"color.json","path":"/Users/jepson/Desktop/Harmony/projects/myfirst/entry/src/main/resources/base/element/color.json","type":"file","isSymbolicLink":false,"fileMetaData":{"size":98,"lastModifiedTime":1706347347645}},{"hashValue":"8226e200f667cc41349ab0fc10da4a0c","name":"string.json","path":"/Users/jepson/Desktop/Harmony/projects/myfirst/entry/src/main/resources/base/element/string.json","type":"file","isSymbolicLink":false,"fileMetaData":{"size":247,"lastModifiedTime":1706347350282}}]},{"hashValue":"337a033a2b33791869c7789119f1fcb8","name":"media","path":"/Users/jepson/Desktop/Harmony/projects/myfirst/entry/src/main/resources/base/media","type":"directory","isSymbolicLink":false,"children":[{"hashValue":"3b8d31b8621c74b4c45fbac716f41ef0","name":"icon.png","path":"/Users/jepson/Desktop/Harmony/projects/myfirst/entry/src/main/resources/base/media/icon.png","type":"file","isSymbolicLink":false,"fileMetaData":{"size":2041,"lastModifiedTime":1706347347650}},{"hashValue":"7f330948f8cbd4d596c48fbef3c5a504","name":"startIcon.png","path":"/Users/jepson/Desktop/Harmony/projects/myfirst/entry/src/main/resources/base/media/startIcon.png","type":"file","isSymbolicLink":false,"fileMetaData":{"size":4351,"lastModifiedTime":1706347347654}}]},{"hashValue":"281262e9fad0b9ab1844e3c61c00751e","name":"profile","path":"/Users/jepson/Desktop/Harmony/projects/myfirst/entry/src/main/resources/base/profile","type":"directory","isSymbolicLink":false,"children":[{"hashValue":"7e3b4da06ae11a56440ffbb3a828b971","name":"main_pages.json","path":"/Users/jepson/Desktop/Harmony/projects/myfirst/entry/src/main/resources/base/profile/main_pages.json","type":"file","isSymbolicLink":false,"fileMetaData":{"size":37,"lastModifiedTime":1706347347667}}]}]},{"hashValue":"2b7d0f0600c4838d79f1035bb07c8834","name":"en_US","path":"/Users/jepson/Desktop/Harmony/projects/myfirst/entry/src/main/resources/en_US","type":"directory","isSymbolicLink":false,"children":[{"hashValue":"a9b994afc4708dbc753ae5a2cb124fa7","name":"element","path":"/Users/jepson/Desktop/Harmony/projects/myfirst/entry/src/main/resources/en_US/element","type":"directory","isSymbolicLink":false,"children":[{"hashValue":"698ae856f2a64e514752ecd0c3bbcace","name":"string.json","path":"/Users/jepson/Desktop/Harmony/projects/myfirst/entry/src/main/resources/en_US/element/string.json","type":"file","isSymbolicLink":false,"fileMetaData":{"size":247,"lastModifiedTime":1706347350283}}]}]},{"hashValue":"","name":"rawfile","path":"/Users/jepson/Desktop/Harmony/projects/myfirst/entry/src/main/resources/rawfile","type":"directory","isSymbolicLink":false,"children":[]},{"hashValue":"2f4243d01ac31f6bac6d45f919cc31af","name":"zh_CN","path":"/Users/jepson/Desktop/Harmony/projects/myfirst/entry/src/main/resources/zh_CN","type":"directory","isSymbolicLink":false,"children":[{"hashValue":"b4e893640115b10a29aca590b5c1623b","name":"element","path":"/Users/jepson/Desktop/Harmony/projects/myfirst/entry/src/main/resources/zh_CN/element","type":"directory","isSymbolicLink":false,"children":[{"hashValue":"d8a52cb316b00caff69892110646a1d0","name":"string.json","path":"/Users/jepson/Desktop/Harmony/projects/myfirst/entry/src/main/resources/zh_CN/element/string.json","type":"file","isSymbolicLink":false,"fileMetaData":{"size":241,"lastModifiedTime":1706347350293}}]}]}]},"/Users/jepson/Desktop/Harmony/projects/myfirst/entry/.preview/default/intermediates/res/default":{"hashValue":"9807c1733b6f2cb70802a385b9a2144d","name":"default","path":"/Users/jepson/Desktop/Harmony/projects/myfirst/entry/.preview/default/intermediates/res/default","type":"directory","isSymbolicLink":false,"children":[{"hashValue":"f8adc3286e9fe693503b3ed453df1f6a","name":"app_compiled","path":"/Users/jepson/Desktop/Harmony/projects/myfirst/entry/.preview/default/intermediates/res/default/app_compiled","type":"directory","isSymbolicLink":false,"children":[{"hashValue":"b24f3970b0744c975b4529dc4d3ea2b1","name":"15968801816804078490","path":"/Users/jepson/Desktop/Harmony/projects/myfirst/entry/.preview/default/intermediates/res/default/app_compiled/15968801816804078490","type":"file","isSymbolicLink":false,"fileMetaData":{"size":218,"lastModifiedTime":1706935428256}},{"hashValue":"39d685a680782a7d30b8caf6f144e565","name":"6749996268841095513","path":"/Users/jepson/Desktop/Harmony/projects/myfirst/entry/.preview/default/intermediates/res/default/app_compiled/6749996268841095513","type":"file","isSymbolicLink":false,"fileMetaData":{"size":133,"lastModifiedTime":1706935428256}}]},{"hashValue":"b2b2c31da8be14f9ca5bf103dfa3a442","name":"ids_map","path":"/Users/jepson/Desktop/Harmony/projects/myfirst/entry/.preview/default/intermediates/res/default/ids_map","type":"directory","isSymbolicLink":false,"children":[{"hashValue":"75eafa0f8b6fd48ee5485a844c3a8dcb","name":"id_defined.json","path":"/Users/jepson/Desktop/Harmony/projects/myfirst/entry/.preview/default/intermediates/res/default/ids_map/id_defined.json","type":"file","isSymbolicLink":false,"fileMetaData":{"size":1116,"lastModifiedTime":1706935428271}}]},{"hashValue":"545a5951a0d7e329273c7df8ae782c15","name":"mock-config.json","path":"/Users/jepson/Desktop/Harmony/projects/myfirst/entry/.preview/default/intermediates/res/default/mock-config.json","type":"file","isSymbolicLink":false,"fileMetaData":{"size":2,"lastModifiedTime":1706935432549}},{"hashValue":"66ea89baa015c557799b2c1e20a4dca3","name":"module_compiled","path":"/Users/jepson/Desktop/Harmony/projects/myfirst/entry/.preview/default/intermediates/res/default/module_compiled","type":"directory","isSymbolicLink":false,"children":[{"hashValue":"a0b2686845f995fe2f90452d6a612dfc","name":"12648490206414727846","path":"/Users/jepson/Desktop/Harmony/projects/myfirst/entry/.preview/default/intermediates/res/default/module_compiled/12648490206414727846","type":"file","isSymbolicLink":false,"fileMetaData":{"size":500,"lastModifiedTime":1706935428260}},{"hashValue":"90165da8b359461fd6ec39fc46aed046","name":"17611316247569482194","path":"/Users/jepson/Desktop/Harmony/projects/myfirst/entry/.preview/default/intermediates/res/default/module_compiled/17611316247569482194","type":"file","isSymbolicLink":false,"fileMetaData":{"size":243,"lastModifiedTime":1706935428261}},{"hashValue":"ce0cb9c4fa22df04de66cfecc33b123f","name":"17968925878860477009","path":"/Users/jepson/Desktop/Harmony/projects/myfirst/entry/.preview/default/intermediates/res/default/module_compiled/17968925878860477009","type":"file","isSymbolicLink":false,"fileMetaData":{"size":153,"lastModifiedTime":1706935428261}},{"hashValue":"5e708346bb243ae5079bdcb4e0809136","name":"2437295530550823471","path":"/Users/jepson/Desktop/Harmony/projects/myfirst/entry/.preview/default/intermediates/res/default/module_compiled/2437295530550823471","type":"file","isSymbolicLink":false,"fileMetaData":{"size":218,"lastModifiedTime":1706935428261}},{"hashValue":"24fa96bfbe12ee1e5ba20d46fc0c0c1f","name":"6472821241428965791","path":"/Users/jepson/Desktop/Harmony/projects/myfirst/entry/.preview/default/intermediates/res/default/module_compiled/6472821241428965791","type":"file","isSymbolicLink":false,"fileMetaData":{"size":233,"lastModifiedTime":1706935428261}},{"hashValue":"05ba9bb1eca72d9c9ba990eda52928ce","name":"6851878385196936693","path":"/Users/jepson/Desktop/Harmony/projects/myfirst/entry/.preview/default/intermediates/res/default/module_compiled/6851878385196936693","type":"file","isSymbolicLink":false,"fileMetaData":{"size":452,"lastModifiedTime":1706935428261}},{"hashValue":"d9490cfa6f932105a33107380463eb40","name":"8402987907944782858","path":"/Users/jepson/Desktop/Harmony/projects/myfirst/entry/.preview/default/intermediates/res/default/module_compiled/8402987907944782858","type":"file","isSymbolicLink":false,"fileMetaData":{"size":506,"lastModifiedTime":1706935428260}}]},{"hashValue":"e899543611b74aafb323ffa11d90a170","name":"module.json","path":"/Users/jepson/Desktop/Harmony/projects/myfirst/entry/.preview/default/intermediates/res/default/module.json","type":"file","isSymbolicLink":false,"fileMetaData":{"size":2194,"lastModifiedTime":1706935428271}},{"hashValue":"8363dbe4ed452d215bef8c4b1b69f94f","name":"resources","path":"/Users/jepson/Desktop/Harmony/projects/myfirst/entry/.preview/default/intermediates/res/default/resources","type":"directory","isSymbolicLink":false,"children":[{"hashValue":"0be239b986222aa39744dd19e1b4b761","name":"base","path":"/Users/jepson/Desktop/Harmony/projects/myfirst/entry/.preview/default/intermediates/res/default/resources/base","type":"directory","isSymbolicLink":false,"children":[{"hashValue":"8667bb6b310c25934efd2d297e57af9f","name":"profile","path":"/Users/jepson/Desktop/Harmony/projects/myfirst/entry/.preview/default/intermediates/res/default/resources/base/profile","type":"directory","isSymbolicLink":false,"children":[{"hashValue":"0ba2d1b14aea947c52590d358a963dd5","name":"main_pages.json","path":"/Users/jepson/Desktop/Harmony/projects/myfirst/entry/.preview/default/intermediates/res/default/resources/base/profile/main_pages.json","type":"file","isSymbolicLink":false,"fileMetaData":{"size":24,"lastModifiedTime":1706935428278}}]}]}]},{"hashValue":"e8a7fe409a2287b742ebb313a9560a59","name":"resources.index","path":"/Users/jepson/Desktop/Harmony/projects/myfirst/entry/.preview/default/intermediates/res/default/resources.index","type":"file","isSymbolicLink":false,"fileMetaData":{"size":1304,"lastModifiedTime":1706935428271}},{"hashValue":"f36020b6b7a5d7b979e184fdc0db2d6a","name":"ResourceTable.txt","path":"/Users/jepson/Desktop/Harmony/projects/myfirst/entry/.preview/default/intermediates/res/default/ResourceTable.txt","type":"file","isSymbolicLink":false,"fileMetaData":{"size":275,"lastModifiedTime":1706935428271}}]},"/Users/jepson/Desktop/Harmony/projects/myfirst/entry/.preview/default/generated/r/default":{"hashValue":"aa6100063ee771cfb6c27f7e6ae89e2f","name":"default","path":"/Users/jepson/Desktop/Harmony/projects/myfirst/entry/.preview/default/generated/r/default","type":"directory","isSymbolicLink":false,"children":[{"hashValue":"e95d351da73df6897fe30f373f01b6c4","name":"ResourceTable.h","path":"/Users/jepson/Desktop/Harmony/projects/myfirst/entry/.preview/default/generated/r/default/ResourceTable.h","type":"file","isSymbolicLink":false,"fileMetaData":{"size":1134,"lastModifiedTime":1706935428271}}]},"/Users/jepson/Desktop/Harmony/projects/myfirst/entry/src/main/resources/base/profile":{"hashValue":"281262e9fad0b9ab1844e3c61c00751e","name":"profile","path":"/Users/jepson/Desktop/Harmony/projects/myfirst/entry/src/main/resources/base/profile","type":"directory","isSymbolicLink":false,"children":[{"hashValue":"7e3b4da06ae11a56440ffbb3a828b971","name":"main_pages.json","path":"/Users/jepson/Desktop/Harmony/projects/myfirst/entry/src/main/resources/base/profile/main_pages.json","type":"file","isSymbolicLink":false,"fileMetaData":{"size":37,"lastModifiedTime":1706347347667}}]},"/Users/jepson/Desktop/Harmony/projects/myfirst/entry/.preview/default/intermediates/res/default/resources/base/profile":{"hashValue":"8667bb6b310c25934efd2d297e57af9f","name":"profile","path":"/Users/jepson/Desktop/Harmony/projects/myfirst/entry/.preview/default/intermediates/res/default/resources/base/profile","type":"directory","isSymbolicLink":false,"children":[{"hashValue":"0ba2d1b14aea947c52590d358a963dd5","name":"main_pages.json","path":"/Users/jepson/Desktop/Harmony/projects/myfirst/entry/.preview/default/intermediates/res/default/resources/base/profile/main_pages.json","type":"file","isSymbolicLink":false,"fileMetaData":{"size":24,"lastModifiedTime":1706935428278}}]},"/Users/jepson/Desktop/Harmony/projects/myfirst/entry/.preview/default/intermediates/res/default/module.json":{"hashValue":"e899543611b74aafb323ffa11d90a170","name":"module.json","path":"/Users/jepson/Desktop/Harmony/projects/myfirst/entry/.preview/default/intermediates/res/default/module.json","type":"file","isSymbolicLink":false,"fileMetaData":{"size":2194,"lastModifiedTime":1706935428271}},"/Users/jepson/Desktop/Harmony/projects/myfirst/entry/.preview/default/intermediates/res/default/resources/base/profile/main_pages.json":{"hashValue":"0ba2d1b14aea947c52590d358a963dd5","name":"main_pages.json","path":"/Users/jepson/Desktop/Harmony/projects/myfirst/entry/.preview/default/intermediates/res/default/resources/base/profile/main_pages.json","type":"file","isSymbolicLink":false,"fileMetaData":{"size":24,"lastModifiedTime":1706935428278}},"/Users/jepson/Desktop/Harmony/projects/myfirst/entry/.preview/default/intermediates/loader/default":{"hashValue":"a50c1947dbc7a0cd1a5afe649a772380","name":"default","path":"/Users/jepson/Desktop/Harmony/projects/myfirst/entry/.preview/default/intermediates/loader/default","type":"directory","isSymbolicLink":false,"children":[{"hashValue":"ad78658e55b00cfc6ebef1592625ba76","name":"loader.json","path":"/Users/jepson/Desktop/Harmony/projects/myfirst/entry/.preview/default/intermediates/loader/default/loader.json","type":"file","isSymbolicLink":false,"fileMetaData":{"size":578,"lastModifiedTime":1706347362617}}]},"/Users/jepson/Desktop/Harmony/projects/myfirst/entry/.preview/default/intermediates/res/default/ResourceTable.txt":{"hashValue":"f36020b6b7a5d7b979e184fdc0db2d6a","name":"ResourceTable.txt","path":"/Users/jepson/Desktop/Harmony/projects/myfirst/entry/.preview/default/intermediates/res/default/ResourceTable.txt","type":"file","isSymbolicLink":false,"fileMetaData":{"size":275,"lastModifiedTime":1706935428271}},"/Users/jepson/Desktop/Harmony/projects/myfirst/entry/src/main/ets":{"hashValue":"0faf40ad84b38653422e233a027dca52","name":"ets","path":"/Users/jepson/Desktop/Harmony/projects/myfirst/entry/src/main/ets","type":"directory","isSymbolicLink":false,"children":[{"hashValue":"85e4e5f368680a88adf22e376b07b156","name":".DS_Store","path":"/Users/jepson/Desktop/Harmony/projects/myfirst/entry/src/main/ets/.DS_Store","type":"file","isSymbolicLink":false,"fileMetaData":{"size":6148,"lastModifiedTime":1706716337111}},{"hashValue":"cd71ccb5b74f18d619ff52d41b49edfd","name":"entryability","path":"/Users/jepson/Desktop/Harmony/projects/myfirst/entry/src/main/ets/entryability","type":"directory","isSymbolicLink":false,"children":[{"hashValue":"e5d5dd97a598445989c8a15bcd19c174","name":"EntryAbility.ets","path":"/Users/jepson/Desktop/Harmony/projects/myfirst/entry/src/main/ets/entryability/EntryAbility.ets","type":"file","isSymbolicLink":false,"fileMetaData":{"size":1484,"lastModifiedTime":1706347350291}}]},{"hashValue":"b4903d37672617fd2941c8f252ddb142","name":"pages","path":"/Users/jepson/Desktop/Harmony/projects/myfirst/entry/src/main/ets/pages","type":"directory","isSymbolicLink":false,"children":[{"hashValue":"b2f55adf6e75fbd1a1e4d40eb17457e5","name":"01-数据的存储（变量和常量）.ets","path":"/Users/jepson/Desktop/Harmony/projects/myfirst/entry/src/main/ets/pages/01-数据的存储（变量和常量）.ets","type":"file","isSymbolicLink":false,"fileMetaData":{"size":1832,"lastModifiedTime":1706450908492}},{"hashValue":"b539939ee694f0cd84f3708fc48a4ad9","name":"02-数组.ets","path":"/Users/jepson/Desktop/Harmony/projects/myfirst/entry/src/main/ets/pages/02-数组.ets","type":"file","isSymbolicLink":false,"fileMetaData":{"size":685,"lastModifiedTime":1706502642552}},{"hashValue":"62eee3516f9646e934339758c2582520","name":"03-函数-基本使用.ets","path":"/Users/jepson/Desktop/Harmony/projects/myfirst/entry/src/main/ets/pages/03-函数-基本使用.ets","type":"file","isSymbolicLink":false,"fileMetaData":{"size":1285,"lastModifiedTime":1706504119556}},{"hashValue":"9b2208b39902ebbce964e5fca4c9b2da","name":"04-函数的完整写法.ets","path":"/Users/jepson/Desktop/Harmony/projects/myfirst/entry/src/main/ets/pages/04-函数的完整写法.ets","type":"file","isSymbolicLink":false,"fileMetaData":{"size":846,"lastModifiedTime":1706543153252}},{"hashValue":"0784ebd0f4d6024eea057017ab19a600","name":"05-箭头函数.ets","path":"/Users/jepson/Desktop/Harmony/projects/myfirst/entry/src/main/ets/pages/05-箭头函数.ets","type":"file","isSymbolicLink":false,"fileMetaData":{"size":1317,"lastModifiedTime":1706598599414}},{"hashValue":"50cab36be89da28f30a7099aa26a9571","name":"06-对象的基本使用.ets","path":"/Users/jepson/Desktop/Harmony/projects/myfirst/entry/src/main/ets/pages/06-对象的基本使用.ets","type":"file","isSymbolicLink":false,"fileMetaData":{"size":865,"lastModifiedTime":1706619970708}},{"hashValue":"64ba9aa0d20f9d2cabf299a756c5fac9","name":"07-对象方法的使用.ets","path":"/Users/jepson/Desktop/Harmony/projects/myfirst/entry/src/main/ets/pages/07-对象方法的使用.ets","type":"file","isSymbolicLink":false,"fileMetaData":{"size":923,"lastModifiedTime":1706632705551}},{"hashValue":"dfa46b384192249c43c52d96bda21d3f","name":"08-联合类型.ets","path":"/Users/jepson/Desktop/Harmony/projects/myfirst/entry/src/main/ets/pages/08-联合类型.ets","type":"file","isSymbolicLink":false,"fileMetaData":{"size":720,"lastModifiedTime":1706682083489}},{"hashValue":"ac7e4cd4e74623b64c7aefa715ec8b7b","name":"09-枚举.ets","path":"/Users/jepson/Desktop/Harmony/projects/myfirst/entry/src/main/ets/pages/09-枚举.ets","type":"file","isSymbolicLink":false,"fileMetaData":{"size":637,"lastModifiedTime":1706692989439}},{"hashValue":"b59c069838d026bccd00e2cfe3abe5ac","name":"10-鸿蒙界面开发起步.ets","path":"/Users/jepson/Desktop/Harmony/projects/myfirst/entry/src/main/ets/pages/10-鸿蒙界面开发起步.ets","type":"file","isSymbolicLink":false,"fileMetaData":{"size":580,"lastModifiedTime":1706763691790}},{"hashValue":"f057a9b53e2dcab2ea71cf2b9eb007e1","name":"11-布局思想-百度小说.ets","path":"/Users/jepson/Desktop/Harmony/projects/myfirst/entry/src/main/ets/pages/11-布局思想-百度小说.ets","type":"file","isSymbolicLink":false,"fileMetaData":{"size":404,"lastModifiedTime":1706802243173}},{"hashValue":"0cf6b09f7e608cbbc83711f5a4bd27fe","name":"12-属性方法-百度小说.ets","path":"/Users/jepson/Desktop/Harmony/projects/myfirst/entry/src/main/ets/pages/12-属性方法-百度小说.ets","type":"file","isSymbolicLink":false,"fileMetaData":{"size":872,"lastModifiedTime":1706804150304}},{"hashValue":"4f1fbbad9d092149a270d51ff70355b2","name":"13-文本颜色.ets","path":"/Users/jepson/Desktop/Harmony/projects/myfirst/entry/src/main/ets/pages/13-文本颜色.ets","type":"file","isSymbolicLink":false,"fileMetaData":{"size":772,"lastModifiedTime":1706866125682}},{"hashValue":"2768045e103f6fa13a834ffaf236e617","name":"14-文本行高和多行溢出省略.ets","path":"/Users/jepson/Desktop/Harmony/projects/myfirst/entry/src/main/ets/pages/14-文本行高和多行溢出省略.ets","type":"file","isSymbolicLink":false,"fileMetaData":{"size":862,"lastModifiedTime":1706932610337}},{"hashValue":"08ac3358953a030b312e293202bfd743","name":"Index.ets","path":"/Users/jepson/Desktop/Harmony/projects/myfirst/entry/src/main/ets/pages/Index.ets","type":"file","isSymbolicLink":false,"fileMetaData":{"size":102,"lastModifiedTime":1706935423374}}]}]},"/Users/jepson/Desktop/Harmony/projects/myfirst/entry/.preview/default/intermediates/loader_out/default/ets":{"hashValue":"","name":"emptyroot","path":"","type":"unknown","isSymbolicLink":false,"children":[]}}