{
  "version": "2.0",
  "events": [
    {
      "head": {
        "id": "d5df6642-961b-4b51-931e-471f90641f4a",
        "name": "hvigor build process will be closed.",
        "description": "",
        "type": "log"
      },
      "body": {
        "pid": 63413,
        "tid": "Main Thread",
        "startTime": 1466900500000125
      },
      "additional": {
        "logType": "debug",
        "children": []
      }
    },
    {
      "head": {
        "id": "5237a4c3-99fa-4f40-ba5d-2b2fb203d307",
        "name": "watch worker: worker is ready to be terminated.",
        "description": "",
        "type": "log"
      },
      "body": {
        "pid": 63413,
        "tid": "Main Thread",
        "startTime": 1470698491532541
      },
      "additional": {
        "logType": "debug",
        "children": []
      }
    },
    {
      "head": {
        "id": "1d1e3c78-19de-441c-ab95-e0087ee723a1",
        "name": "Server currently has 0 watch-worker",
        "description": "",
        "type": "log"
      },
      "body": {
        "pid": 63413,
        "tid": "Main Thread",
        "startTime": 1470698491964041
      },
      "additional": {
        "logType": "debug",
        "children": []
      }
    },
    {
      "head": {
        "id": "21c7981b-ab58-4a9d-a461-15ccf3bae386",
        "name": "watch worker: worker id should be larger than 0. Nothing will be sent to any worker thread.",
        "description": "",
        "type": "log"
      },
      "body": {
        "pid": 63413,
        "tid": "Main Thread",
        "startTime": 1470698817387000
      },
      "additional": {
        "logType": "debug",
        "children": []
      }
    },
    {
      "head": {
        "id": "530d5a79-03d2-4020-9cd9-f4459ecca93a",
        "name": "init",
        "description": "Initialize and build task graph.",
        "type": "duration"
      },
      "body": {
        "pid": 63413,
        "tid": "Main Thread",
        "startTime": 1470698818681541,
        "endTime": 1470698874377166
      },
      "additional": {
        "children": [],
        "state": "success",
        "targetName": "",
        "moduleName": "",
        "category": "Init",
        "taskRunReasons": [],
        "logId": "a4569d08-630a-41b3-b414-a643556d60bf"
      },
      "log": {
        "_logger": {
          "category": "DurationEvent",
          "context": {},
          "callStackSkipIndex": 0
        },
        "_filelogger": {
          "category": "debug-file",
          "context": {},
          "callStackSkipIndex": 0
        }
      }
    },
    {
      "head": {
        "id": "28744790-83cb-473e-90ee-d2f0c56f5e7f",
        "name": "Hvigor init with startParameters:{\n  hvigorfileTypeCheck: false,\n  parallelExecution: true,\n  incrementalExecution: true,\n  printStackTrace: false,\n  daemon: true,\n  analyze: 0,\n  logLevel: Level { level: 20000, levelStr: 'INFO', colour: 'green' },\n  enableSignTask: true,\n  skipNativeIncremental: false,\n  poolMaxCoreSize: undefined,\n  poolCacheCapacity: undefined,\n  poolCacheTtl: undefined\n}",
        "description": "",
        "type": "log"
      },
      "body": {
        "pid": 63413,
        "tid": "Main Thread",
        "startTime": 1470698819375416
      },
      "additional": {
        "logType": "debug",
        "children": []
      }
    },
    {
      "head": {
        "id": "b9b78952-ef7b-4e24-9194-a99a750dc967",
        "name": "Cache service initialization finished in 2 ms ",
        "description": "",
        "type": "log"
      },
      "body": {
        "pid": 63413,
        "tid": "Main Thread",
        "startTime": 1470698821199708
      },
      "additional": {
        "logType": "debug",
        "children": []
      }
    },
    {
      "head": {
        "id": "0a08bb5e-ecbd-4ee5-b45b-1c9ffa92cf79",
        "name": "hvigorfile, resolving /Users/jepson/Desktop/Harmony/projects/myfirst/hvigorfile.ts",
        "description": "",
        "type": "log"
      },
      "body": {
        "pid": 63413,
        "tid": "Main Thread",
        "startTime": 1470698821633333
      },
      "additional": {
        "logType": "debug",
        "children": []
      }
    },
    {
      "head": {
        "id": "1755501c-fcac-4b63-8ba0-62c751d3a8b1",
        "name": "hvigorfile, require result:  { default: { system: [Function: appTasks], plugins: [] } }",
        "description": "",
        "type": "log"
      },
      "body": {
        "pid": 63413,
        "tid": "Main Thread",
        "startTime": 1470698824989291
      },
      "additional": {
        "logType": "debug",
        "children": []
      }
    },
    {
      "head": {
        "id": "af29dde8-29f8-49b6-9ad3-30b1f350f28c",
        "name": "hvigorfile, binding system plugins [Function: appTasks]",
        "description": "",
        "type": "log"
      },
      "body": {
        "pid": 63413,
        "tid": "Main Thread",
        "startTime": 1470698825039250
      },
      "additional": {
        "logType": "debug",
        "children": []
      }
    },
    {
      "head": {
        "id": "b10801e2-acf9-44a5-8919-0f3e462eb1e0",
        "name": "hvigorfile, binding custom plugins []",
        "description": "",
        "type": "log"
      },
      "body": {
        "pid": 63413,
        "tid": "Main Thread",
        "startTime": 1470698826457666
      },
      "additional": {
        "logType": "debug",
        "children": []
      }
    },
    {
      "head": {
        "id": "25b815f2-da27-4b5c-a9d3-7b34ad11f1c9",
        "name": "hvigorfile, no custom plugins were found in /Users/jepson/Desktop/Harmony/projects/myfirst/hvigorfile.ts",
        "description": "",
        "type": "log"
      },
      "body": {
        "pid": 63413,
        "tid": "Main Thread",
        "startTime": 1470698826492833
      },
      "additional": {
        "logType": "debug",
        "children": []
      }
    },
    {
      "head": {
        "id": "4080cdea-3e64-4188-98a5-ea7391aee8c8",
        "name": "hvigorfile, resolve finished /Users/jepson/Desktop/Harmony/projects/myfirst/hvigorfile.ts",
        "description": "",
        "type": "log"
      },
      "body": {
        "pid": 63413,
        "tid": "Main Thread",
        "startTime": 1470698826510916
      },
      "additional": {
        "logType": "debug",
        "children": []
      }
    },
    {
      "head": {
        "id": "543ef7db-0a06-402d-b0bc-7c4abc1cb381",
        "name": "hvigorfile, resolving /Users/jepson/Desktop/Harmony/projects/myfirst/entry/hvigorfile.ts",
        "description": "",
        "type": "log"
      },
      "body": {
        "pid": 63413,
        "tid": "Main Thread",
        "startTime": 1470698826908583
      },
      "additional": {
        "logType": "debug",
        "children": []
      }
    },
    {
      "head": {
        "id": "74437141-8aef-4ffa-95b0-6dd4b2ea9913",
        "name": "hvigorfile, require result:  { default: { system: [Function: hapTasks], plugins: [] } }",
        "description": "",
        "type": "log"
      },
      "body": {
        "pid": 63413,
        "tid": "Main Thread",
        "startTime": 1470698829101916
      },
      "additional": {
        "logType": "debug",
        "children": []
      }
    },
    {
      "head": {
        "id": "f4e50158-cccf-4b02-8f1d-3a8c402b0eeb",
        "name": "hvigorfile, binding system plugins [Function: hapTasks]",
        "description": "",
        "type": "log"
      },
      "body": {
        "pid": 63413,
        "tid": "Main Thread",
        "startTime": 1470698829146583
      },
      "additional": {
        "logType": "debug",
        "children": []
      }
    },
    {
      "head": {
        "id": "119e162a-4818-4dc0-a0d7-e7ec1ff7d6fe",
        "name": "Module entry Collected Dependency: ",
        "description": "",
        "type": "log"
      },
      "body": {
        "pid": 63413,
        "tid": "Main Thread",
        "startTime": 1470698830635208
      },
      "additional": {
        "logType": "debug",
        "children": []
      }
    },
    {
      "head": {
        "id": "0f567240-c30b-4857-b7d3-0fba0be3b303",
        "name": "Module entry's total dependency: 0",
        "description": "",
        "type": "log"
      },
      "body": {
        "pid": 63413,
        "tid": "Main Thread",
        "startTime": 1470698830658208
      },
      "additional": {
        "logType": "debug",
        "children": []
      }
    },
    {
      "head": {
        "id": "b9d6475c-f0a7-4f8a-86a2-dcb5a75f0e24",
        "name": "Start initialize module-target build option map, moduleName=entry, buildMode=debug",
        "description": "",
        "type": "log"
      },
      "body": {
        "pid": 63413,
        "tid": "Main Thread",
        "startTime": 1470698831339083
      },
      "additional": {
        "logType": "debug",
        "children": []
      }
    },
    {
      "head": {
        "id": "440bf6d6-d0e0-48cd-a87f-bf98842e7f89",
        "name": "Target 'default' config: {}",
        "description": "",
        "type": "log"
      },
      "body": {
        "pid": 63413,
        "tid": "Main Thread",
        "startTime": 1470698831366666
      },
      "additional": {
        "logType": "debug",
        "children": []
      }
    },
    {
      "head": {
        "id": "ff112bce-ec4b-42bc-96e6-7c4e71744a56",
        "name": "Target 'ohosTest' config: {}",
        "description": "",
        "type": "log"
      },
      "body": {
        "pid": 63413,
        "tid": "Main Thread",
        "startTime": 1470698831420458
      },
      "additional": {
        "logType": "debug",
        "children": []
      }
    },
    {
      "head": {
        "id": "05c26171-35dc-480a-bd51-346cf47dfac1",
        "name": "Module 'entry' target 'default' build option: {\n  \"debuggable\": true,\n  \"copyFrom\": \"default\",\n  \"name\": \"debug\"\n}",
        "description": "",
        "type": "log"
      },
      "body": {
        "pid": 63413,
        "tid": "Main Thread",
        "startTime": 1470698831764041
      },
      "additional": {
        "logType": "debug",
        "children": []
      }
    },
    {
      "head": {
        "id": "adfd55b2-fa38-4543-8286-0715006b8c82",
        "name": "Module 'entry' target 'ohosTest' build option: {\n  \"debuggable\": true,\n  \"name\": \"default\"\n}",
        "description": "",
        "type": "log"
      },
      "body": {
        "pid": 63413,
        "tid": "Main Thread",
        "startTime": 1470698831789833
      },
      "additional": {
        "logType": "debug",
        "children": []
      }
    },
    {
      "head": {
        "id": "c53eec53-9c31-4aab-a089-75955f81fa11",
        "name": "End initialize module-target build option map, moduleName=entry",
        "description": "",
        "type": "log"
      },
      "body": {
        "pid": 63413,
        "tid": "Main Thread",
        "startTime": 1470698831807208
      },
      "additional": {
        "logType": "debug",
        "children": []
      }
    },
    {
      "head": {
        "id": "3acaece8-0a18-4dbd-87ec-fc0fb62cbb48",
        "name": "Module 'entry' target 'default' using build option: {\n  \"debuggable\": true,\n  \"copyFrom\": \"default\",\n  \"name\": \"debug\"\n} in this build.",
        "description": "",
        "type": "log"
      },
      "body": {
        "pid": 63413,
        "tid": "Main Thread",
        "startTime": 1470698831829666
      },
      "additional": {
        "logType": "debug",
        "children": []
      }
    },
    {
      "head": {
        "id": "2221f217-dc68-49c8-bbca-6c69001e141f",
        "name": "require SDK: toolchains,ArkTS; moduleName=entry",
        "description": "",
        "type": "log"
      },
      "body": {
        "pid": 63413,
        "tid": "Main Thread",
        "startTime": 1470698832049291
      },
      "additional": {
        "logType": "debug",
        "children": []
      }
    },
    {
      "head": {
        "id": "2873f8b4-3a60-4dc0-9b19-26242e3ac2c7",
        "name": "Module entry task initialization takes 1 ms ",
        "description": "",
        "type": "log"
      },
      "body": {
        "pid": 63413,
        "tid": "Main Thread",
        "startTime": 1470698833054083
      },
      "additional": {
        "logType": "debug",
        "children": []
      }
    },
    {
      "head": {
        "id": "6d0b201d-bf5e-46cb-93cb-71180acda9ac",
        "name": "hvigorfile, binding custom plugins []",
        "description": "",
        "type": "log"
      },
      "body": {
        "pid": 63413,
        "tid": "Main Thread",
        "startTime": 1470698833086125
      },
      "additional": {
        "logType": "debug",
        "children": []
      }
    },
    {
      "head": {
        "id": "f675ce8c-e858-437f-ae66-dae5f5377054",
        "name": "hvigorfile, no custom plugins were found in /Users/jepson/Desktop/Harmony/projects/myfirst/entry/hvigorfile.ts",
        "description": "",
        "type": "log"
      },
      "body": {
        "pid": 63413,
        "tid": "Main Thread",
        "startTime": 1470698833104583
      },
      "additional": {
        "logType": "debug",
        "children": []
      }
    },
    {
      "head": {
        "id": "425e4277-247e-43d1-8d9c-18ade4963526",
        "name": "hvigorfile, resolve finished /Users/jepson/Desktop/Harmony/projects/myfirst/entry/hvigorfile.ts",
        "description": "",
        "type": "log"
      },
      "body": {
        "pid": 63413,
        "tid": "Main Thread",
        "startTime": 1470698833118500
      },
      "additional": {
        "logType": "debug",
        "children": []
      }
    },
    {
      "head": {
        "id": "9a529050-bc69-46a2-8005-03657572b94c",
        "name": "hvigorfile, resolve hvigorfile dependencies in 35 ms ",
        "description": "",
        "type": "log"
      },
      "body": {
        "pid": 63413,
        "tid": "Main Thread",
        "startTime": 1470698867394875
      },
      "additional": {
        "logType": "debug",
        "children": []
      }
    },
    {
      "head": {
        "id": "879023d2-e4ca-4cef-8519-26b3ba20cb91",
        "name": "Start initialize project's product build option map with build mode debug.",
        "description": "",
        "type": "log"
      },
      "body": {
        "pid": 63413,
        "tid": "Main Thread",
        "startTime": 1470698867523250
      },
      "additional": {
        "logType": "debug",
        "children": []
      }
    },
    {
      "head": {
        "id": "e55ff307-4792-4e33-9743-7f0d0970aeda",
        "name": "Picking option from product 'default' with build mode 'debug'.",
        "description": "",
        "type": "log"
      },
      "body": {
        "pid": 63413,
        "tid": "Main Thread",
        "startTime": 1470698867548625
      },
      "additional": {
        "logType": "debug",
        "children": []
      }
    },
    {
      "head": {
        "id": "c35af19a-60bb-499a-9517-227c75c5fa94",
        "name": "Product 'default' build option: {}",
        "description": "",
        "type": "log"
      },
      "body": {
        "pid": 63413,
        "tid": "Main Thread",
        "startTime": 1470698867574625
      },
      "additional": {
        "logType": "debug",
        "children": []
      }
    },
    {
      "head": {
        "id": "5d877ad5-6dfe-4c30-b2b3-53efc4c6ac4c",
        "name": "End initialize project's product build option map with build mode 'debug'.",
        "description": "",
        "type": "log"
      },
      "body": {
        "pid": 63413,
        "tid": "Main Thread",
        "startTime": 1470698867589458
      },
      "additional": {
        "logType": "debug",
        "children": []
      }
    },
    {
      "head": {
        "id": "8921127f-728b-4423-8bd7-907793f52935",
        "name": "Module myfirst Collected Dependency: ",
        "description": "",
        "type": "log"
      },
      "body": {
        "pid": 63413,
        "tid": "Main Thread",
        "startTime": 1470698867789166
      },
      "additional": {
        "logType": "debug",
        "children": []
      }
    },
    {
      "head": {
        "id": "02e290cb-9efa-4c34-8ae3-ac3986230f82",
        "name": "Module myfirst's total dependency: 0",
        "description": "",
        "type": "log"
      },
      "body": {
        "pid": 63413,
        "tid": "Main Thread",
        "startTime": 1470698867808666
      },
      "additional": {
        "logType": "debug",
        "children": []
      }
    },
    {
      "head": {
        "id": "8469aaf5-4bd1-45f0-a193-90dc1a1faf97",
        "name": "Product 'default' using build option: {\n  \"debuggable\": true\n} in this build.",
        "description": "",
        "type": "log"
      },
      "body": {
        "pid": 63413,
        "tid": "Main Thread",
        "startTime": 1470698868044000
      },
      "additional": {
        "logType": "debug",
        "children": []
      }
    },
    {
      "head": {
        "id": "f93a2211-5154-4e3f-b6ad-a574beb08343",
        "name": "Sdk init in 1 ms ",
        "description": "",
        "type": "log"
      },
      "body": {
        "pid": 63413,
        "tid": "Main Thread",
        "startTime": 1470698869247958
      },
      "additional": {
        "logType": "debug",
        "children": []
      }
    },
    {
      "head": {
        "id": "99e63078-1bc3-4361-94df-a5ca0265d190",
        "name": "sdkVersion",
        "description": "4.1.0.52",
        "type": "mark"
      },
      "body": {
        "pid": 63413,
        "tid": "Main Thread",
        "startTime": 1470698869274041
      },
      "additional": {
        "time": {
          "year": 2024,
          "month": 2,
          "day": 2,
          "hour": 13,
          "minute": 26
        },
        "markType": "other"
      }
    },
    {
      "head": {
        "id": "622a23b3-a210-4b6c-b820-148809a3f22e",
        "name": "Project task initialization takes 4 ms ",
        "description": "",
        "type": "log"
      },
      "body": {
        "pid": 63413,
        "tid": "Main Thread",
        "startTime": 1470698873170041
      },
      "additional": {
        "logType": "debug",
        "children": []
      }
    },
    {
      "head": {
        "id": "ae8901f6-7ba5-4aa0-8dde-137c1492877a",
        "name": "Sdk init in 1 ms ",
        "description": "",
        "type": "log"
      },
      "body": {
        "pid": 63413,
        "tid": "Main Thread",
        "startTime": 1470698873638666
      },
      "additional": {
        "logType": "debug",
        "children": []
      }
    },
    {
      "head": {
        "id": "d875c083-4505-46bb-a0d2-1f5458512b50",
        "name": "project has submodules:entry",
        "description": "",
        "type": "log"
      },
      "body": {
        "pid": 63413,
        "tid": "Main Thread",
        "startTime": 1470698873965000
      },
      "additional": {
        "logType": "debug",
        "children": []
      }
    },
    {
      "head": {
        "id": "3cdbd380-c2a4-4897-90e7-bc50a9b77885",
        "name": "Configuration phase cost:53 ms ",
        "description": "",
        "type": "log"
      },
      "body": {
        "pid": 63413,
        "tid": "Main Thread",
        "startTime": 1470698874180208
      },
      "additional": {
        "logType": "debug",
        "children": []
      }
    },
    {
      "head": {
        "id": "a4569d08-630a-41b3-b414-a643556d60bf",
        "name": "init",
        "description": "",
        "type": "log"
      },
      "body": {
        "pid": 63413,
        "tid": "Main Thread",
        "startTime": 1470698818681541,
        "endTime": 1470698874377166
      },
      "additional": {
        "logType": "info",
        "children": [],
        "durationId": "530d5a79-03d2-4020-9cd9-f4459ecca93a"
      }
    },
    {
      "head": {
        "id": "dc1f5655-dba3-41fc-b29a-6a34a96794a0",
        "name": "Configuration task cost before running: 56 ms ",
        "description": "",
        "type": "log"
      },
      "body": {
        "pid": 63413,
        "tid": "Main Thread",
        "startTime": 1470698874437625
      },
      "additional": {
        "logType": "debug",
        "children": []
      }
    },
    {
      "head": {
        "id": "7130467d-8992-4efd-b5d5-3ba4c7cab7be",
        "name": "entry:default@PreBuild",
        "description": "Pre-build in the stage model.",
        "type": "duration"
      },
      "body": {
        "pid": 63413,
        "tid": "Main Thread",
        "startTime": 1470698875343833,
        "endTime": 1470698875942041
      },
      "additional": {
        "children": [],
        "state": "success",
        "targetName": "default",
        "moduleName": "entry",
        "category": "Verification",
        "taskRunReasons": [],
        "detailId": "d255e02e-c070-4303-8516-57fbee0a3b8d",
        "logId": "f8d6df91-8d91-4282-99a9-6737f9a541c0"
      },
      "log": {
        "_logger": {
          "category": "DurationEvent",
          "context": {},
          "callStackSkipIndex": 0
        },
        "_filelogger": {
          "category": "debug-file",
          "context": {},
          "callStackSkipIndex": 0
        }
      }
    },
    {
      "head": {
        "id": "d255e02e-c070-4303-8516-57fbee0a3b8d",
        "name": "create entry:default@PreBuild task",
        "description": "",
        "type": "log"
      },
      "body": {
        "pid": 63413,
        "tid": "Main Thread",
        "startTime": 1470698874582708
      },
      "additional": {
        "logType": "detail",
        "children": [],
        "durationId": "7130467d-8992-4efd-b5d5-3ba4c7cab7be"
      }
    },
    {
      "head": {
        "id": "008767f9-c856-4dc6-96c6-36285f532ed4",
        "name": "entry : default@PreBuild start {\n  rss: 203866112,\n  heapTotal: 116506624,\n  heapUsed: 96917992,\n  external: 1046801,\n  arrayBuffers: 112959\n}",
        "description": "",
        "type": "log"
      },
      "body": {
        "pid": 63413,
        "tid": "Main Thread",
        "startTime": 1470698875306208
      },
      "additional": {
        "logType": "debug",
        "children": []
      }
    },
    {
      "head": {
        "id": "3ad3b033-a3e5-4aa7-bf31-16ccc1fa0d3f",
        "name": "Executing task :entry:default@PreBuild",
        "description": "",
        "type": "log"
      },
      "body": {
        "pid": 63413,
        "tid": "Main Thread",
        "startTime": 1470698875347791
      },
      "additional": {
        "logType": "debug",
        "children": []
      }
    },
    {
      "head": {
        "id": "dbf37b4a-504a-4bd3-81b2-14138f2a56f8",
        "name": "Incremental task entry:default@PreBuild pre-execution cost: 1 ms .",
        "description": "",
        "type": "log"
      },
      "body": {
        "pid": 63413,
        "tid": "Main Thread",
        "startTime": 1470698875879958
      },
      "additional": {
        "logType": "debug",
        "children": []
      }
    },
    {
      "head": {
        "id": "7ca0b0bb-e4a3-420f-9b91-494a3d63664a",
        "name": "entry : default@PreBuild end {\n  rss: 203866112,\n  heapTotal: 116506624,\n  heapUsed: 97051696,\n  external: 1046801,\n  arrayBuffers: 112959\n}",
        "description": "",
        "type": "log"
      },
      "body": {
        "pid": 63413,
        "tid": "Main Thread",
        "startTime": 1470698875915333
      },
      "additional": {
        "logType": "debug",
        "children": []
      }
    },
    {
      "head": {
        "id": "f8d6df91-8d91-4282-99a9-6737f9a541c0",
        "name": "UP-TO-DATE :entry:default@PreBuild",
        "description": "Pre-build in the stage model.",
        "type": "log"
      },
      "body": {
        "pid": 63413,
        "tid": "Main Thread",
        "startTime": 1470698875343833,
        "endTime": 1470698875942041
      },
      "additional": {
        "logType": "info",
        "children": [],
        "durationId": "7130467d-8992-4efd-b5d5-3ba4c7cab7be"
      }
    },
    {
      "head": {
        "id": "ad5e8679-3c00-4053-8351-01b64f8da4db",
        "name": "entry:default@CreateBuildProfile",
        "description": "Create the BuildProfile.ets file for the HAP/HSP package.",
        "type": "duration"
      },
      "body": {
        "pid": 63413,
        "tid": "Main Thread",
        "startTime": 1470698876506250,
        "endTime": 1470698877162250
      },
      "additional": {
        "children": [],
        "state": "success",
        "targetName": "default",
        "moduleName": "entry",
        "category": "Generate",
        "taskRunReasons": [],
        "detailId": "c06c4398-3f57-40c0-90ff-0f8e8346aa76",
        "logId": "06e74979-9fcc-48b1-a349-4ab450e0efe9"
      },
      "log": {
        "_logger": {
          "category": "DurationEvent",
          "context": {},
          "callStackSkipIndex": 0
        },
        "_filelogger": {
          "category": "debug-file",
          "context": {},
          "callStackSkipIndex": 0
        }
      }
    },
    {
      "head": {
        "id": "c06c4398-3f57-40c0-90ff-0f8e8346aa76",
        "name": "create entry:default@CreateBuildProfile task",
        "description": "",
        "type": "log"
      },
      "body": {
        "pid": 63413,
        "tid": "Main Thread",
        "startTime": 1470698876291375
      },
      "additional": {
        "logType": "detail",
        "children": [],
        "durationId": "ad5e8679-3c00-4053-8351-01b64f8da4db"
      }
    },
    {
      "head": {
        "id": "6a723c3a-e3f3-4af8-903b-16252f81926c",
        "name": "entry : default@CreateBuildProfile start {\n  rss: 203866112,\n  heapTotal: 116506624,\n  heapUsed: 97220528,\n  external: 1046801,\n  arrayBuffers: 112959\n}",
        "description": "",
        "type": "log"
      },
      "body": {
        "pid": 63413,
        "tid": "Main Thread",
        "startTime": 1470698876459875
      },
      "additional": {
        "logType": "debug",
        "children": []
      }
    },
    {
      "head": {
        "id": "d1975ee5-a167-49bd-9f6d-6557e7e4d45b",
        "name": "Executing task :entry:default@CreateBuildProfile",
        "description": "",
        "type": "log"
      },
      "body": {
        "pid": 63413,
        "tid": "Main Thread",
        "startTime": 1470698876510583
      },
      "additional": {
        "logType": "debug",
        "children": []
      }
    },
    {
      "head": {
        "id": "419a6ffe-6268-4732-82ea-2a77f09815a3",
        "name": "Incremental task entry:default@CreateBuildProfile pre-execution cost: 1 ms .",
        "description": "",
        "type": "log"
      },
      "body": {
        "pid": 63413,
        "tid": "Main Thread",
        "startTime": 1470698877104916
      },
      "additional": {
        "logType": "debug",
        "children": []
      }
    },
    {
      "head": {
        "id": "7bd5423c-e808-4dae-b7fc-e98884d477fb",
        "name": "entry : default@CreateBuildProfile end {\n  rss: 203915264,\n  heapTotal: 116506624,\n  heapUsed: 97330608,\n  external: 1054993,\n  arrayBuffers: 121151\n}",
        "description": "",
        "type": "log"
      },
      "body": {
        "pid": 63413,
        "tid": "Main Thread",
        "startTime": 1470698877139625
      },
      "additional": {
        "logType": "debug",
        "children": []
      }
    },
    {
      "head": {
        "id": "06e74979-9fcc-48b1-a349-4ab450e0efe9",
        "name": "UP-TO-DATE :entry:default@CreateBuildProfile",
        "description": "Create the BuildProfile.ets file for the HAP/HSP package.",
        "type": "log"
      },
      "body": {
        "pid": 63413,
        "tid": "Main Thread",
        "startTime": 1470698876506250,
        "endTime": 1470698877162250
      },
      "additional": {
        "logType": "info",
        "children": [],
        "durationId": "ad5e8679-3c00-4053-8351-01b64f8da4db"
      }
    },
    {
      "head": {
        "id": "8a82910d-f3fa-4b5a-b316-53b1c34931db",
        "name": "entry:default@GenerateLoaderJson",
        "description": "Generate loader.json in the stage model.",
        "type": "duration"
      },
      "body": {
        "pid": 63413,
        "tid": "Main Thread",
        "startTime": 1470698878239250,
        "endTime": 1470698878493625
      },
      "additional": {
        "children": [],
        "state": "success",
        "targetName": "default",
        "moduleName": "entry",
        "category": "Generate",
        "taskRunReasons": [],
        "detailId": "fa096af3-2693-4060-84c2-edd7ac0b5456",
        "logId": "316b998e-89c6-41cd-a01c-7ab7ae2fd78a"
      },
      "log": {
        "_logger": {
          "category": "DurationEvent",
          "context": {},
          "callStackSkipIndex": 0
        },
        "_filelogger": {
          "category": "debug-file",
          "context": {},
          "callStackSkipIndex": 0
        }
      }
    },
    {
      "head": {
        "id": "fa096af3-2693-4060-84c2-edd7ac0b5456",
        "name": "create entry:default@GenerateLoaderJson task",
        "description": "",
        "type": "log"
      },
      "body": {
        "pid": 63413,
        "tid": "Main Thread",
        "startTime": 1470698877462875
      },
      "additional": {
        "logType": "detail",
        "children": [],
        "durationId": "8a82910d-f3fa-4b5a-b316-53b1c34931db"
      }
    },
    {
      "head": {
        "id": "82c43c21-9cad-426b-afa0-28f7ee934cf3",
        "name": "entry : default@GenerateLoaderJson start {\n  rss: 204210176,\n  heapTotal: 116506624,\n  heapUsed: 97678224,\n  external: 1063185,\n  arrayBuffers: 129343\n}",
        "description": "",
        "type": "log"
      },
      "body": {
        "pid": 63413,
        "tid": "Main Thread",
        "startTime": 1470698878195541
      },
      "additional": {
        "logType": "debug",
        "children": []
      }
    },
    {
      "head": {
        "id": "6aaa84ab-a72a-44d4-ad97-a780b7b614db",
        "name": "Executing task :entry:default@GenerateLoaderJson",
        "description": "",
        "type": "log"
      },
      "body": {
        "pid": 63413,
        "tid": "Main Thread",
        "startTime": 1470698878241833
      },
      "additional": {
        "logType": "debug",
        "children": []
      }
    },
    {
      "head": {
        "id": "4b59e4f2-3c5e-402e-936e-1375ee790ea0",
        "name": "Incremental task entry:default@GenerateLoaderJson pre-execution cost: 1 ms .",
        "description": "",
        "type": "log"
      },
      "body": {
        "pid": 63413,
        "tid": "Main Thread",
        "startTime": 1470698878445250
      },
      "additional": {
        "logType": "debug",
        "children": []
      }
    },
    {
      "head": {
        "id": "ff6acce0-27df-4550-8402-75dfdcb35506",
        "name": "entry : default@GenerateLoaderJson end {\n  rss: 204275712,\n  heapTotal: 116506624,\n  heapUsed: 97744936,\n  external: 1063185,\n  arrayBuffers: 129343\n}",
        "description": "",
        "type": "log"
      },
      "body": {
        "pid": 63413,
        "tid": "Main Thread",
        "startTime": 1470698878473708
      },
      "additional": {
        "logType": "debug",
        "children": []
      }
    },
    {
      "head": {
        "id": "316b998e-89c6-41cd-a01c-7ab7ae2fd78a",
        "name": "UP-TO-DATE :entry:default@GenerateLoaderJson",
        "description": "Generate loader.json in the stage model.",
        "type": "log"
      },
      "body": {
        "pid": 63413,
        "tid": "Main Thread",
        "startTime": 1470698878239250,
        "endTime": 1470698878493625
      },
      "additional": {
        "logType": "info",
        "children": [],
        "durationId": "8a82910d-f3fa-4b5a-b316-53b1c34931db"
      }
    },
    {
      "head": {
        "id": "bee8cf9a-8763-45a0-8862-586fb2e95e8e",
        "name": "entry:default@MergeProfile",
        "description": "Merge app config manifest files in the stage model.",
        "type": "duration"
      },
      "body": {
        "pid": 63413,
        "tid": "Main Thread",
        "startTime": 1470698878951500,
        "endTime": 1470698879166583
      },
      "additional": {
        "children": [],
        "state": "success",
        "targetName": "default",
        "moduleName": "entry",
        "category": "Config",
        "taskRunReasons": [],
        "detailId": "0b07a69f-6b6b-496d-a805-c64f360d3644",
        "logId": "23dc0c71-cc51-445f-9d1a-0cdb767dd64d"
      },
      "log": {
        "_logger": {
          "category": "DurationEvent",
          "context": {},
          "callStackSkipIndex": 0
        },
        "_filelogger": {
          "category": "debug-file",
          "context": {},
          "callStackSkipIndex": 0
        }
      }
    },
    {
      "head": {
        "id": "0b07a69f-6b6b-496d-a805-c64f360d3644",
        "name": "create entry:default@MergeProfile task",
        "description": "",
        "type": "log"
      },
      "body": {
        "pid": 63413,
        "tid": "Main Thread",
        "startTime": 1470698878657083
      },
      "additional": {
        "logType": "detail",
        "children": [],
        "durationId": "bee8cf9a-8763-45a0-8862-586fb2e95e8e"
      }
    },
    {
      "head": {
        "id": "b8d588da-6422-4007-b5f4-a688414a5bff",
        "name": "entry : default@MergeProfile start {\n  rss: 204439552,\n  heapTotal: 116506624,\n  heapUsed: 97909400,\n  external: 1063185,\n  arrayBuffers: 129343\n}",
        "description": "",
        "type": "log"
      },
      "body": {
        "pid": 63413,
        "tid": "Main Thread",
        "startTime": 1470698878926625
      },
      "additional": {
        "logType": "debug",
        "children": []
      }
    },
    {
      "head": {
        "id": "0f493f2d-c8cb-4184-bf52-5dbb9ae87517",
        "name": "Executing task :entry:default@MergeProfile",
        "description": "",
        "type": "log"
      },
      "body": {
        "pid": 63413,
        "tid": "Main Thread",
        "startTime": 1470698878953458
      },
      "additional": {
        "logType": "debug",
        "children": []
      }
    },
    {
      "head": {
        "id": "330eaa6b-c2e1-4d70-948c-0832482ad7de",
        "name": "Incremental task entry:default@MergeProfile pre-execution cost: 1 ms .",
        "description": "",
        "type": "log"
      },
      "body": {
        "pid": 63413,
        "tid": "Main Thread",
        "startTime": 1470698879126791
      },
      "additional": {
        "logType": "debug",
        "children": []
      }
    },
    {
      "head": {
        "id": "c40fd110-139c-421f-a3df-ff7ad5b47059",
        "name": "entry : default@MergeProfile end {\n  rss: 204521472,\n  heapTotal: 116506624,\n  heapUsed: 97983248,\n  external: 1063185,\n  arrayBuffers: 129343\n}",
        "description": "",
        "type": "log"
      },
      "body": {
        "pid": 63413,
        "tid": "Main Thread",
        "startTime": 1470698879148250
      },
      "additional": {
        "logType": "debug",
        "children": []
      }
    },
    {
      "head": {
        "id": "23dc0c71-cc51-445f-9d1a-0cdb767dd64d",
        "name": "UP-TO-DATE :entry:default@MergeProfile",
        "description": "Merge app config manifest files in the stage model.",
        "type": "log"
      },
      "body": {
        "pid": 63413,
        "tid": "Main Thread",
        "startTime": 1470698878951500,
        "endTime": 1470698879166583
      },
      "additional": {
        "logType": "info",
        "children": [],
        "durationId": "bee8cf9a-8763-45a0-8862-586fb2e95e8e"
      }
    },
    {
      "head": {
        "id": "2e30c048-c811-4f93-b319-03db6f62ab3a",
        "name": "entry:default@ProcessProfile",
        "description": "Process app config manifest files in the stage model.",
        "type": "duration"
      },
      "body": {
        "pid": 63413,
        "tid": "Main Thread",
        "startTime": 1470698879711791,
        "endTime": 1470698879877875
      },
      "additional": {
        "children": [],
        "state": "success",
        "targetName": "default",
        "moduleName": "entry",
        "category": "Config",
        "taskRunReasons": [],
        "detailId": "dad337ce-bb52-444c-9fcc-cb92b670a274",
        "logId": "1f2e1e73-23dc-419d-89ff-f723939a06c2"
      },
      "log": {
        "_logger": {
          "category": "DurationEvent",
          "context": {},
          "callStackSkipIndex": 0
        },
        "_filelogger": {
          "category": "debug-file",
          "context": {},
          "callStackSkipIndex": 0
        }
      }
    },
    {
      "head": {
        "id": "dad337ce-bb52-444c-9fcc-cb92b670a274",
        "name": "create entry:default@ProcessProfile task",
        "description": "",
        "type": "log"
      },
      "body": {
        "pid": 63413,
        "tid": "Main Thread",
        "startTime": 1470698879305416
      },
      "additional": {
        "logType": "detail",
        "children": [],
        "durationId": "2e30c048-c811-4f93-b319-03db6f62ab3a"
      }
    },
    {
      "head": {
        "id": "3e013ced-5d96-4c4c-908a-8191adb5d6ec",
        "name": "entry : default@ProcessProfile start {\n  rss: 204685312,\n  heapTotal: 116506624,\n  heapUsed: 98160944,\n  external: 1071377,\n  arrayBuffers: 137535\n}",
        "description": "",
        "type": "log"
      },
      "body": {
        "pid": 63413,
        "tid": "Main Thread",
        "startTime": 1470698879688541
      },
      "additional": {
        "logType": "debug",
        "children": []
      }
    },
    {
      "head": {
        "id": "30c2a0c8-9326-4368-a43e-44a9c2db4bce",
        "name": "Executing task :entry:default@ProcessProfile",
        "description": "",
        "type": "log"
      },
      "body": {
        "pid": 63413,
        "tid": "Main Thread",
        "startTime": 1470698879714666
      },
      "additional": {
        "logType": "debug",
        "children": []
      }
    },
    {
      "head": {
        "id": "efe399bf-9592-4ad3-82df-3ab7612b30fd",
        "name": "Incremental task entry:default@ProcessProfile pre-execution cost: 1 ms .",
        "description": "",
        "type": "log"
      },
      "body": {
        "pid": 63413,
        "tid": "Main Thread",
        "startTime": 1470698879835208
      },
      "additional": {
        "logType": "debug",
        "children": []
      }
    },
    {
      "head": {
        "id": "f51fe680-9d38-4b92-b652-91538b0cce84",
        "name": "entry : default@ProcessProfile end {\n  rss: 204750848,\n  heapTotal: 116506624,\n  heapUsed: 98219408,\n  external: 1071377,\n  arrayBuffers: 137535\n}",
        "description": "",
        "type": "log"
      },
      "body": {
        "pid": 63413,
        "tid": "Main Thread",
        "startTime": 1470698879858541
      },
      "additional": {
        "logType": "debug",
        "children": []
      }
    },
    {
      "head": {
        "id": "1f2e1e73-23dc-419d-89ff-f723939a06c2",
        "name": "UP-TO-DATE :entry:default@ProcessProfile",
        "description": "Process app config manifest files in the stage model.",
        "type": "log"
      },
      "body": {
        "pid": 63413,
        "tid": "Main Thread",
        "startTime": 1470698879711791,
        "endTime": 1470698879877875
      },
      "additional": {
        "logType": "info",
        "children": [],
        "durationId": "2e30c048-c811-4f93-b319-03db6f62ab3a"
      }
    },
    {
      "head": {
        "id": "4a06087c-3e74-4920-b07a-72e2bb1c2224",
        "name": "entry:default@PreviewProcessResource",
        "description": "Process preview resources incrementally in the stage model.",
        "type": "duration"
      },
      "body": {
        "pid": 63413,
        "tid": "Main Thread",
        "startTime": 1470698881094750,
        "endTime": 1470698882171541
      },
      "additional": {
        "children": [],
        "state": "success",
        "targetName": "default",
        "moduleName": "entry",
        "category": "Resources",
        "taskRunReasons": [],
        "detailId": "552c3288-6872-434d-b452-b2d6ae4c3d43",
        "logId": "d4a4fe75-4282-4493-a232-c1416c9207a8"
      },
      "log": {
        "_logger": {
          "category": "DurationEvent",
          "context": {},
          "callStackSkipIndex": 0
        },
        "_filelogger": {
          "category": "debug-file",
          "context": {},
          "callStackSkipIndex": 0
        }
      }
    },
    {
      "head": {
        "id": "552c3288-6872-434d-b452-b2d6ae4c3d43",
        "name": "create entry:default@PreviewProcessResource task",
        "description": "",
        "type": "log"
      },
      "body": {
        "pid": 63413,
        "tid": "Main Thread",
        "startTime": 1470698880055958
      },
      "additional": {
        "logType": "detail",
        "children": [],
        "durationId": "4a06087c-3e74-4920-b07a-72e2bb1c2224"
      }
    },
    {
      "head": {
        "id": "eced79ba-3cdf-49ca-b3e5-32cd2a408813",
        "name": "restool module names: entry; moduleName=entry, taskName=default@PreviewProcessResource",
        "description": "",
        "type": "log"
      },
      "body": {
        "pid": 63413,
        "tid": "Main Thread",
        "startTime": 1470698880559958
      },
      "additional": {
        "logType": "debug",
        "children": []
      }
    },
    {
      "head": {
        "id": "a0cec2ee-359e-45d1-ac0a-8c18c9e429ed",
        "name": "entry : default@PreviewProcessResource start {\n  rss: 204947456,\n  heapTotal: 116506624,\n  heapUsed: 98437808,\n  external: 1071377,\n  arrayBuffers: 137535\n}",
        "description": "",
        "type": "log"
      },
      "body": {
        "pid": 63413,
        "tid": "Main Thread",
        "startTime": 1470698881055791
      },
      "additional": {
        "logType": "debug",
        "children": []
      }
    },
    {
      "head": {
        "id": "938f68ce-85d4-45fc-b4b7-3816780071d9",
        "name": "Executing task :entry:default@PreviewProcessResource",
        "description": "",
        "type": "log"
      },
      "body": {
        "pid": 63413,
        "tid": "Main Thread",
        "startTime": 1470698881489250
      },
      "additional": {
        "logType": "debug",
        "children": []
      }
    },
    {
      "head": {
        "id": "924e3a27-680d-43f1-946b-ac64c6964239",
        "name": "entry : default@PreviewProcessResource end {\n  rss: 205045760,\n  heapTotal: 116506624,\n  heapUsed: 98533752,\n  external: 1079569,\n  arrayBuffers: 145727\n}",
        "description": "",
        "type": "log"
      },
      "body": {
        "pid": 63413,
        "tid": "Main Thread",
        "startTime": 1470698881610291
      },
      "additional": {
        "logType": "debug",
        "children": []
      }
    },
    {
      "head": {
        "id": "b94cc271-667b-4f64-b4ae-a684e2ccf709",
        "name": "runTaskFromQueue task cost before running: 64 ms ",
        "description": "",
        "type": "log"
      },
      "body": {
        "pid": 63413,
        "tid": "Main Thread",
        "startTime": 1470698882140583
      },
      "additional": {
        "logType": "debug",
        "children": []
      }
    },
    {
      "head": {
        "id": "d4a4fe75-4282-4493-a232-c1416c9207a8",
        "name": "Finished :entry:default@PreviewProcessResource",
        "description": "Process preview resources incrementally in the stage model.",
        "type": "log"
      },
      "body": {
        "pid": 63413,
        "tid": "Main Thread",
        "startTime": 1470698881094750,
        "endTime": 1470698882171541
      },
      "additional": {
        "logType": "info",
        "children": [],
        "durationId": "4a06087c-3e74-4920-b07a-72e2bb1c2224"
      }
    },
    {
      "head": {
        "id": "a4fcf01a-a984-4724-89c4-250277b062a7",
        "name": "entry:default@PreviewCompileResource",
        "description": "Use Preview to compile project resources in the stage model.",
        "type": "duration"
      },
      "body": {
        "pid": 63413,
        "tid": "Main Thread",
        "startTime": 1470698883328458,
        "endTime": 1470698885155291
      },
      "additional": {
        "children": [],
        "state": "success",
        "targetName": "default",
        "moduleName": "entry",
        "category": "Resources",
        "taskRunReasons": [],
        "detailId": "ef4d1cb9-2260-4672-8054-e30af36ed927",
        "logId": "93ff309a-b690-47c4-9279-06409c83376c"
      },
      "log": {
        "_logger": {
          "category": "DurationEvent",
          "context": {},
          "callStackSkipIndex": 0
        },
        "_filelogger": {
          "category": "debug-file",
          "context": {},
          "callStackSkipIndex": 0
        }
      }
    },
    {
      "head": {
        "id": "ef4d1cb9-2260-4672-8054-e30af36ed927",
        "name": "create entry:default@PreviewCompileResource task",
        "description": "",
        "type": "log"
      },
      "body": {
        "pid": 63413,
        "tid": "Main Thread",
        "startTime": 1470698882741375
      },
      "additional": {
        "logType": "detail",
        "children": [],
        "durationId": "a4fcf01a-a984-4724-89c4-250277b062a7"
      }
    },
    {
      "head": {
        "id": "264e17b0-ef37-4387-94c1-4a04e9f2bf72",
        "name": "restool module names: entry; moduleName=entry, taskName=default@PreviewCompileResource",
        "description": "",
        "type": "log"
      },
      "body": {
        "pid": 63413,
        "tid": "Main Thread",
        "startTime": 1470698882994666
      },
      "additional": {
        "logType": "debug",
        "children": []
      }
    },
    {
      "head": {
        "id": "56923884-4dec-4425-9bd7-df2f8ef06461",
        "name": "entry : default@PreviewCompileResource start {\n  rss: 205438976,\n  heapTotal: 116506624,\n  heapUsed: 98938720,\n  external: 1087761,\n  arrayBuffers: 153919\n}",
        "description": "",
        "type": "log"
      },
      "body": {
        "pid": 63413,
        "tid": "Main Thread",
        "startTime": 1470698883303125
      },
      "additional": {
        "logType": "debug",
        "children": []
      }
    },
    {
      "head": {
        "id": "d367f9c4-d199-4b7e-b6bd-269514ba6283",
        "name": "Executing task :entry:default@PreviewCompileResource",
        "description": "",
        "type": "log"
      },
      "body": {
        "pid": 63413,
        "tid": "Main Thread",
        "startTime": 1470698883336375
      },
      "additional": {
        "logType": "debug",
        "children": []
      }
    },
    {
      "head": {
        "id": "a3d6c0e6-9c4b-472e-b1f0-491ffa9b2e72",
        "name": "Incremental task entry:default@PreviewCompileResource pre-execution cost: 2 ms .",
        "description": "",
        "type": "log"
      },
      "body": {
        "pid": 63413,
        "tid": "Main Thread",
        "startTime": 1470698885046416
      },
      "additional": {
        "logType": "debug",
        "children": []
      }
    },
    {
      "head": {
        "id": "ac3cca4a-a775-41ba-9633-f2f8fc67a8a1",
        "name": "entry : default@PreviewCompileResource end {\n  rss: 205750272,\n  heapTotal: 116506624,\n  heapUsed: 99255440,\n  external: 1095953,\n  arrayBuffers: 162111\n}",
        "description": "",
        "type": "log"
      },
      "body": {
        "pid": 63413,
        "tid": "Main Thread",
        "startTime": 1470698885114708
      },
      "additional": {
        "logType": "debug",
        "children": []
      }
    },
    {
      "head": {
        "id": "93ff309a-b690-47c4-9279-06409c83376c",
        "name": "UP-TO-DATE :entry:default@PreviewCompileResource",
        "description": "Use Preview to compile project resources in the stage model.",
        "type": "log"
      },
      "body": {
        "pid": 63413,
        "tid": "Main Thread",
        "startTime": 1470698883328458,
        "endTime": 1470698885155291
      },
      "additional": {
        "logType": "info",
        "children": [],
        "durationId": "a4fcf01a-a984-4724-89c4-250277b062a7"
      }
    },
    {
      "head": {
        "id": "b8d71a8d-0938-43a9-8118-10b253cede8b",
        "name": "entry:default@PreviewHookCompileResource",
        "description": "Add a hook task for compiling preview resources.",
        "type": "duration"
      },
      "body": {
        "pid": 63413,
        "tid": "Main Thread",
        "startTime": 1470698885681375,
        "endTime": 1470698885769291
      },
      "additional": {
        "children": [],
        "state": "success",
        "targetName": "default",
        "moduleName": "entry",
        "category": "Hook",
        "taskRunReasons": [],
        "detailId": "f11e8ca6-eea2-41cb-93a6-c55018ecc918",
        "logId": "084190b1-9e82-47b3-8c7d-1f17a057ee30"
      },
      "log": {
        "_logger": {
          "category": "DurationEvent",
          "context": {},
          "callStackSkipIndex": 0
        },
        "_filelogger": {
          "category": "debug-file",
          "context": {},
          "callStackSkipIndex": 0
        }
      }
    },
    {
      "head": {
        "id": "f11e8ca6-eea2-41cb-93a6-c55018ecc918",
        "name": "create entry:default@PreviewHookCompileResource task",
        "description": "",
        "type": "log"
      },
      "body": {
        "pid": 63413,
        "tid": "Main Thread",
        "startTime": 1470698885593083
      },
      "additional": {
        "logType": "detail",
        "children": [],
        "durationId": "b8d71a8d-0938-43a9-8118-10b253cede8b"
      }
    },
    {
      "head": {
        "id": "711aff56-32e9-440f-9c53-d9e358bfff1d",
        "name": "entry : default@PreviewHookCompileResource start {\n  rss: 205881344,\n  heapTotal: 116506624,\n  heapUsed: 99573672,\n  external: 1095953,\n  arrayBuffers: 162111\n}",
        "description": "",
        "type": "log"
      },
      "body": {
        "pid": 63413,
        "tid": "Main Thread",
        "startTime": 1470698885653166
      },
      "additional": {
        "logType": "debug",
        "children": []
      }
    },
    {
      "head": {
        "id": "374cc5bb-29fd-4bbd-946c-36ffaf6796ae",
        "name": "Executing task :entry:default@PreviewHookCompileResource",
        "description": "",
        "type": "log"
      },
      "body": {
        "pid": 63413,
        "tid": "Main Thread",
        "startTime": 1470698885684208
      },
      "additional": {
        "logType": "debug",
        "children": []
      }
    },
    {
      "head": {
        "id": "c4a1870e-9843-40dc-a122-c38df9239d66",
        "name": "entry : default@PreviewHookCompileResource end {\n  rss: 205897728,\n  heapTotal: 116506624,\n  heapUsed: 99599280,\n  external: 1095953,\n  arrayBuffers: 162111\n}",
        "description": "",
        "type": "log"
      },
      "body": {
        "pid": 63413,
        "tid": "Main Thread",
        "startTime": 1470698885721750
      },
      "additional": {
        "logType": "debug",
        "children": []
      }
    },
    {
      "head": {
        "id": "6ba631a0-a13f-418e-80d1-186998aa5c7f",
        "name": "runTaskFromQueue task cost before running: 68 ms ",
        "description": "",
        "type": "log"
      },
      "body": {
        "pid": 63413,
        "tid": "Main Thread",
        "startTime": 1470698885751875
      },
      "additional": {
        "logType": "debug",
        "children": []
      }
    },
    {
      "head": {
        "id": "084190b1-9e82-47b3-8c7d-1f17a057ee30",
        "name": "Finished :entry:default@PreviewHookCompileResource",
        "description": "Add a hook task for compiling preview resources.",
        "type": "log"
      },
      "body": {
        "pid": 63413,
        "tid": "Main Thread",
        "startTime": 1470698885681375,
        "endTime": 1470698885769291
      },
      "additional": {
        "logType": "info",
        "children": [],
        "durationId": "b8d71a8d-0938-43a9-8118-10b253cede8b"
      }
    },
    {
      "head": {
        "id": "ff79c1da-cbb8-498c-8f44-3c3e59418b89",
        "name": "entry:default@CopyPreviewProfile",
        "description": "Copy preview profile.",
        "type": "duration"
      },
      "body": {
        "pid": 63413,
        "tid": "Main Thread",
        "startTime": 1470698886114708,
        "endTime": 1470698886378875
      },
      "additional": {
        "children": [],
        "state": "success",
        "targetName": "default",
        "moduleName": "entry",
        "category": "Other",
        "taskRunReasons": [],
        "detailId": "249a863b-adc6-45cc-b7c5-c06f83f6b588",
        "logId": "a0565740-aacc-4e0e-8b75-8d3e78861676"
      },
      "log": {
        "_logger": {
          "category": "DurationEvent",
          "context": {},
          "callStackSkipIndex": 0
        },
        "_filelogger": {
          "category": "debug-file",
          "context": {},
          "callStackSkipIndex": 0
        }
      }
    },
    {
      "head": {
        "id": "249a863b-adc6-45cc-b7c5-c06f83f6b588",
        "name": "create entry:default@CopyPreviewProfile task",
        "description": "",
        "type": "log"
      },
      "body": {
        "pid": 63413,
        "tid": "Main Thread",
        "startTime": 1470698885918166
      },
      "additional": {
        "logType": "detail",
        "children": [],
        "durationId": "ff79c1da-cbb8-498c-8f44-3c3e59418b89"
      }
    },
    {
      "head": {
        "id": "d3e6bba1-a2b4-4f63-ac18-b0ec0cc5442c",
        "name": "entry : default@CopyPreviewProfile start {\n  rss: 206061568,\n  heapTotal: 116506624,\n  heapUsed: 99756096,\n  external: 1095953,\n  arrayBuffers: 162111\n}",
        "description": "",
        "type": "log"
      },
      "body": {
        "pid": 63413,
        "tid": "Main Thread",
        "startTime": 1470698886092666
      },
      "additional": {
        "logType": "debug",
        "children": []
      }
    },
    {
      "head": {
        "id": "fda72007-393c-4e78-8fca-f2735ca4df42",
        "name": "Executing task :entry:default@CopyPreviewProfile",
        "description": "",
        "type": "log"
      },
      "body": {
        "pid": 63413,
        "tid": "Main Thread",
        "startTime": 1470698886118166
      },
      "additional": {
        "logType": "debug",
        "children": []
      }
    },
    {
      "head": {
        "id": "b5af4fad-d760-4a19-9d68-631a0e1279ef",
        "name": "Incremental task entry:default@CopyPreviewProfile pre-execution cost: 1 ms .",
        "description": "",
        "type": "log"
      },
      "body": {
        "pid": 63413,
        "tid": "Main Thread",
        "startTime": 1470698886331000
      },
      "additional": {
        "logType": "debug",
        "children": []
      }
    },
    {
      "head": {
        "id": "a8a73f52-0d2e-409a-8cc4-e31a983e02b4",
        "name": "entry : default@CopyPreviewProfile end {\n  rss: 206127104,\n  heapTotal: 116506624,\n  heapUsed: 99822824,\n  external: 1095953,\n  arrayBuffers: 162111\n}",
        "description": "",
        "type": "log"
      },
      "body": {
        "pid": 63413,
        "tid": "Main Thread",
        "startTime": 1470698886359916
      },
      "additional": {
        "logType": "debug",
        "children": []
      }
    },
    {
      "head": {
        "id": "a0565740-aacc-4e0e-8b75-8d3e78861676",
        "name": "UP-TO-DATE :entry:default@CopyPreviewProfile",
        "description": "Copy preview profile.",
        "type": "log"
      },
      "body": {
        "pid": 63413,
        "tid": "Main Thread",
        "startTime": 1470698886114708,
        "endTime": 1470698886378875
      },
      "additional": {
        "logType": "info",
        "children": [],
        "durationId": "ff79c1da-cbb8-498c-8f44-3c3e59418b89"
      }
    },
    {
      "head": {
        "id": "9e02621a-971d-46bb-a700-dadc6bc37925",
        "name": "entry:default@ReplacePreviewerPage",
        "description": "Accept previewer arguments, then use them to replace the ones in the page file.",
        "type": "duration"
      },
      "body": {
        "pid": 63413,
        "tid": "Main Thread",
        "startTime": 1470698886689875,
        "endTime": 1470698886895916
      },
      "additional": {
        "children": [],
        "state": "success",
        "targetName": "default",
        "moduleName": "entry",
        "category": "Other",
        "taskRunReasons": [],
        "detailId": "64142918-4e5c-4abc-853b-4e07dc625d3f",
        "logId": "4b8e2362-c73d-434f-a183-b01c2b0f9fdd"
      },
      "log": {
        "_logger": {
          "category": "DurationEvent",
          "context": {},
          "callStackSkipIndex": 0
        },
        "_filelogger": {
          "category": "debug-file",
          "context": {},
          "callStackSkipIndex": 0
        }
      }
    },
    {
      "head": {
        "id": "64142918-4e5c-4abc-853b-4e07dc625d3f",
        "name": "create entry:default@ReplacePreviewerPage task",
        "description": "",
        "type": "log"
      },
      "body": {
        "pid": 63413,
        "tid": "Main Thread",
        "startTime": 1470698886568125
      },
      "additional": {
        "logType": "detail",
        "children": [],
        "durationId": "9e02621a-971d-46bb-a700-dadc6bc37925"
      }
    },
    {
      "head": {
        "id": "e6257c9f-4631-461b-afc4-8211292c5813",
        "name": "entry : default@ReplacePreviewerPage start {\n  rss: 206274560,\n  heapTotal: 116506624,\n  heapUsed: 99987776,\n  external: 1095953,\n  arrayBuffers: 162111\n}",
        "description": "",
        "type": "log"
      },
      "body": {
        "pid": 63413,
        "tid": "Main Thread",
        "startTime": 1470698886661958
      },
      "additional": {
        "logType": "debug",
        "children": []
      }
    },
    {
      "head": {
        "id": "cf6a552c-1c7e-4568-bb3c-d668ec65f1ca",
        "name": "Executing task :entry:default@ReplacePreviewerPage",
        "description": "",
        "type": "log"
      },
      "body": {
        "pid": 63413,
        "tid": "Main Thread",
        "startTime": 1470698886692583
      },
      "additional": {
        "logType": "debug",
        "children": []
      }
    },
    {
      "head": {
        "id": "c763ea03-3c94-489d-a30d-4ab42ea754d9",
        "name": "entry : default@ReplacePreviewerPage end {\n  rss: 206323712,\n  heapTotal: 116506624,\n  heapUsed: 100034752,\n  external: 1095953,\n  arrayBuffers: 162111\n}",
        "description": "",
        "type": "log"
      },
      "body": {
        "pid": 63413,
        "tid": "Main Thread",
        "startTime": 1470698886847708
      },
      "additional": {
        "logType": "debug",
        "children": []
      }
    },
    {
      "head": {
        "id": "38a88f83-caf2-40ae-a25b-76733597811a",
        "name": "runTaskFromQueue task cost before running: 69 ms ",
        "description": "",
        "type": "log"
      },
      "body": {
        "pid": 63413,
        "tid": "Main Thread",
        "startTime": 1470698886877916
      },
      "additional": {
        "logType": "debug",
        "children": []
      }
    },
    {
      "head": {
        "id": "4b8e2362-c73d-434f-a183-b01c2b0f9fdd",
        "name": "Finished :entry:default@ReplacePreviewerPage",
        "description": "Accept previewer arguments, then use them to replace the ones in the page file.",
        "type": "log"
      },
      "body": {
        "pid": 63413,
        "tid": "Main Thread",
        "startTime": 1470698886689875,
        "endTime": 1470698886895916
      },
      "additional": {
        "logType": "info",
        "children": [],
        "durationId": "9e02621a-971d-46bb-a700-dadc6bc37925"
      }
    },
    {
      "head": {
        "id": "4bc11e17-e674-45c7-8d7d-1a4ab30b2b81",
        "name": "entry:buildPreviewerResource",
        "description": "Build the preview resources.",
        "type": "duration"
      },
      "body": {
        "pid": 63413,
        "tid": "Main Thread",
        "startTime": 1470698887081250,
        "endTime": 1470698887141458
      },
      "additional": {
        "children": [],
        "state": "success",
        "targetName": "",
        "moduleName": "entry",
        "category": "Hook",
        "taskRunReasons": [],
        "detailId": "0490987f-8f7e-47f2-9346-166a38d801f3",
        "logId": "3b33978c-3932-40c8-9480-79b4e0d71a7b"
      },
      "log": {
        "_logger": {
          "category": "DurationEvent",
          "context": {},
          "callStackSkipIndex": 0
        },
        "_filelogger": {
          "category": "debug-file",
          "context": {},
          "callStackSkipIndex": 0
        }
      }
    },
    {
      "head": {
        "id": "0490987f-8f7e-47f2-9346-166a38d801f3",
        "name": "create entry:buildPreviewerResource task",
        "description": "",
        "type": "log"
      },
      "body": {
        "pid": 63413,
        "tid": "Main Thread",
        "startTime": 1470698887046083
      },
      "additional": {
        "logType": "detail",
        "children": [],
        "durationId": "4bc11e17-e674-45c7-8d7d-1a4ab30b2b81"
      }
    },
    {
      "head": {
        "id": "6b0c6630-59c5-44cd-b385-0efcd0f13540",
        "name": "entry : buildPreviewerResource start {\n  rss: 206454784,\n  heapTotal: 116506624,\n  heapUsed: 100170640,\n  external: 1095953,\n  arrayBuffers: 162111\n}",
        "description": "",
        "type": "log"
      },
      "body": {
        "pid": 63413,
        "tid": "Main Thread",
        "startTime": 1470698887060666
      },
      "additional": {
        "logType": "debug",
        "children": []
      }
    },
    {
      "head": {
        "id": "b569eee8-97f2-403a-bdaf-fd622f569497",
        "name": "Executing task :entry:buildPreviewerResource",
        "description": "",
        "type": "log"
      },
      "body": {
        "pid": 63413,
        "tid": "Main Thread",
        "startTime": 1470698887083875
      },
      "additional": {
        "logType": "debug",
        "children": []
      }
    },
    {
      "head": {
        "id": "b9bc9090-58eb-42b1-b9f8-fd0afaa3e0ab",
        "name": "entry : buildPreviewerResource end {\n  rss: 206471168,\n  heapTotal: 116506624,\n  heapUsed: 100194480,\n  external: 1095953,\n  arrayBuffers: 162111\n}",
        "description": "",
        "type": "log"
      },
      "body": {
        "pid": 63413,
        "tid": "Main Thread",
        "startTime": 1470698887106083
      },
      "additional": {
        "logType": "debug",
        "children": []
      }
    },
    {
      "head": {
        "id": "e7005582-dbaa-4227-9fcd-af1c6e80d302",
        "name": "runTaskFromQueue task cost before running: 69 ms ",
        "description": "",
        "type": "log"
      },
      "body": {
        "pid": 63413,
        "tid": "Main Thread",
        "startTime": 1470698887126958
      },
      "additional": {
        "logType": "debug",
        "children": []
      }
    },
    {
      "head": {
        "id": "3b33978c-3932-40c8-9480-79b4e0d71a7b",
        "name": "Finished :entry:buildPreviewerResource",
        "description": "Build the preview resources.",
        "type": "log"
      },
      "body": {
        "pid": 63413,
        "tid": "Main Thread",
        "startTime": 1470698887081250,
        "endTime": 1470698887141458
      },
      "additional": {
        "logType": "info",
        "children": [],
        "durationId": "4bc11e17-e674-45c7-8d7d-1a4ab30b2b81"
      }
    },
    {
      "head": {
        "id": "a1ea25f4-a9f0-40fd-a41f-112cc0426bb6",
        "name": "entry:default@PreviewUpdateAssets",
        "description": "Update main_pages.json and module.json before PreviewBuild.",
        "type": "duration"
      },
      "body": {
        "pid": 63413,
        "tid": "Main Thread",
        "startTime": 1470698887378208,
        "endTime": 1470698887747750
      },
      "additional": {
        "children": [],
        "state": "success",
        "targetName": "default",
        "moduleName": "entry",
        "category": "Config",
        "taskRunReasons": [],
        "detailId": "befbee52-d8e9-4d55-935b-02c0b179ea13",
        "logId": "8b060453-e051-4a8a-affe-3244ad40bf9b"
      },
      "log": {
        "_logger": {
          "category": "DurationEvent",
          "context": {},
          "callStackSkipIndex": 0
        },
        "_filelogger": {
          "category": "debug-file",
          "context": {},
          "callStackSkipIndex": 0
        }
      }
    },
    {
      "head": {
        "id": "befbee52-d8e9-4d55-935b-02c0b179ea13",
        "name": "create entry:default@PreviewUpdateAssets task",
        "description": "",
        "type": "log"
      },
      "body": {
        "pid": 63413,
        "tid": "Main Thread",
        "startTime": 1470698887275250
      },
      "additional": {
        "logType": "detail",
        "children": [],
        "durationId": "a1ea25f4-a9f0-40fd-a41f-112cc0426bb6"
      }
    },
    {
      "head": {
        "id": "a9f7a6e0-d3bc-40e6-937c-4cc9003ed574",
        "name": "entry : default@PreviewUpdateAssets start {\n  rss: 206651392,\n  heapTotal: 116506624,\n  heapUsed: 100376096,\n  external: 1095953,\n  arrayBuffers: 162111\n}",
        "description": "",
        "type": "log"
      },
      "body": {
        "pid": 63413,
        "tid": "Main Thread",
        "startTime": 1470698887356791
      },
      "additional": {
        "logType": "debug",
        "children": []
      }
    },
    {
      "head": {
        "id": "d428eac9-45ab-4e2b-bf6e-a54f4058cc9b",
        "name": "Executing task :entry:default@PreviewUpdateAssets",
        "description": "",
        "type": "log"
      },
      "body": {
        "pid": 63413,
        "tid": "Main Thread",
        "startTime": 1470698887380541
      },
      "additional": {
        "logType": "debug",
        "children": []
      }
    },
    {
      "head": {
        "id": "6093eb84-27fc-410a-8382-747cc5c335e3",
        "name": "Incremental task entry:default@PreviewUpdateAssets pre-execution cost: 1 ms .",
        "description": "",
        "type": "log"
      },
      "body": {
        "pid": 63413,
        "tid": "Main Thread",
        "startTime": 1470698887697750
      },
      "additional": {
        "logType": "debug",
        "children": []
      }
    },
    {
      "head": {
        "id": "fde7052c-8b14-41d0-84ef-d60098b621d8",
        "name": "entry : default@PreviewUpdateAssets end {\n  rss: 206733312,\n  heapTotal: 116506624,\n  heapUsed: 100470696,\n  external: 1104145,\n  arrayBuffers: 170303\n}",
        "description": "",
        "type": "log"
      },
      "body": {
        "pid": 63413,
        "tid": "Main Thread",
        "startTime": 1470698887729125
      },
      "additional": {
        "logType": "debug",
        "children": []
      }
    },
    {
      "head": {
        "id": "8b060453-e051-4a8a-affe-3244ad40bf9b",
        "name": "UP-TO-DATE :entry:default@PreviewUpdateAssets",
        "description": "Update main_pages.json and module.json before PreviewBuild.",
        "type": "log"
      },
      "body": {
        "pid": 63413,
        "tid": "Main Thread",
        "startTime": 1470698887378208,
        "endTime": 1470698887747750
      },
      "additional": {
        "logType": "info",
        "children": [],
        "durationId": "a1ea25f4-a9f0-40fd-a41f-112cc0426bb6"
      }
    },
    {
      "head": {
        "id": "aa7e0c3a-c0d0-401b-b090-53c9d06cd5ab",
        "name": "entry:default@PreviewArkTS",
        "description": "Compile ArkTS components on preview in the stage model.",
        "type": "duration"
      },
      "body": {
        "pid": 63413,
        "tid": "Main Thread",
        "startTime": 1470698888939500,
        "endTime": 1470703679084750
      },
      "additional": {
        "children": [
          "ca96186a-85f7-4722-87c7-24325dc37459"
        ],
        "state": "success",
        "targetName": "default",
        "moduleName": "entry",
        "category": "Generate",
        "taskRunReasons": [
          "The input file '/Users/jepson/Desktop/Harmony/projects/myfirst/entry/src/main/ets' has been changed."
        ],
        "detailId": "ece16ba8-61a9-405b-bb33-0ebcc78b1f1c",
        "logId": "f7ae5b01-40d8-40f3-9517-4f2a54ccb0e0"
      },
      "log": {
        "_logger": {
          "category": "DurationEvent",
          "context": {},
          "callStackSkipIndex": 0
        },
        "_filelogger": {
          "category": "debug-file",
          "context": {},
          "callStackSkipIndex": 0
        }
      }
    },
    {
      "head": {
        "id": "ece16ba8-61a9-405b-bb33-0ebcc78b1f1c",
        "name": "create entry:default@PreviewArkTS task",
        "description": "",
        "type": "log"
      },
      "body": {
        "pid": 63413,
        "tid": "Main Thread",
        "startTime": 1470698887958291
      },
      "additional": {
        "logType": "detail",
        "children": [],
        "durationId": "aa7e0c3a-c0d0-401b-b090-53c9d06cd5ab"
      }
    },
    {
      "head": {
        "id": "7935cdab-a002-405f-97be-a21911351608",
        "name": "entry : default@PreviewArkTS start {\n  rss: 207110144,\n  heapTotal: 116506624,\n  heapUsed: 100832536,\n  external: 1120529,\n  arrayBuffers: 186687\n}",
        "description": "",
        "type": "log"
      },
      "body": {
        "pid": 63413,
        "tid": "Main Thread",
        "startTime": 1470698888914125
      },
      "additional": {
        "logType": "debug",
        "children": []
      }
    },
    {
      "head": {
        "id": "e291ed76-9e11-49b8-9804-13da6d9c6ad3",
        "name": "Executing task :entry:default@PreviewArkTS",
        "description": "",
        "type": "log"
      },
      "body": {
        "pid": 63413,
        "tid": "Main Thread",
        "startTime": 1470698888941500
      },
      "additional": {
        "logType": "debug",
        "children": []
      }
    },
    {
      "head": {
        "id": "b22d3a01-82a5-4863-9a10-fa9f8ab0f4e0",
        "name": "Obfuscation config only effect in release mode.",
        "description": "",
        "type": "log"
      },
      "body": {
        "pid": 63413,
        "tid": "Main Thread",
        "startTime": 1470698889393208
      },
      "additional": {
        "logType": "debug",
        "children": []
      }
    },
    {
      "head": {
        "id": "0af60e26-2e98-4091-9e1d-f4896f5899a9",
        "name": "entry:default@PreviewArkTS is not up-to-date, since the input file '/Users/jepson/Desktop/Harmony/projects/myfirst/entry/src/main/ets' has been changed.",
        "description": "",
        "type": "log"
      },
      "body": {
        "pid": 63413,
        "tid": "Main Thread",
        "startTime": 1470698890649375
      },
      "additional": {
        "logType": "debug",
        "children": []
      }
    },
    {
      "head": {
        "id": "12d2ea09-6acf-4d8d-833e-d612e9df87c0",
        "name": "Incremental task entry:default@PreviewArkTS pre-execution cost: 2 ms .",
        "description": "",
        "type": "log"
      },
      "body": {
        "pid": 63413,
        "tid": "Main Thread",
        "startTime": 1470698890706791
      },
      "additional": {
        "logType": "debug",
        "children": []
      }
    },
    {
      "head": {
        "id": "ca96186a-85f7-4722-87c7-24325dc37459",
        "name": "entry:default@PreviewArkTS",
        "description": "Compile ArkTS components on preview in the stage model.",
        "type": "duration"
      },
      "body": {
        "pid": 63413,
        "tid": "Worker21",
        "startTime": 1470698891957166,
        "endTime": 1470703678634500
      },
      "additional": {
        "children": [
          "192138ff-5522-4660-95b1-a9c1379c3a07",
          "b12fd875-b179-4d57-88dd-22c711901762",
          "848dd239-1c39-4d0c-b778-95d55ce76d7c"
        ],
        "state": "success",
        "targetName": "default",
        "moduleName": "entry",
        "category": "",
        "taskRunReasons": [],
        "parent": "aa7e0c3a-c0d0-401b-b090-53c9d06cd5ab",
        "logId": "872d34e0-aa87-4ef8-a4f7-f8b0fd93afcb"
      },
      "log": {
        "_logger": {
          "category": "DurationEvent",
          "context": {},
          "callStackSkipIndex": 0
        },
        "_filelogger": {
          "category": "debug-file",
          "context": {},
          "callStackSkipIndex": 0
        }
      }
    },
    {
      "head": {
        "id": "1fa765c5-0cc3-44db-a7ca-2f16ac14bc11",
        "name": "entry : default@PreviewArkTS end {\n  rss: 207749120,\n  heapTotal: 116506624,\n  heapUsed: 101442488,\n  external: 1136913,\n  arrayBuffers: 203071\n}",
        "description": "",
        "type": "log"
      },
      "body": {
        "pid": 63413,
        "tid": "Main Thread",
        "startTime": 1470698891998291
      },
      "additional": {
        "logType": "debug",
        "children": []
      }
    },
    {
      "head": {
        "id": "7e8ab173-6e1e-4f9b-b67b-dc61d5b2972e",
        "name": "watch worker: send response to session manager. Response type: WatchStart",
        "description": "",
        "type": "log"
      },
      "body": {
        "pid": 63413,
        "tid": "Main Thread",
        "startTime": 1470699838067166
      },
      "additional": {
        "logType": "debug",
        "children": []
      }
    },
    {
      "head": {
        "id": "a5aa220a-7481-49b8-aa62-2ec971fb11e7",
        "name": "watch worker: send response to session manager. Response type: WatchResult",
        "description": "",
        "type": "log"
      },
      "body": {
        "pid": 63413,
        "tid": "Main Thread",
        "startTime": 1470703678137291
      },
      "additional": {
        "logType": "debug",
        "children": []
      }
    },
    {
      "head": {
        "id": "deb07a89-9a8a-4bcb-86e5-9c3767564f05",
        "name": "watch worker: send response to session manager. Response type: WatchResult",
        "description": "",
        "type": "log"
      },
      "body": {
        "pid": 63413,
        "tid": "Main Thread",
        "startTime": 1470703678248958
      },
      "additional": {
        "logType": "debug",
        "children": []
      }
    },
    {
      "head": {
        "id": "872d34e0-aa87-4ef8-a4f7-f8b0fd93afcb",
        "name": "entry:default@PreviewArkTS",
        "description": "",
        "type": "log"
      },
      "body": {
        "pid": 63413,
        "tid": "Worker21",
        "startTime": 1470698891957166,
        "endTime": 1470703678634500
      },
      "additional": {
        "logType": "info",
        "children": [
          "ac5a588e-a0b7-4644-9dfa-0e87116a5b0d",
          "11fe897d-e233-41f4-b194-e3b8333ab386",
          "fb173a46-cf5c-44ca-94f1-b457c52256a0"
        ],
        "durationId": "ca96186a-85f7-4722-87c7-24325dc37459",
        "parent": "f7ae5b01-40d8-40f3-9517-4f2a54ccb0e0"
      }
    },
    {
      "head": {
        "id": "848dd239-1c39-4d0c-b778-95d55ce76d7c",
        "name": "compile ArkTS with rollup",
        "description": "",
        "type": "duration"
      },
      "body": {
        "pid": 63413,
        "tid": "Worker21",
        "startTime": 1470699831667375,
        "endTime": 1470703678159708
      },
      "additional": {
        "children": [],
        "state": "success",
        "totalTime": 0,
        "frequency": 0,
        "fromHook": false,
        "parent": "ca96186a-85f7-4722-87c7-24325dc37459",
        "logId": "fb173a46-cf5c-44ca-94f1-b457c52256a0"
      },
      "log": {
        "_logger": {
          "category": "DurationEvent",
          "context": {},
          "callStackSkipIndex": 0
        },
        "_filelogger": {
          "category": "debug-file",
          "context": {},
          "callStackSkipIndex": 0
        }
      }
    },
    {
      "head": {
        "id": "ac5a588e-a0b7-4644-9dfa-0e87116a5b0d",
        "name": "generate configuration information",
        "description": "",
        "type": "log"
      },
      "body": {
        "pid": 63413,
        "tid": "Main Thread",
        "startTime": 1470699428597708,
        "endTime": 1470699827471375
      },
      "additional": {
        "logType": "info",
        "children": [],
        "durationId": "192138ff-5522-4660-95b1-a9c1379c3a07",
        "parent": "872d34e0-aa87-4ef8-a4f7-f8b0fd93afcb"
      }
    },
    {
      "head": {
        "id": "192138ff-5522-4660-95b1-a9c1379c3a07",
        "name": "generate configuration information",
        "description": "",
        "type": "duration"
      },
      "body": {
        "pid": 63413,
        "tid": "Worker21",
        "startTime": 1470699428597708,
        "endTime": 1470699827471375
      },
      "additional": {
        "children": [],
        "state": "success",
        "totalTime": 0,
        "frequency": 0,
        "fromHook": false,
        "parent": "ca96186a-85f7-4722-87c7-24325dc37459",
        "logId": "ac5a588e-a0b7-4644-9dfa-0e87116a5b0d"
      },
      "log": {
        "_logger": {
          "category": "DurationEvent",
          "context": {},
          "callStackSkipIndex": 0
        },
        "_filelogger": {
          "category": "debug-file",
          "context": {},
          "callStackSkipIndex": 0
        }
      }
    },
    {
      "head": {
        "id": "11fe897d-e233-41f4-b194-e3b8333ab386",
        "name": "read build package cache",
        "description": "",
        "type": "log"
      },
      "body": {
        "pid": 63413,
        "tid": "Main Thread",
        "startTime": 1470699827560333,
        "endTime": 1470699831645916
      },
      "additional": {
        "logType": "info",
        "children": [],
        "durationId": "b12fd875-b179-4d57-88dd-22c711901762",
        "parent": "872d34e0-aa87-4ef8-a4f7-f8b0fd93afcb"
      }
    },
    {
      "head": {
        "id": "b12fd875-b179-4d57-88dd-22c711901762",
        "name": "read build package cache",
        "description": "",
        "type": "duration"
      },
      "body": {
        "pid": 63413,
        "tid": "Worker21",
        "startTime": 1470699827560333,
        "endTime": 1470699831645916
      },
      "additional": {
        "children": [],
        "state": "success",
        "totalTime": 0,
        "frequency": 0,
        "fromHook": false,
        "parent": "ca96186a-85f7-4722-87c7-24325dc37459",
        "logId": "11fe897d-e233-41f4-b194-e3b8333ab386"
      },
      "log": {
        "_logger": {
          "category": "DurationEvent",
          "context": {},
          "callStackSkipIndex": 0
        },
        "_filelogger": {
          "category": "debug-file",
          "context": {},
          "callStackSkipIndex": 0
        }
      }
    },
    {
      "head": {
        "id": "fb173a46-cf5c-44ca-94f1-b457c52256a0",
        "name": "compile ArkTS with rollup",
        "description": "",
        "type": "log"
      },
      "body": {
        "pid": 63413,
        "tid": "Main Thread",
        "startTime": 1470699831667375,
        "endTime": 1470703678159708
      },
      "additional": {
        "logType": "info",
        "children": [],
        "durationId": "848dd239-1c39-4d0c-b778-95d55ce76d7c",
        "parent": "872d34e0-aa87-4ef8-a4f7-f8b0fd93afcb"
      }
    },
    {
      "head": {
        "id": "848dd239-1c39-4d0c-b778-95d55ce76d7c",
        "name": "compile ArkTS with rollup",
        "description": "",
        "type": "duration"
      },
      "body": {
        "pid": 63413,
        "tid": "Worker21",
        "startTime": 1470699831667375,
        "endTime": 1470703678159708
      },
      "additional": {
        "children": [],
        "state": "success",
        "totalTime": 0,
        "frequency": 0,
        "fromHook": false,
        "parent": "ca96186a-85f7-4722-87c7-24325dc37459",
        "logId": "fb173a46-cf5c-44ca-94f1-b457c52256a0"
      },
      "log": {
        "_logger": {
          "category": "DurationEvent",
          "context": {},
          "callStackSkipIndex": 0
        },
        "_filelogger": {
          "category": "debug-file",
          "context": {},
          "callStackSkipIndex": 0
        }
      }
    },
    {
      "head": {
        "id": "f7ae5b01-40d8-40f3-9517-4f2a54ccb0e0",
        "name": "Finished :entry:default@PreviewArkTS",
        "description": "Compile ArkTS components on preview in the stage model.",
        "type": "log"
      },
      "body": {
        "pid": 63413,
        "tid": "Main Thread",
        "startTime": 1470698888939500,
        "endTime": 1470703679084750
      },
      "additional": {
        "logType": "info",
        "children": [
          "872d34e0-aa87-4ef8-a4f7-f8b0fd93afcb"
        ],
        "durationId": "aa7e0c3a-c0d0-401b-b090-53c9d06cd5ab"
      }
    },
    {
      "head": {
        "id": "d4ab61b4-de2f-42f7-af09-b06bcadba173",
        "name": "entry:PreviewBuild",
        "description": "Build preview in the stage model.",
        "type": "duration"
      },
      "body": {
        "pid": 63413,
        "tid": "Main Thread",
        "startTime": 1470703680293625,
        "endTime": 1470703680375750
      },
      "additional": {
        "children": [],
        "state": "success",
        "targetName": "",
        "moduleName": "entry",
        "category": "Hook",
        "taskRunReasons": [],
        "detailId": "9f371bc5-eb8e-4016-96f9-5905b52a376e",
        "logId": "8d006f78-77c1-4649-84dc-82e71c1d3097"
      },
      "log": {
        "_logger": {
          "category": "DurationEvent",
          "context": {},
          "callStackSkipIndex": 0
        },
        "_filelogger": {
          "category": "debug-file",
          "context": {},
          "callStackSkipIndex": 0
        }
      }
    },
    {
      "head": {
        "id": "9f371bc5-eb8e-4016-96f9-5905b52a376e",
        "name": "create entry:PreviewBuild task",
        "description": "",
        "type": "log"
      },
      "body": {
        "pid": 63413,
        "tid": "Main Thread",
        "startTime": 1470703680218833
      },
      "additional": {
        "logType": "detail",
        "children": [],
        "durationId": "d4ab61b4-de2f-42f7-af09-b06bcadba173"
      }
    },
    {
      "head": {
        "id": "96f06424-1dab-4470-8b73-8b410c2443c4",
        "name": "entry : PreviewBuild start {\n  rss: 723337216,\n  heapTotal: 116506624,\n  heapUsed: 86750184,\n  external: 996901,\n  arrayBuffers: 63059\n}",
        "description": "",
        "type": "log"
      },
      "body": {
        "pid": 63413,
        "tid": "Main Thread",
        "startTime": 1470703680265666
      },
      "additional": {
        "logType": "debug",
        "children": []
      }
    },
    {
      "head": {
        "id": "ce1242a2-39a6-4484-89c7-91c64edb58fe",
        "name": "Executing task :entry:PreviewBuild",
        "description": "",
        "type": "log"
      },
      "body": {
        "pid": 63413,
        "tid": "Main Thread",
        "startTime": 1470703680297083
      },
      "additional": {
        "logType": "debug",
        "children": []
      }
    },
    {
      "head": {
        "id": "53650111-64bf-407a-bd6c-71eb80dbd18e",
        "name": "entry : PreviewBuild end {\n  rss: 723337216,\n  heapTotal: 116506624,\n  heapUsed: 86774064,\n  external: 996901,\n  arrayBuffers: 63059\n}",
        "description": "",
        "type": "log"
      },
      "body": {
        "pid": 63413,
        "tid": "Main Thread",
        "startTime": 1470703680331000
      },
      "additional": {
        "logType": "debug",
        "children": []
      }
    },
    {
      "head": {
        "id": "8fd1efd5-0e7e-4af8-b232-3402d6ea9bc9",
        "name": "runTaskFromQueue task cost before running: 4 s 862 ms ",
        "description": "",
        "type": "log"
      },
      "body": {
        "pid": 63413,
        "tid": "Main Thread",
        "startTime": 1470703680359333
      },
      "additional": {
        "logType": "debug",
        "children": []
      }
    },
    {
      "head": {
        "id": "8d006f78-77c1-4649-84dc-82e71c1d3097",
        "name": "Finished :entry:PreviewBuild",
        "description": "Build preview in the stage model.",
        "type": "log"
      },
      "body": {
        "pid": 63413,
        "tid": "Main Thread",
        "startTime": 1470703680293625,
        "endTime": 1470703680375750
      },
      "additional": {
        "logType": "info",
        "children": [],
        "durationId": "d4ab61b4-de2f-42f7-af09-b06bcadba173"
      }
    },
    {
      "head": {
        "id": "df061292-6d9f-4d92-8f67-e4c43864bcbb",
        "name": "BUILD SUCCESSFUL in 4 s 862 ms ",
        "description": "",
        "type": "log"
      },
      "body": {
        "pid": 63413,
        "tid": "Main Thread",
        "startTime": 1470703680434375
      },
      "additional": {
        "logType": "info",
        "children": []
      }
    },
    {
      "head": {
        "id": "3cc7c65a-627a-45d7-a774-4e51cef2ac15",
        "name": "PreviewBuild",
        "description": "",
        "type": "mark"
      },
      "body": {
        "pid": 63413,
        "tid": "Main Thread",
        "startTime": 1470698818527583,
        "endTime": 1470703680488416
      },
      "additional": {
        "time": {
          "year": 2024,
          "month": 2,
          "day": 2,
          "hour": 13,
          "minute": 26
        },
        "completeCommand": "{\"mode\":\"module\",\"completeCommand\":\"--mode module -p module=entry@default -p product=default -p pageType=page -p compileResInc=true -p previewMode=true -p buildRoot=.preview PreviewBuild --watch --analyze --parallel --incremental --daemon\",\"watch\":true,\"parallel\":true,\"prop\":[\"module=entry@default\",\"product=default\",\"pageType=page\",\"compileResInc=true\",\"previewMode=true\",\"buildRoot=.preview\"],\"analyze\":true,\"incremental\":true,\"_\":[\"PreviewBuild\"],\"daemon\":true};--mode module -p module=entry@default -p product=default -p pageType=page -p compileResInc=true -p previewMode=true -p buildRoot=.preview PreviewBuild --watch --analyze --parallel --incremental --daemon",
        "hvigorVersion": "4.0.2",
        "markType": "history",
        "category": "build",
        "state": "success"
      }
    },
    {
      "head": {
        "id": "97adf201-83aa-49f1-a73a-733e502b3a5c",
        "name": "There is no need to refresh cache, since the incremental task entry:default@PreBuild is up-to-date.",
        "description": "",
        "type": "log"
      },
      "body": {
        "pid": 63413,
        "tid": "Main Thread",
        "startTime": 1470703680501750
      },
      "additional": {
        "logType": "debug",
        "children": []
      }
    },
    {
      "head": {
        "id": "0f4e8614-226a-4ef3-bc31-3680225ea012",
        "name": "There is no need to refresh cache, since the incremental task entry:default@CreateBuildProfile is up-to-date.",
        "description": "",
        "type": "log"
      },
      "body": {
        "pid": 63413,
        "tid": "Main Thread",
        "startTime": 1470703680520958
      },
      "additional": {
        "logType": "debug",
        "children": []
      }
    },
    {
      "head": {
        "id": "f014849e-a5bb-4465-8d6a-0fd6ab8a8e46",
        "name": "There is no need to refresh cache, since the incremental task entry:default@GenerateLoaderJson is up-to-date.",
        "description": "",
        "type": "log"
      },
      "body": {
        "pid": 63413,
        "tid": "Main Thread",
        "startTime": 1470703680538666
      },
      "additional": {
        "logType": "debug",
        "children": []
      }
    },
    {
      "head": {
        "id": "5e1c4e34-007a-4f5f-a240-d0c8116d87bd",
        "name": "There is no need to refresh cache, since the incremental task entry:default@MergeProfile is up-to-date.",
        "description": "",
        "type": "log"
      },
      "body": {
        "pid": 63413,
        "tid": "Main Thread",
        "startTime": 1470703680561125
      },
      "additional": {
        "logType": "debug",
        "children": []
      }
    },
    {
      "head": {
        "id": "8e160555-5225-458f-b6c8-cef02aec5729",
        "name": "There is no need to refresh cache, since the incremental task entry:default@ProcessProfile is up-to-date.",
        "description": "",
        "type": "log"
      },
      "body": {
        "pid": 63413,
        "tid": "Main Thread",
        "startTime": 1470703680576791
      },
      "additional": {
        "logType": "debug",
        "children": []
      }
    },
    {
      "head": {
        "id": "f9af89cc-9611-4a08-9a91-5840a112d447",
        "name": "There is no need to refresh cache, since the incremental task entry:default@PreviewCompileResource is up-to-date.",
        "description": "",
        "type": "log"
      },
      "body": {
        "pid": 63413,
        "tid": "Main Thread",
        "startTime": 1470703680592750
      },
      "additional": {
        "logType": "debug",
        "children": []
      }
    },
    {
      "head": {
        "id": "7b967377-973f-4d57-906a-f715e0828b4f",
        "name": "There is no need to refresh cache, since the incremental task entry:default@CopyPreviewProfile is up-to-date.",
        "description": "",
        "type": "log"
      },
      "body": {
        "pid": 63413,
        "tid": "Main Thread",
        "startTime": 1470703680608500
      },
      "additional": {
        "logType": "debug",
        "children": []
      }
    },
    {
      "head": {
        "id": "6ff56af1-345b-4acd-9a1b-638a4a703134",
        "name": "There is no need to refresh cache, since the incremental task entry:default@PreviewUpdateAssets is up-to-date.",
        "description": "",
        "type": "log"
      },
      "body": {
        "pid": 63413,
        "tid": "Main Thread",
        "startTime": 1470703680624541
      },
      "additional": {
        "logType": "debug",
        "children": []
      }
    },
    {
      "head": {
        "id": "5e6dd230-b9bc-420d-b734-e7b71c6d28c8",
        "name": "Update task entry:default@PreviewArkTS input file:/Users/jepson/Desktop/Harmony/projects/myfirst/entry/.preview/default/intermediates/loader/default cache by regenerate.",
        "description": "",
        "type": "log"
      },
      "body": {
        "pid": 63413,
        "tid": "Main Thread",
        "startTime": 1470703681180833
      },
      "additional": {
        "logType": "debug",
        "children": []
      }
    },
    {
      "head": {
        "id": "5ff85668-16d8-4537-97f0-f5fc6c051755",
        "name": "Update task entry:default@PreviewArkTS input file:/Users/jepson/Desktop/Harmony/projects/myfirst/entry/.preview/default/intermediates/res/default/ResourceTable.txt cache by regenerate.",
        "description": "",
        "type": "log"
      },
      "body": {
        "pid": 63413,
        "tid": "Main Thread",
        "startTime": 1470703681399000
      },
      "additional": {
        "logType": "debug",
        "children": []
      }
    },
    {
      "head": {
        "id": "2e2d4526-20ca-499d-9526-26b2210d5707",
        "name": "Update task entry:default@PreviewArkTS input file:/Users/jepson/Desktop/Harmony/projects/myfirst/entry/.preview/default/intermediates/res/default/module.json cache by regenerate.",
        "description": "",
        "type": "log"
      },
      "body": {
        "pid": 63413,
        "tid": "Main Thread",
        "startTime": 1470703681439541
      },
      "additional": {
        "logType": "debug",
        "children": []
      }
    },
    {
      "head": {
        "id": "2d384d91-995f-4c86-9408-5dafbf2592d3",
        "name": "Update task entry:default@PreviewArkTS input file:/Users/jepson/Desktop/Harmony/projects/myfirst/entry/.preview/default/intermediates/res/default/resources/base/profile cache by regenerate.",
        "description": "",
        "type": "log"
      },
      "body": {
        "pid": 63413,
        "tid": "Main Thread",
        "startTime": 1470703681491000
      },
      "additional": {
        "logType": "debug",
        "children": []
      }
    },
    {
      "head": {
        "id": "d11861e7-1331-44e6-a123-6a257b07dcb6",
        "name": "Update task entry:default@PreviewArkTS input file:/Users/jepson/Desktop/Harmony/projects/myfirst/entry/src/main/ets cache from map.",
        "description": "",
        "type": "log"
      },
      "body": {
        "pid": 63413,
        "tid": "Main Thread",
        "startTime": 1470703681587875
      },
      "additional": {
        "logType": "debug",
        "children": []
      }
    },
    {
      "head": {
        "id": "a1323655-6ab0-4d94-8850-d20431a7fc5e",
        "name": "Update task entry:default@PreviewArkTS input file:/Users/jepson/Desktop/Harmony/projects/myfirst/entry/.preview/default/generated/profile/default/BuildProfile.ets cache by regenerate.",
        "description": "",
        "type": "log"
      },
      "body": {
        "pid": 63413,
        "tid": "Main Thread",
        "startTime": 1470703681603958
      },
      "additional": {
        "logType": "debug",
        "children": []
      }
    },
    {
      "head": {
        "id": "cc7adb4b-96cc-498b-8127-0488fe1f0881",
        "name": "Update task entry:default@PreviewArkTS output file:/Users/jepson/Desktop/Harmony/projects/myfirst/entry/.preview/default/intermediates/loader_out/default/ets cache.",
        "description": "",
        "type": "log"
      },
      "body": {
        "pid": 63413,
        "tid": "Main Thread",
        "startTime": 1470703681654000
      },
      "additional": {
        "logType": "debug",
        "children": []
      }
    },
    {
      "head": {
        "id": "e8551404-046b-46a5-8dc5-ec06022a3f7c",
        "name": "Incremental task entry:default@PreviewArkTS post-execution cost:2 ms .",
        "description": "",
        "type": "log"
      },
      "body": {
        "pid": 63413,
        "tid": "Main Thread",
        "startTime": 1470703681803083
      },
      "additional": {
        "logType": "debug",
        "children": []
      }
    }
  ],
  "workLog": []
}