{
  "version": "2.0",
  "events": [
    {
      "head": {
        "id": "7fc51474-ed8f-4c29-9f3b-7238e0c837f4",
        "name": "hvigor build process will be closed.",
        "description": "",
        "type": "log"
      },
      "body": {
        "pid": 63413,
        "tid": "Main Thread",
        "startTime": 1332643727768500
      },
      "additional": {
        "logType": "debug",
        "children": []
      }
    },
    {
      "head": {
        "id": "401763b2-3226-4031-a64c-696db24aadae",
        "name": "watch worker: worker is ready to be terminated.",
        "description": "",
        "type": "log"
      },
      "body": {
        "pid": 63413,
        "tid": "Main Thread",
        "startTime": 1332646833832625
      },
      "additional": {
        "logType": "debug",
        "children": []
      }
    },
    {
      "head": {
        "id": "a56656b5-cf58-4e7c-a2c3-edce49bcf43d",
        "name": "Server currently has 0 watch-worker",
        "description": "",
        "type": "log"
      },
      "body": {
        "pid": 63413,
        "tid": "Main Thread",
        "startTime": 1332646834006208
      },
      "additional": {
        "logType": "debug",
        "children": []
      }
    },
    {
      "head": {
        "id": "35984032-9465-41c3-9944-ee2521934a09",
        "name": "watch worker: worker id should be larger than 0. Nothing will be sent to any worker thread.",
        "description": "",
        "type": "log"
      },
      "body": {
        "pid": 63413,
        "tid": "Main Thread",
        "startTime": 1332647178881208
      },
      "additional": {
        "logType": "debug",
        "children": []
      }
    },
    {
      "head": {
        "id": "d20c3011-5434-478e-bf01-dc96eff65e16",
        "name": "init",
        "description": "Initialize and build task graph.",
        "type": "duration"
      },
      "body": {
        "pid": 63413,
        "tid": "Main Thread",
        "startTime": 1332647179997208,
        "endTime": 1332647236869458
      },
      "additional": {
        "children": [],
        "state": "success",
        "targetName": "",
        "moduleName": "",
        "category": "Init",
        "taskRunReasons": [],
        "logId": "4b77c2c7-9417-4d7e-a832-58e19a380f8a"
      },
      "log": {
        "_logger": {
          "category": "DurationEvent",
          "context": {},
          "callStackSkipIndex": 0
        },
        "_filelogger": {
          "category": "debug-file",
          "context": {},
          "callStackSkipIndex": 0
        }
      }
    },
    {
      "head": {
        "id": "a45cadc9-5fe0-4d9f-b402-b3ff1adb2b19",
        "name": "Hvigor init with startParameters:{\n  hvigorfileTypeCheck: false,\n  parallelExecution: true,\n  incrementalExecution: true,\n  printStackTrace: false,\n  daemon: true,\n  analyze: 0,\n  logLevel: Level { level: 20000, levelStr: 'INFO', colour: 'green' },\n  enableSignTask: true,\n  skipNativeIncremental: false,\n  poolMaxCoreSize: undefined,\n  poolCacheCapacity: undefined,\n  poolCacheTtl: undefined\n}",
        "description": "",
        "type": "log"
      },
      "body": {
        "pid": 63413,
        "tid": "Main Thread",
        "startTime": 1332647180431250
      },
      "additional": {
        "logType": "debug",
        "children": []
      }
    },
    {
      "head": {
        "id": "88f8f4b0-bcb7-4670-adaa-367b0b724203",
        "name": "Cache service initialization finished in 1 ms ",
        "description": "",
        "type": "log"
      },
      "body": {
        "pid": 63413,
        "tid": "Main Thread",
        "startTime": 1332647181413458
      },
      "additional": {
        "logType": "debug",
        "children": []
      }
    },
    {
      "head": {
        "id": "e7338cce-bb4f-4d54-9cb3-2a66dd9ee853",
        "name": "hvigorfile, resolving /Users/jepson/Desktop/Harmony/projects/myfirst/hvigorfile.ts",
        "description": "",
        "type": "log"
      },
      "body": {
        "pid": 63413,
        "tid": "Main Thread",
        "startTime": 1332647182353875
      },
      "additional": {
        "logType": "debug",
        "children": []
      }
    },
    {
      "head": {
        "id": "5f575dac-7fec-49e4-a4d4-61cbdd459d3e",
        "name": "hvigorfile, require result:  { default: { system: [Function: appTasks], plugins: [] } }",
        "description": "",
        "type": "log"
      },
      "body": {
        "pid": 63413,
        "tid": "Main Thread",
        "startTime": 1332647185189166
      },
      "additional": {
        "logType": "debug",
        "children": []
      }
    },
    {
      "head": {
        "id": "bf603144-1999-47b2-ae4f-091277382bf1",
        "name": "hvigorfile, binding system plugins [Function: appTasks]",
        "description": "",
        "type": "log"
      },
      "body": {
        "pid": 63413,
        "tid": "Main Thread",
        "startTime": 1332647185248375
      },
      "additional": {
        "logType": "debug",
        "children": []
      }
    },
    {
      "head": {
        "id": "ce775902-e799-4f05-9954-597da780d80d",
        "name": "hvigorfile, binding custom plugins []",
        "description": "",
        "type": "log"
      },
      "body": {
        "pid": 63413,
        "tid": "Main Thread",
        "startTime": 1332647186967833
      },
      "additional": {
        "logType": "debug",
        "children": []
      }
    },
    {
      "head": {
        "id": "14e693b3-ec71-4f0b-a2db-b685159296af",
        "name": "hvigorfile, no custom plugins were found in /Users/jepson/Desktop/Harmony/projects/myfirst/hvigorfile.ts",
        "description": "",
        "type": "log"
      },
      "body": {
        "pid": 63413,
        "tid": "Main Thread",
        "startTime": 1332647187011541
      },
      "additional": {
        "logType": "debug",
        "children": []
      }
    },
    {
      "head": {
        "id": "6f32b1f2-4e85-4b7d-bbb6-93ed18789c67",
        "name": "hvigorfile, resolve finished /Users/jepson/Desktop/Harmony/projects/myfirst/hvigorfile.ts",
        "description": "",
        "type": "log"
      },
      "body": {
        "pid": 63413,
        "tid": "Main Thread",
        "startTime": 1332647187030791
      },
      "additional": {
        "logType": "debug",
        "children": []
      }
    },
    {
      "head": {
        "id": "61f5ba94-6627-4467-b2a5-4c0ee488d3dd",
        "name": "hvigorfile, resolving /Users/jepson/Desktop/Harmony/projects/myfirst/entry/hvigorfile.ts",
        "description": "",
        "type": "log"
      },
      "body": {
        "pid": 63413,
        "tid": "Main Thread",
        "startTime": 1332647187349458
      },
      "additional": {
        "logType": "debug",
        "children": []
      }
    },
    {
      "head": {
        "id": "050f5d09-50ce-47d5-8361-7034eb62a077",
        "name": "hvigorfile, require result:  { default: { system: [Function: hapTasks], plugins: [] } }",
        "description": "",
        "type": "log"
      },
      "body": {
        "pid": 63413,
        "tid": "Main Thread",
        "startTime": 1332647189482583
      },
      "additional": {
        "logType": "debug",
        "children": []
      }
    },
    {
      "head": {
        "id": "078d99c6-94dd-4285-bfcc-368260d8b354",
        "name": "hvigorfile, binding system plugins [Function: hapTasks]",
        "description": "",
        "type": "log"
      },
      "body": {
        "pid": 63413,
        "tid": "Main Thread",
        "startTime": 1332647189556500
      },
      "additional": {
        "logType": "debug",
        "children": []
      }
    },
    {
      "head": {
        "id": "bd42bf3c-1a17-426c-a064-b9274a82a307",
        "name": "Module entry Collected Dependency: ",
        "description": "",
        "type": "log"
      },
      "body": {
        "pid": 63413,
        "tid": "Main Thread",
        "startTime": 1332647190893208
      },
      "additional": {
        "logType": "debug",
        "children": []
      }
    },
    {
      "head": {
        "id": "b15ce3e2-2279-426f-95f9-2d41a4659400",
        "name": "Module entry's total dependency: 0",
        "description": "",
        "type": "log"
      },
      "body": {
        "pid": 63413,
        "tid": "Main Thread",
        "startTime": 1332647190935625
      },
      "additional": {
        "logType": "debug",
        "children": []
      }
    },
    {
      "head": {
        "id": "8aca58eb-1570-412e-8f8c-bedd1ca89739",
        "name": "Start initialize module-target build option map, moduleName=entry, buildMode=debug",
        "description": "",
        "type": "log"
      },
      "body": {
        "pid": 63413,
        "tid": "Main Thread",
        "startTime": 1332647191615750
      },
      "additional": {
        "logType": "debug",
        "children": []
      }
    },
    {
      "head": {
        "id": "4037f16d-957a-4143-976c-13c49e6e9cb5",
        "name": "Target 'default' config: {}",
        "description": "",
        "type": "log"
      },
      "body": {
        "pid": 63413,
        "tid": "Main Thread",
        "startTime": 1332647191642250
      },
      "additional": {
        "logType": "debug",
        "children": []
      }
    },
    {
      "head": {
        "id": "bb9c8127-46f7-4ee0-bd0c-118b8813760b",
        "name": "Target 'ohosTest' config: {}",
        "description": "",
        "type": "log"
      },
      "body": {
        "pid": 63413,
        "tid": "Main Thread",
        "startTime": 1332647191677750
      },
      "additional": {
        "logType": "debug",
        "children": []
      }
    },
    {
      "head": {
        "id": "f9d2165c-d90b-44f2-9eb1-3b2822188262",
        "name": "Module 'entry' target 'default' build option: {\n  \"debuggable\": true,\n  \"copyFrom\": \"default\",\n  \"name\": \"debug\"\n}",
        "description": "",
        "type": "log"
      },
      "body": {
        "pid": 63413,
        "tid": "Main Thread",
        "startTime": 1332647191803125
      },
      "additional": {
        "logType": "debug",
        "children": []
      }
    },
    {
      "head": {
        "id": "6383bc4d-24a5-4647-823b-30a00e462827",
        "name": "Module 'entry' target 'ohosTest' build option: {\n  \"debuggable\": true,\n  \"name\": \"default\"\n}",
        "description": "",
        "type": "log"
      },
      "body": {
        "pid": 63413,
        "tid": "Main Thread",
        "startTime": 1332647191825250
      },
      "additional": {
        "logType": "debug",
        "children": []
      }
    },
    {
      "head": {
        "id": "1deaabbe-01c8-45ca-92da-d1c66d6af636",
        "name": "End initialize module-target build option map, moduleName=entry",
        "description": "",
        "type": "log"
      },
      "body": {
        "pid": 63413,
        "tid": "Main Thread",
        "startTime": 1332647191846166
      },
      "additional": {
        "logType": "debug",
        "children": []
      }
    },
    {
      "head": {
        "id": "4b3cf305-e82b-46dc-b9b7-c5c4abc17adb",
        "name": "Module 'entry' target 'default' using build option: {\n  \"debuggable\": true,\n  \"copyFrom\": \"default\",\n  \"name\": \"debug\"\n} in this build.",
        "description": "",
        "type": "log"
      },
      "body": {
        "pid": 63413,
        "tid": "Main Thread",
        "startTime": 1332647191872125
      },
      "additional": {
        "logType": "debug",
        "children": []
      }
    },
    {
      "head": {
        "id": "ba29ae5c-2cb2-4dc0-97a6-8973a2902aad",
        "name": "require SDK: toolchains,ArkTS; moduleName=entry",
        "description": "",
        "type": "log"
      },
      "body": {
        "pid": 63413,
        "tid": "Main Thread",
        "startTime": 1332647192430958
      },
      "additional": {
        "logType": "debug",
        "children": []
      }
    },
    {
      "head": {
        "id": "f47efd09-4a6c-48fe-a759-5f01c2c65373",
        "name": "Module entry task initialization takes 1 ms ",
        "description": "",
        "type": "log"
      },
      "body": {
        "pid": 63413,
        "tid": "Main Thread",
        "startTime": 1332647193679375
      },
      "additional": {
        "logType": "debug",
        "children": []
      }
    },
    {
      "head": {
        "id": "572768ef-3694-4540-be11-7971e58b2237",
        "name": "hvigorfile, binding custom plugins []",
        "description": "",
        "type": "log"
      },
      "body": {
        "pid": 63413,
        "tid": "Main Thread",
        "startTime": 1332647193713333
      },
      "additional": {
        "logType": "debug",
        "children": []
      }
    },
    {
      "head": {
        "id": "f62ebf27-5038-4cce-b2c7-85da8fbd410d",
        "name": "hvigorfile, no custom plugins were found in /Users/jepson/Desktop/Harmony/projects/myfirst/entry/hvigorfile.ts",
        "description": "",
        "type": "log"
      },
      "body": {
        "pid": 63413,
        "tid": "Main Thread",
        "startTime": 1332647193732541
      },
      "additional": {
        "logType": "debug",
        "children": []
      }
    },
    {
      "head": {
        "id": "d000e0fb-1e46-489f-989f-174adf9d977b",
        "name": "hvigorfile, resolve finished /Users/jepson/Desktop/Harmony/projects/myfirst/entry/hvigorfile.ts",
        "description": "",
        "type": "log"
      },
      "body": {
        "pid": 63413,
        "tid": "Main Thread",
        "startTime": 1332647193748041
      },
      "additional": {
        "logType": "debug",
        "children": []
      }
    },
    {
      "head": {
        "id": "0495bac9-b3c2-4002-8763-591d71e2c09d",
        "name": "hvigorfile, resolve hvigorfile dependencies in 37 ms ",
        "description": "",
        "type": "log"
      },
      "body": {
        "pid": 63413,
        "tid": "Main Thread",
        "startTime": 1332647229810125
      },
      "additional": {
        "logType": "debug",
        "children": []
      }
    },
    {
      "head": {
        "id": "7b6f54e1-db9d-4cad-b2cc-fbfe11c13f81",
        "name": "Start initialize project's product build option map with build mode debug.",
        "description": "",
        "type": "log"
      },
      "body": {
        "pid": 63413,
        "tid": "Main Thread",
        "startTime": 1332647229949458
      },
      "additional": {
        "logType": "debug",
        "children": []
      }
    },
    {
      "head": {
        "id": "012d6ee3-1c83-495c-a31d-0c8610b0ce79",
        "name": "Picking option from product 'default' with build mode 'debug'.",
        "description": "",
        "type": "log"
      },
      "body": {
        "pid": 63413,
        "tid": "Main Thread",
        "startTime": 1332647229981125
      },
      "additional": {
        "logType": "debug",
        "children": []
      }
    },
    {
      "head": {
        "id": "aba7d796-2bbb-473c-b4c9-44665049ac95",
        "name": "Product 'default' build option: {}",
        "description": "",
        "type": "log"
      },
      "body": {
        "pid": 63413,
        "tid": "Main Thread",
        "startTime": 1332647230012583
      },
      "additional": {
        "logType": "debug",
        "children": []
      }
    },
    {
      "head": {
        "id": "2d389c36-da16-4641-9713-2bc2a58eea10",
        "name": "End initialize project's product build option map with build mode 'debug'.",
        "description": "",
        "type": "log"
      },
      "body": {
        "pid": 63413,
        "tid": "Main Thread",
        "startTime": 1332647230030166
      },
      "additional": {
        "logType": "debug",
        "children": []
      }
    },
    {
      "head": {
        "id": "8f57b8e8-7036-4117-baf2-ed0130c3cc19",
        "name": "Module myfirst Collected Dependency: ",
        "description": "",
        "type": "log"
      },
      "body": {
        "pid": 63413,
        "tid": "Main Thread",
        "startTime": 1332647230205958
      },
      "additional": {
        "logType": "debug",
        "children": []
      }
    },
    {
      "head": {
        "id": "5a1a63d2-e9d3-45e6-bbae-89d97642f0b6",
        "name": "Module myfirst's total dependency: 0",
        "description": "",
        "type": "log"
      },
      "body": {
        "pid": 63413,
        "tid": "Main Thread",
        "startTime": 1332647230227875
      },
      "additional": {
        "logType": "debug",
        "children": []
      }
    },
    {
      "head": {
        "id": "3f1a8f44-67a2-4bbb-b65b-eafd4cbe6562",
        "name": "Product 'default' using build option: {\n  \"debuggable\": true\n} in this build.",
        "description": "",
        "type": "log"
      },
      "body": {
        "pid": 63413,
        "tid": "Main Thread",
        "startTime": 1332647230554416
      },
      "additional": {
        "logType": "debug",
        "children": []
      }
    },
    {
      "head": {
        "id": "feb8643a-f88a-43dd-ba06-b557b9043741",
        "name": "Sdk init in 1 ms ",
        "description": "",
        "type": "log"
      },
      "body": {
        "pid": 63413,
        "tid": "Main Thread",
        "startTime": 1332647231694500
      },
      "additional": {
        "logType": "debug",
        "children": []
      }
    },
    {
      "head": {
        "id": "fa615220-bc09-40bc-a66c-f7b252321815",
        "name": "sdkVersion",
        "description": "4.1.0.52",
        "type": "mark"
      },
      "body": {
        "pid": 63413,
        "tid": "Main Thread",
        "startTime": 1332647231718125
      },
      "additional": {
        "time": {
          "year": 2024,
          "month": 1,
          "day": 31,
          "hour": 23,
          "minute": 5
        },
        "markType": "other"
      }
    },
    {
      "head": {
        "id": "bbb4be36-d78e-4709-86ae-2517fe030c07",
        "name": "Project task initialization takes 4 ms ",
        "description": "",
        "type": "log"
      },
      "body": {
        "pid": 63413,
        "tid": "Main Thread",
        "startTime": 1332647235136250
      },
      "additional": {
        "logType": "debug",
        "children": []
      }
    },
    {
      "head": {
        "id": "d2c73106-083a-4f9c-b036-073537738a56",
        "name": "Sdk init in 1 ms ",
        "description": "",
        "type": "log"
      },
      "body": {
        "pid": 63413,
        "tid": "Main Thread",
        "startTime": 1332647235837958
      },
      "additional": {
        "logType": "debug",
        "children": []
      }
    },
    {
      "head": {
        "id": "bb878253-3980-4bec-bb6f-0ec6978eb01b",
        "name": "project has submodules:entry",
        "description": "",
        "type": "log"
      },
      "body": {
        "pid": 63413,
        "tid": "Main Thread",
        "startTime": 1332647236410875
      },
      "additional": {
        "logType": "debug",
        "children": []
      }
    },
    {
      "head": {
        "id": "0947bf51-5a61-47f0-8ec6-60472578a2aa",
        "name": "Configuration phase cost:56 ms ",
        "description": "",
        "type": "log"
      },
      "body": {
        "pid": 63413,
        "tid": "Main Thread",
        "startTime": 1332647236668375
      },
      "additional": {
        "logType": "debug",
        "children": []
      }
    },
    {
      "head": {
        "id": "4b77c2c7-9417-4d7e-a832-58e19a380f8a",
        "name": "init",
        "description": "",
        "type": "log"
      },
      "body": {
        "pid": 63413,
        "tid": "Main Thread",
        "startTime": 1332647179997208,
        "endTime": 1332647236869458
      },
      "additional": {
        "logType": "info",
        "children": [],
        "durationId": "d20c3011-5434-478e-bf01-dc96eff65e16"
      }
    },
    {
      "head": {
        "id": "484f8da9-fb96-4135-bc30-b8df393f2148",
        "name": "Configuration task cost before running: 58 ms ",
        "description": "",
        "type": "log"
      },
      "body": {
        "pid": 63413,
        "tid": "Main Thread",
        "startTime": 1332647236938916
      },
      "additional": {
        "logType": "debug",
        "children": []
      }
    },
    {
      "head": {
        "id": "454b5ef1-7c1c-415f-b3ba-e11822e6b7e3",
        "name": "entry:default@PreBuild",
        "description": "Pre-build in the stage model.",
        "type": "duration"
      },
      "body": {
        "pid": 63413,
        "tid": "Main Thread",
        "startTime": 1332647237962166,
        "endTime": 1332647238575375
      },
      "additional": {
        "children": [],
        "state": "success",
        "targetName": "default",
        "moduleName": "entry",
        "category": "Verification",
        "taskRunReasons": [],
        "detailId": "d5385332-28f7-4aa9-92d4-8bb392cd12f9",
        "logId": "17389d6e-02fd-40f0-95c5-6564c9a4e65c"
      },
      "log": {
        "_logger": {
          "category": "DurationEvent",
          "context": {},
          "callStackSkipIndex": 0
        },
        "_filelogger": {
          "category": "debug-file",
          "context": {},
          "callStackSkipIndex": 0
        }
      }
    },
    {
      "head": {
        "id": "d5385332-28f7-4aa9-92d4-8bb392cd12f9",
        "name": "create entry:default@PreBuild task",
        "description": "",
        "type": "log"
      },
      "body": {
        "pid": 63413,
        "tid": "Main Thread",
        "startTime": 1332647237112833
      },
      "additional": {
        "logType": "detail",
        "children": [],
        "durationId": "454b5ef1-7c1c-415f-b3ba-e11822e6b7e3"
      }
    },
    {
      "head": {
        "id": "50924b8b-0378-48c6-b627-803d1f8a22b1",
        "name": "entry : default@PreBuild start {\n  rss: 239747072,\n  heapTotal: 112312320,\n  heapUsed: 95913312,\n  external: 1038360,\n  arrayBuffers: 104518\n}",
        "description": "",
        "type": "log"
      },
      "body": {
        "pid": 63413,
        "tid": "Main Thread",
        "startTime": 1332647237927583
      },
      "additional": {
        "logType": "debug",
        "children": []
      }
    },
    {
      "head": {
        "id": "56a3e19c-fac8-4063-b93a-5e825e566065",
        "name": "Executing task :entry:default@PreBuild",
        "description": "",
        "type": "log"
      },
      "body": {
        "pid": 63413,
        "tid": "Main Thread",
        "startTime": 1332647237966583
      },
      "additional": {
        "logType": "debug",
        "children": []
      }
    },
    {
      "head": {
        "id": "9be8635a-e320-4b71-8a8a-ac11eb6807a1",
        "name": "Incremental task entry:default@PreBuild pre-execution cost: 1 ms .",
        "description": "",
        "type": "log"
      },
      "body": {
        "pid": 63413,
        "tid": "Main Thread",
        "startTime": 1332647238514666
      },
      "additional": {
        "logType": "debug",
        "children": []
      }
    },
    {
      "head": {
        "id": "33c8437b-cce6-4c2a-a556-71d5aaebef68",
        "name": "entry : default@PreBuild end {\n  rss: 239878144,\n  heapTotal: 112312320,\n  heapUsed: 96046464,\n  external: 1038360,\n  arrayBuffers: 104518\n}",
        "description": "",
        "type": "log"
      },
      "body": {
        "pid": 63413,
        "tid": "Main Thread",
        "startTime": 1332647238549208
      },
      "additional": {
        "logType": "debug",
        "children": []
      }
    },
    {
      "head": {
        "id": "17389d6e-02fd-40f0-95c5-6564c9a4e65c",
        "name": "UP-TO-DATE :entry:default@PreBuild",
        "description": "Pre-build in the stage model.",
        "type": "log"
      },
      "body": {
        "pid": 63413,
        "tid": "Main Thread",
        "startTime": 1332647237962166,
        "endTime": 1332647238575375
      },
      "additional": {
        "logType": "info",
        "children": [],
        "durationId": "454b5ef1-7c1c-415f-b3ba-e11822e6b7e3"
      }
    },
    {
      "head": {
        "id": "07f6998d-d4a7-49b6-b454-fc301745c376",
        "name": "entry:default@CreateBuildProfile",
        "description": "Create the BuildProfile.ets file for the HAP/HSP package.",
        "type": "duration"
      },
      "body": {
        "pid": 63413,
        "tid": "Main Thread",
        "startTime": 1332647238954333,
        "endTime": 1332647239655208
      },
      "additional": {
        "children": [],
        "state": "success",
        "targetName": "default",
        "moduleName": "entry",
        "category": "Generate",
        "taskRunReasons": [],
        "detailId": "23c61c1d-7ebf-46b7-921c-d4d1e028c0bf",
        "logId": "3e418e09-ad21-4d1a-ab9a-306a4fa83ef6"
      },
      "log": {
        "_logger": {
          "category": "DurationEvent",
          "context": {},
          "callStackSkipIndex": 0
        },
        "_filelogger": {
          "category": "debug-file",
          "context": {},
          "callStackSkipIndex": 0
        }
      }
    },
    {
      "head": {
        "id": "23c61c1d-7ebf-46b7-921c-d4d1e028c0bf",
        "name": "create entry:default@CreateBuildProfile task",
        "description": "",
        "type": "log"
      },
      "body": {
        "pid": 63413,
        "tid": "Main Thread",
        "startTime": 1332647238808291
      },
      "additional": {
        "logType": "detail",
        "children": [],
        "durationId": "07f6998d-d4a7-49b6-b454-fc301745c376"
      }
    },
    {
      "head": {
        "id": "e907a21a-fbb9-4d8b-9093-1f05f6d919b6",
        "name": "entry : default@CreateBuildProfile start {\n  rss: 240074752,\n  heapTotal: 112312320,\n  heapUsed: 96231000,\n  external: 1038360,\n  arrayBuffers: 104518\n}",
        "description": "",
        "type": "log"
      },
      "body": {
        "pid": 63413,
        "tid": "Main Thread",
        "startTime": 1332647238926458
      },
      "additional": {
        "logType": "debug",
        "children": []
      }
    },
    {
      "head": {
        "id": "a798667f-b08e-42a1-89dd-98c27da991aa",
        "name": "Executing task :entry:default@CreateBuildProfile",
        "description": "",
        "type": "log"
      },
      "body": {
        "pid": 63413,
        "tid": "Main Thread",
        "startTime": 1332647238958375
      },
      "additional": {
        "logType": "debug",
        "children": []
      }
    },
    {
      "head": {
        "id": "c67bf78b-3fa0-4b9b-80e7-779bf8c5431d",
        "name": "Incremental task entry:default@CreateBuildProfile pre-execution cost: 1 ms .",
        "description": "",
        "type": "log"
      },
      "body": {
        "pid": 63413,
        "tid": "Main Thread",
        "startTime": 1332647239546583
      },
      "additional": {
        "logType": "debug",
        "children": []
      }
    },
    {
      "head": {
        "id": "02b266ed-b15e-4d1a-8a1d-4a9712ca4780",
        "name": "entry : default@CreateBuildProfile end {\n  rss: 240173056,\n  heapTotal: 112312320,\n  heapUsed: 96341912,\n  external: 1046552,\n  arrayBuffers: 112710\n}",
        "description": "",
        "type": "log"
      },
      "body": {
        "pid": 63413,
        "tid": "Main Thread",
        "startTime": 1332647239621916
      },
      "additional": {
        "logType": "debug",
        "children": []
      }
    },
    {
      "head": {
        "id": "3e418e09-ad21-4d1a-ab9a-306a4fa83ef6",
        "name": "UP-TO-DATE :entry:default@CreateBuildProfile",
        "description": "Create the BuildProfile.ets file for the HAP/HSP package.",
        "type": "log"
      },
      "body": {
        "pid": 63413,
        "tid": "Main Thread",
        "startTime": 1332647238954333,
        "endTime": 1332647239655208
      },
      "additional": {
        "logType": "info",
        "children": [],
        "durationId": "07f6998d-d4a7-49b6-b454-fc301745c376"
      }
    },
    {
      "head": {
        "id": "781b9def-9f90-4576-bb09-2415fde11f4a",
        "name": "entry:default@GenerateLoaderJson",
        "description": "Generate loader.json in the stage model.",
        "type": "duration"
      },
      "body": {
        "pid": 63413,
        "tid": "Main Thread",
        "startTime": 1332647241071666,
        "endTime": 1332647241402833
      },
      "additional": {
        "children": [],
        "state": "success",
        "targetName": "default",
        "moduleName": "entry",
        "category": "Generate",
        "taskRunReasons": [],
        "detailId": "4ab60599-9c2d-432d-b391-49250590c3b1",
        "logId": "5c936ca4-6950-4583-ad69-f6b658df0197"
      },
      "log": {
        "_logger": {
          "category": "DurationEvent",
          "context": {},
          "callStackSkipIndex": 0
        },
        "_filelogger": {
          "category": "debug-file",
          "context": {},
          "callStackSkipIndex": 0
        }
      }
    },
    {
      "head": {
        "id": "4ab60599-9c2d-432d-b391-49250590c3b1",
        "name": "create entry:default@GenerateLoaderJson task",
        "description": "",
        "type": "log"
      },
      "body": {
        "pid": 63413,
        "tid": "Main Thread",
        "startTime": 1332647240115541
      },
      "additional": {
        "logType": "detail",
        "children": [],
        "durationId": "781b9def-9f90-4576-bb09-2415fde11f4a"
      }
    },
    {
      "head": {
        "id": "776f186b-c6e8-4aa6-94ed-52e5aa3d1624",
        "name": "entry : default@GenerateLoaderJson start {\n  rss: 240517120,\n  heapTotal: 112312320,\n  heapUsed: 96667184,\n  external: 1054744,\n  arrayBuffers: 120902\n}",
        "description": "",
        "type": "log"
      },
      "body": {
        "pid": 63413,
        "tid": "Main Thread",
        "startTime": 1332647241035500
      },
      "additional": {
        "logType": "debug",
        "children": []
      }
    },
    {
      "head": {
        "id": "53d95adb-af6c-41fe-a682-eca3de1f785e",
        "name": "Executing task :entry:default@GenerateLoaderJson",
        "description": "",
        "type": "log"
      },
      "body": {
        "pid": 63413,
        "tid": "Main Thread",
        "startTime": 1332647241075625
      },
      "additional": {
        "logType": "debug",
        "children": []
      }
    },
    {
      "head": {
        "id": "e19d6796-c426-4b03-a50e-81a9b0c44889",
        "name": "Incremental task entry:default@GenerateLoaderJson pre-execution cost: 1 ms .",
        "description": "",
        "type": "log"
      },
      "body": {
        "pid": 63413,
        "tid": "Main Thread",
        "startTime": 1332647241343208
      },
      "additional": {
        "logType": "debug",
        "children": []
      }
    },
    {
      "head": {
        "id": "89cdaede-0f38-4ffe-9ee8-27e314dfa2c7",
        "name": "entry : default@GenerateLoaderJson end {\n  rss: 240566272,\n  heapTotal: 112312320,\n  heapUsed: 96734584,\n  external: 1054744,\n  arrayBuffers: 120902\n}",
        "description": "",
        "type": "log"
      },
      "body": {
        "pid": 63413,
        "tid": "Main Thread",
        "startTime": 1332647241378375
      },
      "additional": {
        "logType": "debug",
        "children": []
      }
    },
    {
      "head": {
        "id": "5c936ca4-6950-4583-ad69-f6b658df0197",
        "name": "UP-TO-DATE :entry:default@GenerateLoaderJson",
        "description": "Generate loader.json in the stage model.",
        "type": "log"
      },
      "body": {
        "pid": 63413,
        "tid": "Main Thread",
        "startTime": 1332647241071666,
        "endTime": 1332647241402833
      },
      "additional": {
        "logType": "info",
        "children": [],
        "durationId": "781b9def-9f90-4576-bb09-2415fde11f4a"
      }
    },
    {
      "head": {
        "id": "fa164e4c-e376-4b6d-8cc7-214ebcfa5402",
        "name": "entry:default@MergeProfile",
        "description": "Merge app config manifest files in the stage model.",
        "type": "duration"
      },
      "body": {
        "pid": 63413,
        "tid": "Main Thread",
        "startTime": 1332647241948958,
        "endTime": 1332647242255250
      },
      "additional": {
        "children": [],
        "state": "success",
        "targetName": "default",
        "moduleName": "entry",
        "category": "Config",
        "taskRunReasons": [],
        "detailId": "63c9bde0-1d09-484e-9e1a-e13a01bf43b6",
        "logId": "7d972b12-23fc-4ee2-bcc3-dca5b632570e"
      },
      "log": {
        "_logger": {
          "category": "DurationEvent",
          "context": {},
          "callStackSkipIndex": 0
        },
        "_filelogger": {
          "category": "debug-file",
          "context": {},
          "callStackSkipIndex": 0
        }
      }
    },
    {
      "head": {
        "id": "63c9bde0-1d09-484e-9e1a-e13a01bf43b6",
        "name": "create entry:default@MergeProfile task",
        "description": "",
        "type": "log"
      },
      "body": {
        "pid": 63413,
        "tid": "Main Thread",
        "startTime": 1332647241613416
      },
      "additional": {
        "logType": "detail",
        "children": [],
        "durationId": "fa164e4c-e376-4b6d-8cc7-214ebcfa5402"
      }
    },
    {
      "head": {
        "id": "cf43ccfb-fe1a-4772-bb6b-43d496fb2f30",
        "name": "entry : default@MergeProfile start {\n  rss: 240762880,\n  heapTotal: 112312320,\n  heapUsed: 96910344,\n  external: 1054744,\n  arrayBuffers: 120902\n}",
        "description": "",
        "type": "log"
      },
      "body": {
        "pid": 63413,
        "tid": "Main Thread",
        "startTime": 1332647241916583
      },
      "additional": {
        "logType": "debug",
        "children": []
      }
    },
    {
      "head": {
        "id": "00fefbfb-d11a-4cec-93ee-75999750893d",
        "name": "Executing task :entry:default@MergeProfile",
        "description": "",
        "type": "log"
      },
      "body": {
        "pid": 63413,
        "tid": "Main Thread",
        "startTime": 1332647241952208
      },
      "additional": {
        "logType": "debug",
        "children": []
      }
    },
    {
      "head": {
        "id": "5f56fa85-f69b-4b47-b6df-465b4909a137",
        "name": "Incremental task entry:default@MergeProfile pre-execution cost: 1 ms .",
        "description": "",
        "type": "log"
      },
      "body": {
        "pid": 63413,
        "tid": "Main Thread",
        "startTime": 1332647242203291
      },
      "additional": {
        "logType": "debug",
        "children": []
      }
    },
    {
      "head": {
        "id": "05a0f819-b83b-4e3d-bcc4-3d411471de97",
        "name": "entry : default@MergeProfile end {\n  rss: 240828416,\n  heapTotal: 112312320,\n  heapUsed: 96984928,\n  external: 1054744,\n  arrayBuffers: 120902\n}",
        "description": "",
        "type": "log"
      },
      "body": {
        "pid": 63413,
        "tid": "Main Thread",
        "startTime": 1332647242232208
      },
      "additional": {
        "logType": "debug",
        "children": []
      }
    },
    {
      "head": {
        "id": "7d972b12-23fc-4ee2-bcc3-dca5b632570e",
        "name": "UP-TO-DATE :entry:default@MergeProfile",
        "description": "Merge app config manifest files in the stage model.",
        "type": "log"
      },
      "body": {
        "pid": 63413,
        "tid": "Main Thread",
        "startTime": 1332647241948958,
        "endTime": 1332647242255250
      },
      "additional": {
        "logType": "info",
        "children": [],
        "durationId": "fa164e4c-e376-4b6d-8cc7-214ebcfa5402"
      }
    },
    {
      "head": {
        "id": "13148124-0b31-4753-b29f-2c596710121d",
        "name": "entry:default@ProcessProfile",
        "description": "Process app config manifest files in the stage model.",
        "type": "duration"
      },
      "body": {
        "pid": 63413,
        "tid": "Main Thread",
        "startTime": 1332647242888041,
        "endTime": 1332647243074875
      },
      "additional": {
        "children": [],
        "state": "success",
        "targetName": "default",
        "moduleName": "entry",
        "category": "Config",
        "taskRunReasons": [],
        "detailId": "91d8c3db-8a65-4f07-a66a-ab0a9cdd99f0",
        "logId": "2d8a989d-7a7d-44a6-aae1-4853e4ac05c1"
      },
      "log": {
        "_logger": {
          "category": "DurationEvent",
          "context": {},
          "callStackSkipIndex": 0
        },
        "_filelogger": {
          "category": "debug-file",
          "context": {},
          "callStackSkipIndex": 0
        }
      }
    },
    {
      "head": {
        "id": "91d8c3db-8a65-4f07-a66a-ab0a9cdd99f0",
        "name": "create entry:default@ProcessProfile task",
        "description": "",
        "type": "log"
      },
      "body": {
        "pid": 63413,
        "tid": "Main Thread",
        "startTime": 1332647242466000
      },
      "additional": {
        "logType": "detail",
        "children": [],
        "durationId": "13148124-0b31-4753-b29f-2c596710121d"
      }
    },
    {
      "head": {
        "id": "cfbf22dd-065a-4c4d-ab15-440890885201",
        "name": "entry : default@ProcessProfile start {\n  rss: 241008640,\n  heapTotal: 112312320,\n  heapUsed: 97176912,\n  external: 1062936,\n  arrayBuffers: 129094\n}",
        "description": "",
        "type": "log"
      },
      "body": {
        "pid": 63413,
        "tid": "Main Thread",
        "startTime": 1332647242857250
      },
      "additional": {
        "logType": "debug",
        "children": []
      }
    },
    {
      "head": {
        "id": "7d4d1932-ddcf-4e3b-9e99-e4c9baffa688",
        "name": "Executing task :entry:default@ProcessProfile",
        "description": "",
        "type": "log"
      },
      "body": {
        "pid": 63413,
        "tid": "Main Thread",
        "startTime": 1332647242891416
      },
      "additional": {
        "logType": "debug",
        "children": []
      }
    },
    {
      "head": {
        "id": "f2bd1583-880f-4e0f-8286-0c30825f5571",
        "name": "Incremental task entry:default@ProcessProfile pre-execution cost: 1 ms .",
        "description": "",
        "type": "log"
      },
      "body": {
        "pid": 63413,
        "tid": "Main Thread",
        "startTime": 1332647243026833
      },
      "additional": {
        "logType": "debug",
        "children": []
      }
    },
    {
      "head": {
        "id": "b4e76ba4-6df4-489f-b9a1-c74ab1cdd693",
        "name": "entry : default@ProcessProfile end {\n  rss: 241057792,\n  heapTotal: 112312320,\n  heapUsed: 97235920,\n  external: 1062936,\n  arrayBuffers: 129094\n}",
        "description": "",
        "type": "log"
      },
      "body": {
        "pid": 63413,
        "tid": "Main Thread",
        "startTime": 1332647243053833
      },
      "additional": {
        "logType": "debug",
        "children": []
      }
    },
    {
      "head": {
        "id": "2d8a989d-7a7d-44a6-aae1-4853e4ac05c1",
        "name": "UP-TO-DATE :entry:default@ProcessProfile",
        "description": "Process app config manifest files in the stage model.",
        "type": "log"
      },
      "body": {
        "pid": 63413,
        "tid": "Main Thread",
        "startTime": 1332647242888041,
        "endTime": 1332647243074875
      },
      "additional": {
        "logType": "info",
        "children": [],
        "durationId": "13148124-0b31-4753-b29f-2c596710121d"
      }
    },
    {
      "head": {
        "id": "5ffd16ed-da6c-4172-b28f-0fe01cda553f",
        "name": "entry:default@PreviewProcessResource",
        "description": "Process preview resources incrementally in the stage model.",
        "type": "duration"
      },
      "body": {
        "pid": 63413,
        "tid": "Main Thread",
        "startTime": 1332647243920166,
        "endTime": 1332647244714541
      },
      "additional": {
        "children": [],
        "state": "success",
        "targetName": "default",
        "moduleName": "entry",
        "category": "Resources",
        "taskRunReasons": [],
        "detailId": "9fe63761-7515-4433-87b7-e9c0bc5a80d3",
        "logId": "de4d9cc3-7978-4961-b837-0a395894c042"
      },
      "log": {
        "_logger": {
          "category": "DurationEvent",
          "context": {},
          "callStackSkipIndex": 0
        },
        "_filelogger": {
          "category": "debug-file",
          "context": {},
          "callStackSkipIndex": 0
        }
      }
    },
    {
      "head": {
        "id": "9fe63761-7515-4433-87b7-e9c0bc5a80d3",
        "name": "create entry:default@PreviewProcessResource task",
        "description": "",
        "type": "log"
      },
      "body": {
        "pid": 63413,
        "tid": "Main Thread",
        "startTime": 1332647243235916
      },
      "additional": {
        "logType": "detail",
        "children": [],
        "durationId": "5ffd16ed-da6c-4172-b28f-0fe01cda553f"
      }
    },
    {
      "head": {
        "id": "ab046cca-48b0-476c-ab4c-1b80be6e1214",
        "name": "restool module names: entry; moduleName=entry, taskName=default@PreviewProcessResource",
        "description": "",
        "type": "log"
      },
      "body": {
        "pid": 63413,
        "tid": "Main Thread",
        "startTime": 1332647243541083
      },
      "additional": {
        "logType": "debug",
        "children": []
      }
    },
    {
      "head": {
        "id": "4576c289-7cdb-4ecb-8df7-5f11537a031f",
        "name": "entry : default@PreviewProcessResource start {\n  rss: 241287168,\n  heapTotal: 112312320,\n  heapUsed: 97469944,\n  external: 1062936,\n  arrayBuffers: 129094\n}",
        "description": "",
        "type": "log"
      },
      "body": {
        "pid": 63413,
        "tid": "Main Thread",
        "startTime": 1332647243896166
      },
      "additional": {
        "logType": "debug",
        "children": []
      }
    },
    {
      "head": {
        "id": "e6b03881-6032-49e9-a906-2c46ae407179",
        "name": "Executing task :entry:default@PreviewProcessResource",
        "description": "",
        "type": "log"
      },
      "body": {
        "pid": 63413,
        "tid": "Main Thread",
        "startTime": 1332647244308000
      },
      "additional": {
        "logType": "debug",
        "children": []
      }
    },
    {
      "head": {
        "id": "ef0fb5c1-7552-43eb-844e-0b51f069133b",
        "name": "entry : default@PreviewProcessResource end {\n  rss: 241401856,\n  heapTotal: 112312320,\n  heapUsed: 97567248,\n  external: 1071128,\n  arrayBuffers: 137286\n}",
        "description": "",
        "type": "log"
      },
      "body": {
        "pid": 63413,
        "tid": "Main Thread",
        "startTime": 1332647244354958
      },
      "additional": {
        "logType": "debug",
        "children": []
      }
    },
    {
      "head": {
        "id": "ed38a762-a46a-4063-a79c-f17c68172da7",
        "name": "runTaskFromQueue task cost before running: 65 ms ",
        "description": "",
        "type": "log"
      },
      "body": {
        "pid": 63413,
        "tid": "Main Thread",
        "startTime": 1332647244693833
      },
      "additional": {
        "logType": "debug",
        "children": []
      }
    },
    {
      "head": {
        "id": "de4d9cc3-7978-4961-b837-0a395894c042",
        "name": "Finished :entry:default@PreviewProcessResource",
        "description": "Process preview resources incrementally in the stage model.",
        "type": "log"
      },
      "body": {
        "pid": 63413,
        "tid": "Main Thread",
        "startTime": 1332647243920166,
        "endTime": 1332647244714541
      },
      "additional": {
        "logType": "info",
        "children": [],
        "durationId": "5ffd16ed-da6c-4172-b28f-0fe01cda553f"
      }
    },
    {
      "head": {
        "id": "f73e25ce-a965-4acc-a521-54aab69ff0c6",
        "name": "entry:default@PreviewCompileResource",
        "description": "Use Preview to compile project resources in the stage model.",
        "type": "duration"
      },
      "body": {
        "pid": 63413,
        "tid": "Main Thread",
        "startTime": 1332647245752583,
        "endTime": 1332647247111958
      },
      "additional": {
        "children": [],
        "state": "success",
        "targetName": "default",
        "moduleName": "entry",
        "category": "Resources",
        "taskRunReasons": [],
        "detailId": "c6ebd158-95d5-480e-802e-51004f5508bd",
        "logId": "be19315f-4e9a-4783-aad6-de8184cfa4c8"
      },
      "log": {
        "_logger": {
          "category": "DurationEvent",
          "context": {},
          "callStackSkipIndex": 0
        },
        "_filelogger": {
          "category": "debug-file",
          "context": {},
          "callStackSkipIndex": 0
        }
      }
    },
    {
      "head": {
        "id": "c6ebd158-95d5-480e-802e-51004f5508bd",
        "name": "create entry:default@PreviewCompileResource task",
        "description": "",
        "type": "log"
      },
      "body": {
        "pid": 63413,
        "tid": "Main Thread",
        "startTime": 1332647245182041
      },
      "additional": {
        "logType": "detail",
        "children": [],
        "durationId": "f73e25ce-a965-4acc-a521-54aab69ff0c6"
      }
    },
    {
      "head": {
        "id": "eaf170ef-a81a-4a82-af05-fdddf9638793",
        "name": "restool module names: entry; moduleName=entry, taskName=default@PreviewCompileResource",
        "description": "",
        "type": "log"
      },
      "body": {
        "pid": 63413,
        "tid": "Main Thread",
        "startTime": 1332647245427833
      },
      "additional": {
        "logType": "debug",
        "children": []
      }
    },
    {
      "head": {
        "id": "4e15a93e-b19f-4df9-b48e-f2f2d688552b",
        "name": "entry : default@PreviewCompileResource start {\n  rss: 241795072,\n  heapTotal: 112312320,\n  heapUsed: 97992280,\n  external: 1079320,\n  arrayBuffers: 145478\n}",
        "description": "",
        "type": "log"
      },
      "body": {
        "pid": 63413,
        "tid": "Main Thread",
        "startTime": 1332647245726291
      },
      "additional": {
        "logType": "debug",
        "children": []
      }
    },
    {
      "head": {
        "id": "544ca1d4-186b-4f42-92f3-6439f457d58e",
        "name": "Executing task :entry:default@PreviewCompileResource",
        "description": "",
        "type": "log"
      },
      "body": {
        "pid": 63413,
        "tid": "Main Thread",
        "startTime": 1332647245764291
      },
      "additional": {
        "logType": "debug",
        "children": []
      }
    },
    {
      "head": {
        "id": "c1138c7b-b092-464d-97a0-eb5b2e60c769",
        "name": "Incremental task entry:default@PreviewCompileResource pre-execution cost: 2 ms .",
        "description": "",
        "type": "log"
      },
      "body": {
        "pid": 63413,
        "tid": "Main Thread",
        "startTime": 1332647247047708
      },
      "additional": {
        "logType": "debug",
        "children": []
      }
    },
    {
      "head": {
        "id": "a295ad29-9ca4-4938-9954-4dea564b983e",
        "name": "entry : default@PreviewCompileResource end {\n  rss: 242106368,\n  heapTotal: 112312320,\n  heapUsed: 98313040,\n  external: 1087512,\n  arrayBuffers: 153670\n}",
        "description": "",
        "type": "log"
      },
      "body": {
        "pid": 63413,
        "tid": "Main Thread",
        "startTime": 1332647247084000
      },
      "additional": {
        "logType": "debug",
        "children": []
      }
    },
    {
      "head": {
        "id": "be19315f-4e9a-4783-aad6-de8184cfa4c8",
        "name": "UP-TO-DATE :entry:default@PreviewCompileResource",
        "description": "Use Preview to compile project resources in the stage model.",
        "type": "log"
      },
      "body": {
        "pid": 63413,
        "tid": "Main Thread",
        "startTime": 1332647245752583,
        "endTime": 1332647247111958
      },
      "additional": {
        "logType": "info",
        "children": [],
        "durationId": "f73e25ce-a965-4acc-a521-54aab69ff0c6"
      }
    },
    {
      "head": {
        "id": "c89b77a7-9997-4d9f-83de-77cb4cdfca64",
        "name": "entry:default@PreviewHookCompileResource",
        "description": "Add a hook task for compiling preview resources.",
        "type": "duration"
      },
      "body": {
        "pid": 63413,
        "tid": "Main Thread",
        "startTime": 1332647247481958,
        "endTime": 1332647247559000
      },
      "additional": {
        "children": [],
        "state": "success",
        "targetName": "default",
        "moduleName": "entry",
        "category": "Hook",
        "taskRunReasons": [],
        "detailId": "f4a6a74a-51cd-41bf-9926-4e99ae39b88f",
        "logId": "4401be6f-b1ae-423b-9600-836b76772adc"
      },
      "log": {
        "_logger": {
          "category": "DurationEvent",
          "context": {},
          "callStackSkipIndex": 0
        },
        "_filelogger": {
          "category": "debug-file",
          "context": {},
          "callStackSkipIndex": 0
        }
      }
    },
    {
      "head": {
        "id": "f4a6a74a-51cd-41bf-9926-4e99ae39b88f",
        "name": "create entry:default@PreviewHookCompileResource task",
        "description": "",
        "type": "log"
      },
      "body": {
        "pid": 63413,
        "tid": "Main Thread",
        "startTime": 1332647247405000
      },
      "additional": {
        "logType": "detail",
        "children": [],
        "durationId": "c89b77a7-9997-4d9f-83de-77cb4cdfca64"
      }
    },
    {
      "head": {
        "id": "9d3a57c2-b776-42d3-9ad6-3f2c220aa056",
        "name": "entry : default@PreviewHookCompileResource start {\n  rss: 242270208,\n  heapTotal: 112312320,\n  heapUsed: 98462336,\n  external: 1087512,\n  arrayBuffers: 153670\n}",
        "description": "",
        "type": "log"
      },
      "body": {
        "pid": 63413,
        "tid": "Main Thread",
        "startTime": 1332647247457458
      },
      "additional": {
        "logType": "debug",
        "children": []
      }
    },
    {
      "head": {
        "id": "ccf96607-5c8b-4f93-bd76-6d87e6675fbf",
        "name": "Executing task :entry:default@PreviewHookCompileResource",
        "description": "",
        "type": "log"
      },
      "body": {
        "pid": 63413,
        "tid": "Main Thread",
        "startTime": 1332647247484458
      },
      "additional": {
        "logType": "debug",
        "children": []
      }
    },
    {
      "head": {
        "id": "8847d84e-2a10-40e2-b3d2-c7c25d9bdc71",
        "name": "entry : default@PreviewHookCompileResource end {\n  rss: 242286592,\n  heapTotal: 112312320,\n  heapUsed: 98488280,\n  external: 1087512,\n  arrayBuffers: 153670\n}",
        "description": "",
        "type": "log"
      },
      "body": {
        "pid": 63413,
        "tid": "Main Thread",
        "startTime": 1332647247515875
      },
      "additional": {
        "logType": "debug",
        "children": []
      }
    },
    {
      "head": {
        "id": "c2865320-a303-437e-8b9a-74a3aa80a29b",
        "name": "runTaskFromQueue task cost before running: 68 ms ",
        "description": "",
        "type": "log"
      },
      "body": {
        "pid": 63413,
        "tid": "Main Thread",
        "startTime": 1332647247542833
      },
      "additional": {
        "logType": "debug",
        "children": []
      }
    },
    {
      "head": {
        "id": "4401be6f-b1ae-423b-9600-836b76772adc",
        "name": "Finished :entry:default@PreviewHookCompileResource",
        "description": "Add a hook task for compiling preview resources.",
        "type": "log"
      },
      "body": {
        "pid": 63413,
        "tid": "Main Thread",
        "startTime": 1332647247481958,
        "endTime": 1332647247559000
      },
      "additional": {
        "logType": "info",
        "children": [],
        "durationId": "c89b77a7-9997-4d9f-83de-77cb4cdfca64"
      }
    },
    {
      "head": {
        "id": "672ec67d-3f8b-4692-ad1b-dbee6399c053",
        "name": "entry:default@CopyPreviewProfile",
        "description": "Copy preview profile.",
        "type": "duration"
      },
      "body": {
        "pid": 63413,
        "tid": "Main Thread",
        "startTime": 1332647247891625,
        "endTime": 1332647248136416
      },
      "additional": {
        "children": [],
        "state": "success",
        "targetName": "default",
        "moduleName": "entry",
        "category": "Other",
        "taskRunReasons": [],
        "detailId": "1be24876-0467-4a16-b9ad-57f0b9df14bf",
        "logId": "948001ea-bec3-4936-a1e9-59db30a44f66"
      },
      "log": {
        "_logger": {
          "category": "DurationEvent",
          "context": {},
          "callStackSkipIndex": 0
        },
        "_filelogger": {
          "category": "debug-file",
          "context": {},
          "callStackSkipIndex": 0
        }
      }
    },
    {
      "head": {
        "id": "1be24876-0467-4a16-b9ad-57f0b9df14bf",
        "name": "create entry:default@CopyPreviewProfile task",
        "description": "",
        "type": "log"
      },
      "body": {
        "pid": 63413,
        "tid": "Main Thread",
        "startTime": 1332647247707333
      },
      "additional": {
        "logType": "detail",
        "children": [],
        "durationId": "672ec67d-3f8b-4692-ad1b-dbee6399c053"
      }
    },
    {
      "head": {
        "id": "63ea054f-aa90-4218-81e5-8a1966694982",
        "name": "entry : default@CopyPreviewProfile start {\n  rss: 242450432,\n  heapTotal: 112312320,\n  heapUsed: 98661312,\n  external: 1087512,\n  arrayBuffers: 153670\n}",
        "description": "",
        "type": "log"
      },
      "body": {
        "pid": 63413,
        "tid": "Main Thread",
        "startTime": 1332647247867875
      },
      "additional": {
        "logType": "debug",
        "children": []
      }
    },
    {
      "head": {
        "id": "e0fc10a3-529f-4868-8e4f-4c412cd91cf0",
        "name": "Executing task :entry:default@CopyPreviewProfile",
        "description": "",
        "type": "log"
      },
      "body": {
        "pid": 63413,
        "tid": "Main Thread",
        "startTime": 1332647247894333
      },
      "additional": {
        "logType": "debug",
        "children": []
      }
    },
    {
      "head": {
        "id": "ea52394d-37ae-488d-809f-5d9c85e14f5a",
        "name": "Incremental task entry:default@CopyPreviewProfile pre-execution cost: 1 ms .",
        "description": "",
        "type": "log"
      },
      "body": {
        "pid": 63413,
        "tid": "Main Thread",
        "startTime": 1332647248085000
      },
      "additional": {
        "logType": "debug",
        "children": []
      }
    },
    {
      "head": {
        "id": "f1822ccb-8943-4f57-98ec-26b25d015f34",
        "name": "entry : default@CopyPreviewProfile end {\n  rss: 242532352,\n  heapTotal: 112312320,\n  heapUsed: 98728648,\n  external: 1087512,\n  arrayBuffers: 153670\n}",
        "description": "",
        "type": "log"
      },
      "body": {
        "pid": 63413,
        "tid": "Main Thread",
        "startTime": 1332647248111708
      },
      "additional": {
        "logType": "debug",
        "children": []
      }
    },
    {
      "head": {
        "id": "948001ea-bec3-4936-a1e9-59db30a44f66",
        "name": "UP-TO-DATE :entry:default@CopyPreviewProfile",
        "description": "Copy preview profile.",
        "type": "log"
      },
      "body": {
        "pid": 63413,
        "tid": "Main Thread",
        "startTime": 1332647247891625,
        "endTime": 1332647248136416
      },
      "additional": {
        "logType": "info",
        "children": [],
        "durationId": "672ec67d-3f8b-4692-ad1b-dbee6399c053"
      }
    },
    {
      "head": {
        "id": "7cb4aafa-88d9-46f2-b848-11a7417cfce8",
        "name": "entry:default@ReplacePreviewerPage",
        "description": "Accept previewer arguments, then use them to replace the ones in the page file.",
        "type": "duration"
      },
      "body": {
        "pid": 63413,
        "tid": "Main Thread",
        "startTime": 1332647249547583,
        "endTime": 1332647249845458
      },
      "additional": {
        "children": [],
        "state": "success",
        "targetName": "default",
        "moduleName": "entry",
        "category": "Other",
        "taskRunReasons": [],
        "detailId": "2628f2d3-0cf5-4c4b-964f-3c402b56d732",
        "logId": "c6fd0fa4-e61b-4637-8aed-f7b620c99a99"
      },
      "log": {
        "_logger": {
          "category": "DurationEvent",
          "context": {},
          "callStackSkipIndex": 0
        },
        "_filelogger": {
          "category": "debug-file",
          "context": {},
          "callStackSkipIndex": 0
        }
      }
    },
    {
      "head": {
        "id": "2628f2d3-0cf5-4c4b-964f-3c402b56d732",
        "name": "create entry:default@ReplacePreviewerPage task",
        "description": "",
        "type": "log"
      },
      "body": {
        "pid": 63413,
        "tid": "Main Thread",
        "startTime": 1332647249338416
      },
      "additional": {
        "logType": "detail",
        "children": [],
        "durationId": "7cb4aafa-88d9-46f2-b848-11a7417cfce8"
      }
    },
    {
      "head": {
        "id": "abfa7c6f-60a8-4e60-bb97-f8ff77888cd8",
        "name": "entry : default@ReplacePreviewerPage start {\n  rss: 244285440,\n  heapTotal: 114409472,\n  heapUsed: 93472920,\n  external: 1087512,\n  arrayBuffers: 79942\n}",
        "description": "",
        "type": "log"
      },
      "body": {
        "pid": 63413,
        "tid": "Main Thread",
        "startTime": 1332647249502083
      },
      "additional": {
        "logType": "debug",
        "children": []
      }
    },
    {
      "head": {
        "id": "6c022839-3739-4f0f-8b10-8262608d6d40",
        "name": "Executing task :entry:default@ReplacePreviewerPage",
        "description": "",
        "type": "log"
      },
      "body": {
        "pid": 63413,
        "tid": "Main Thread",
        "startTime": 1332647249551708
      },
      "additional": {
        "logType": "debug",
        "children": []
      }
    },
    {
      "head": {
        "id": "a690eefe-1f07-47c2-94bd-d0fb8a2c850a",
        "name": "entry : default@ReplacePreviewerPage end {\n  rss: 244285440,\n  heapTotal: 114409472,\n  heapUsed: 93520336,\n  external: 1087512,\n  arrayBuffers: 79942\n}",
        "description": "",
        "type": "log"
      },
      "body": {
        "pid": 63413,
        "tid": "Main Thread",
        "startTime": 1332647249783666
      },
      "additional": {
        "logType": "debug",
        "children": []
      }
    },
    {
      "head": {
        "id": "f6570699-8780-4960-a43a-8c8d01002c57",
        "name": "runTaskFromQueue task cost before running: 70 ms ",
        "description": "",
        "type": "log"
      },
      "body": {
        "pid": 63413,
        "tid": "Main Thread",
        "startTime": 1332647249822125
      },
      "additional": {
        "logType": "debug",
        "children": []
      }
    },
    {
      "head": {
        "id": "c6fd0fa4-e61b-4637-8aed-f7b620c99a99",
        "name": "Finished :entry:default@ReplacePreviewerPage",
        "description": "Accept previewer arguments, then use them to replace the ones in the page file.",
        "type": "log"
      },
      "body": {
        "pid": 63413,
        "tid": "Main Thread",
        "startTime": 1332647249547583,
        "endTime": 1332647249845458
      },
      "additional": {
        "logType": "info",
        "children": [],
        "durationId": "7cb4aafa-88d9-46f2-b848-11a7417cfce8"
      }
    },
    {
      "head": {
        "id": "d9407072-409a-49c1-a54b-735636301199",
        "name": "entry:buildPreviewerResource",
        "description": "Build the preview resources.",
        "type": "duration"
      },
      "body": {
        "pid": 63413,
        "tid": "Main Thread",
        "startTime": 1332647250092625,
        "endTime": 1332647250192250
      },
      "additional": {
        "children": [],
        "state": "success",
        "targetName": "",
        "moduleName": "entry",
        "category": "Hook",
        "taskRunReasons": [],
        "detailId": "5eb0fb65-361b-435d-81ec-4f25e33cdeeb",
        "logId": "cc64572d-107e-4f29-a0f5-ad650611a8d0"
      },
      "log": {
        "_logger": {
          "category": "DurationEvent",
          "context": {},
          "callStackSkipIndex": 0
        },
        "_filelogger": {
          "category": "debug-file",
          "context": {},
          "callStackSkipIndex": 0
        }
      }
    },
    {
      "head": {
        "id": "5eb0fb65-361b-435d-81ec-4f25e33cdeeb",
        "name": "create entry:buildPreviewerResource task",
        "description": "",
        "type": "log"
      },
      "body": {
        "pid": 63413,
        "tid": "Main Thread",
        "startTime": 1332647250040750
      },
      "additional": {
        "logType": "detail",
        "children": [],
        "durationId": "d9407072-409a-49c1-a54b-735636301199"
      }
    },
    {
      "head": {
        "id": "4579a0b6-335e-4961-9517-90345c665d30",
        "name": "entry : buildPreviewerResource start {\n  rss: 244285440,\n  heapTotal: 114409472,\n  heapUsed: 93663640,\n  external: 1087512,\n  arrayBuffers: 79942\n}",
        "description": "",
        "type": "log"
      },
      "body": {
        "pid": 63413,
        "tid": "Main Thread",
        "startTime": 1332647250067166
      },
      "additional": {
        "logType": "debug",
        "children": []
      }
    },
    {
      "head": {
        "id": "8b693f6c-eac5-4b70-a9ea-105d6d1f8798",
        "name": "Executing task :entry:buildPreviewerResource",
        "description": "",
        "type": "log"
      },
      "body": {
        "pid": 63413,
        "tid": "Main Thread",
        "startTime": 1332647250095416
      },
      "additional": {
        "logType": "debug",
        "children": []
      }
    },
    {
      "head": {
        "id": "6dc9624c-4cdf-42a7-8834-2793d8cbb8da",
        "name": "entry : buildPreviewerResource end {\n  rss: 244285440,\n  heapTotal: 114409472,\n  heapUsed: 93687792,\n  external: 1087512,\n  arrayBuffers: 79942\n}",
        "description": "",
        "type": "log"
      },
      "body": {
        "pid": 63413,
        "tid": "Main Thread",
        "startTime": 1332647250146291
      },
      "additional": {
        "logType": "debug",
        "children": []
      }
    },
    {
      "head": {
        "id": "555967d6-ba8f-4de4-949b-037cc1fc35d0",
        "name": "runTaskFromQueue task cost before running: 71 ms ",
        "description": "",
        "type": "log"
      },
      "body": {
        "pid": 63413,
        "tid": "Main Thread",
        "startTime": 1332647250175958
      },
      "additional": {
        "logType": "debug",
        "children": []
      }
    },
    {
      "head": {
        "id": "cc64572d-107e-4f29-a0f5-ad650611a8d0",
        "name": "Finished :entry:buildPreviewerResource",
        "description": "Build the preview resources.",
        "type": "log"
      },
      "body": {
        "pid": 63413,
        "tid": "Main Thread",
        "startTime": 1332647250092625,
        "endTime": 1332647250192250
      },
      "additional": {
        "logType": "info",
        "children": [],
        "durationId": "d9407072-409a-49c1-a54b-735636301199"
      }
    },
    {
      "head": {
        "id": "b9cb067c-4f1d-4760-8595-698804cc404d",
        "name": "entry:default@PreviewUpdateAssets",
        "description": "Update main_pages.json and module.json before PreviewBuild.",
        "type": "duration"
      },
      "body": {
        "pid": 63413,
        "tid": "Main Thread",
        "startTime": 1332647250491541,
        "endTime": 1332647250966250
      },
      "additional": {
        "children": [],
        "state": "success",
        "targetName": "default",
        "moduleName": "entry",
        "category": "Config",
        "taskRunReasons": [],
        "detailId": "4f6fe9c5-f475-4ed4-94c9-12a1397b773b",
        "logId": "11a08e46-12ff-4831-a322-edea6dadee65"
      },
      "log": {
        "_logger": {
          "category": "DurationEvent",
          "context": {},
          "callStackSkipIndex": 0
        },
        "_filelogger": {
          "category": "debug-file",
          "context": {},
          "callStackSkipIndex": 0
        }
      }
    },
    {
      "head": {
        "id": "4f6fe9c5-f475-4ed4-94c9-12a1397b773b",
        "name": "create entry:default@PreviewUpdateAssets task",
        "description": "",
        "type": "log"
      },
      "body": {
        "pid": 63413,
        "tid": "Main Thread",
        "startTime": 1332647250357458
      },
      "additional": {
        "logType": "detail",
        "children": [],
        "durationId": "b9cb067c-4f1d-4760-8595-698804cc404d"
      }
    },
    {
      "head": {
        "id": "6b427151-ea48-4316-8fe9-acc35174982f",
        "name": "entry : default@PreviewUpdateAssets start {\n  rss: 244301824,\n  heapTotal: 114409472,\n  heapUsed: 93885888,\n  external: 1087512,\n  arrayBuffers: 79942\n}",
        "description": "",
        "type": "log"
      },
      "body": {
        "pid": 63413,
        "tid": "Main Thread",
        "startTime": 1332647250467333
      },
      "additional": {
        "logType": "debug",
        "children": []
      }
    },
    {
      "head": {
        "id": "6a116647-4c51-481d-8f81-e5c6b9dc6145",
        "name": "Executing task :entry:default@PreviewUpdateAssets",
        "description": "",
        "type": "log"
      },
      "body": {
        "pid": 63413,
        "tid": "Main Thread",
        "startTime": 1332647250494250
      },
      "additional": {
        "logType": "debug",
        "children": []
      }
    },
    {
      "head": {
        "id": "eeb010b2-274c-4e21-bd99-47b76835599a",
        "name": "Incremental task entry:default@PreviewUpdateAssets pre-execution cost: 1 ms .",
        "description": "",
        "type": "log"
      },
      "body": {
        "pid": 63413,
        "tid": "Main Thread",
        "startTime": 1332647250909875
      },
      "additional": {
        "logType": "debug",
        "children": []
      }
    },
    {
      "head": {
        "id": "cc6ca9b1-36b4-459e-bcf2-45bcd4e255cf",
        "name": "entry : default@PreviewUpdateAssets end {\n  rss: 244301824,\n  heapTotal: 114409472,\n  heapUsed: 93984488,\n  external: 1021976,\n  arrayBuffers: 88134\n}",
        "description": "",
        "type": "log"
      },
      "body": {
        "pid": 63413,
        "tid": "Main Thread",
        "startTime": 1332647250943291
      },
      "additional": {
        "logType": "debug",
        "children": []
      }
    },
    {
      "head": {
        "id": "11a08e46-12ff-4831-a322-edea6dadee65",
        "name": "UP-TO-DATE :entry:default@PreviewUpdateAssets",
        "description": "Update main_pages.json and module.json before PreviewBuild.",
        "type": "log"
      },
      "body": {
        "pid": 63413,
        "tid": "Main Thread",
        "startTime": 1332647250491541,
        "endTime": 1332647250966250
      },
      "additional": {
        "logType": "info",
        "children": [],
        "durationId": "b9cb067c-4f1d-4760-8595-698804cc404d"
      }
    },
    {
      "head": {
        "id": "4db4c189-9e91-49e1-a406-8d209315bfd7",
        "name": "entry:default@PreviewArkTS",
        "description": "Compile ArkTS components on preview in the stage model.",
        "type": "duration"
      },
      "body": {
        "pid": 63413,
        "tid": "Main Thread",
        "startTime": 1332647252318791,
        "endTime": 1332652002947333
      },
      "additional": {
        "children": [
          "85e72cd5-989a-4b32-948b-11168f68f2a2"
        ],
        "state": "success",
        "targetName": "default",
        "moduleName": "entry",
        "category": "Generate",
        "taskRunReasons": [
          "The output file '/Users/jepson/Desktop/Harmony/projects/myfirst/entry/.preview/default/intermediates/loader_out/default/ets' does not exist."
        ],
        "detailId": "a5091562-9298-4b86-ab65-d2366ae20fd5",
        "logId": "9413944a-3cad-4a13-b391-362a5901ad64"
      },
      "log": {
        "_logger": {
          "category": "DurationEvent",
          "context": {},
          "callStackSkipIndex": 0
        },
        "_filelogger": {
          "category": "debug-file",
          "context": {},
          "callStackSkipIndex": 0
        }
      }
    },
    {
      "head": {
        "id": "a5091562-9298-4b86-ab65-d2366ae20fd5",
        "name": "create entry:default@PreviewArkTS task",
        "description": "",
        "type": "log"
      },
      "body": {
        "pid": 63413,
        "tid": "Main Thread",
        "startTime": 1332647251201458
      },
      "additional": {
        "logType": "detail",
        "children": [],
        "durationId": "4db4c189-9e91-49e1-a406-8d209315bfd7"
      }
    },
    {
      "head": {
        "id": "cb708a88-e0d1-4b2b-970f-496bede21f10",
        "name": "entry : default@PreviewArkTS start {\n  rss: 244301824,\n  heapTotal: 114409472,\n  heapUsed: 94356224,\n  external: 1038360,\n  arrayBuffers: 104518\n}",
        "description": "",
        "type": "log"
      },
      "body": {
        "pid": 63413,
        "tid": "Main Thread",
        "startTime": 1332647252284958
      },
      "additional": {
        "logType": "debug",
        "children": []
      }
    },
    {
      "head": {
        "id": "fd2c29d9-1dfe-427e-9811-bb6a495c83e1",
        "name": "Executing task :entry:default@PreviewArkTS",
        "description": "",
        "type": "log"
      },
      "body": {
        "pid": 63413,
        "tid": "Main Thread",
        "startTime": 1332647252322041
      },
      "additional": {
        "logType": "debug",
        "children": []
      }
    },
    {
      "head": {
        "id": "170d5602-3032-40de-9cc4-f2d04ef5ffda",
        "name": "Obfuscation config only effect in release mode.",
        "description": "",
        "type": "log"
      },
      "body": {
        "pid": 63413,
        "tid": "Main Thread",
        "startTime": 1332647252813416
      },
      "additional": {
        "logType": "debug",
        "children": []
      }
    },
    {
      "head": {
        "id": "512a7b52-0b80-42fc-bafe-047037016b1c",
        "name": "entry:default@PreviewArkTS is not up-to-date, since the output file '/Users/jepson/Desktop/Harmony/projects/myfirst/entry/.preview/default/intermediates/loader_out/default/ets' does not exist.",
        "description": "",
        "type": "log"
      },
      "body": {
        "pid": 63413,
        "tid": "Main Thread",
        "startTime": 1332647254048833
      },
      "additional": {
        "logType": "debug",
        "children": []
      }
    },
    {
      "head": {
        "id": "a261f87b-2e21-4d08-9921-7fdddce1f3b1",
        "name": "Incremental task entry:default@PreviewArkTS pre-execution cost: 2 ms .",
        "description": "",
        "type": "log"
      },
      "body": {
        "pid": 63413,
        "tid": "Main Thread",
        "startTime": 1332647254086666
      },
      "additional": {
        "logType": "debug",
        "children": []
      }
    },
    {
      "head": {
        "id": "85e72cd5-989a-4b32-948b-11168f68f2a2",
        "name": "entry:default@PreviewArkTS",
        "description": "Compile ArkTS components on preview in the stage model.",
        "type": "duration"
      },
      "body": {
        "pid": 63413,
        "tid": "Worker16",
        "startTime": 1332647255248500,
        "endTime": 1332652002548041
      },
      "additional": {
        "children": [
          "b5e5c642-1888-4d6b-a80a-a4a2c6cfb43f",
          "653c888f-80c5-4215-978b-3fb4a991ef1b",
          "595673ce-581c-4c77-915d-d4d2182751d7"
        ],
        "state": "success",
        "targetName": "default",
        "moduleName": "entry",
        "category": "",
        "taskRunReasons": [],
        "parent": "4db4c189-9e91-49e1-a406-8d209315bfd7",
        "logId": "bfb1333b-256e-48c3-b010-10c9def4d5fa"
      },
      "log": {
        "_logger": {
          "category": "DurationEvent",
          "context": {},
          "callStackSkipIndex": 0
        },
        "_filelogger": {
          "category": "debug-file",
          "context": {},
          "callStackSkipIndex": 0
        }
      }
    },
    {
      "head": {
        "id": "45b8d76c-40ec-4918-b46f-8b95efa607ff",
        "name": "entry : default@PreviewArkTS end {\n  rss: 244334592,\n  heapTotal: 114409472,\n  heapUsed: 94978800,\n  external: 1054744,\n  arrayBuffers: 120902\n}",
        "description": "",
        "type": "log"
      },
      "body": {
        "pid": 63413,
        "tid": "Main Thread",
        "startTime": 1332647255296958
      },
      "additional": {
        "logType": "debug",
        "children": []
      }
    },
    {
      "head": {
        "id": "6c4a346f-1c33-4e65-931f-f724c33973bb",
        "name": "watch worker: send response to session manager. Response type: WatchStart",
        "description": "",
        "type": "log"
      },
      "body": {
        "pid": 63413,
        "tid": "Main Thread",
        "startTime": 1332648200866000
      },
      "additional": {
        "logType": "debug",
        "children": []
      }
    },
    {
      "head": {
        "id": "a9d1f52f-28e7-43cb-b80d-086d37866975",
        "name": "watch worker: send response to session manager. Response type: WatchResult",
        "description": "",
        "type": "log"
      },
      "body": {
        "pid": 63413,
        "tid": "Main Thread",
        "startTime": 1332652002119166
      },
      "additional": {
        "logType": "debug",
        "children": []
      }
    },
    {
      "head": {
        "id": "759fc7e8-bb6b-4f2c-ad6c-c56adfa064f0",
        "name": "watch worker: send response to session manager. Response type: WatchResult",
        "description": "",
        "type": "log"
      },
      "body": {
        "pid": 63413,
        "tid": "Main Thread",
        "startTime": 1332652002236000
      },
      "additional": {
        "logType": "debug",
        "children": []
      }
    },
    {
      "head": {
        "id": "bfb1333b-256e-48c3-b010-10c9def4d5fa",
        "name": "entry:default@PreviewArkTS",
        "description": "",
        "type": "log"
      },
      "body": {
        "pid": 63413,
        "tid": "Worker16",
        "startTime": 1332647255248500,
        "endTime": 1332652002548041
      },
      "additional": {
        "logType": "info",
        "children": [
          "674407ce-fa61-430a-a0d3-d00bc0389dd1",
          "ef4ea175-6bd8-4fd5-8c03-aec10eba3bd3",
          "35b04880-7fd4-42ee-8cbf-d40cb8795014"
        ],
        "durationId": "85e72cd5-989a-4b32-948b-11168f68f2a2",
        "parent": "9413944a-3cad-4a13-b391-362a5901ad64"
      }
    },
    {
      "head": {
        "id": "595673ce-581c-4c77-915d-d4d2182751d7",
        "name": "compile ArkTS with rollup",
        "description": "",
        "type": "duration"
      },
      "body": {
        "pid": 63413,
        "tid": "Worker16",
        "startTime": 1332648194464666,
        "endTime": 1332652002138041
      },
      "additional": {
        "children": [],
        "state": "success",
        "totalTime": 0,
        "frequency": 0,
        "fromHook": false,
        "parent": "85e72cd5-989a-4b32-948b-11168f68f2a2",
        "logId": "35b04880-7fd4-42ee-8cbf-d40cb8795014"
      },
      "log": {
        "_logger": {
          "category": "DurationEvent",
          "context": {},
          "callStackSkipIndex": 0
        },
        "_filelogger": {
          "category": "debug-file",
          "context": {},
          "callStackSkipIndex": 0
        }
      }
    },
    {
      "head": {
        "id": "674407ce-fa61-430a-a0d3-d00bc0389dd1",
        "name": "generate configuration information",
        "description": "",
        "type": "log"
      },
      "body": {
        "pid": 63413,
        "tid": "Main Thread",
        "startTime": 1332647787099208,
        "endTime": 1332648190892541
      },
      "additional": {
        "logType": "info",
        "children": [],
        "durationId": "b5e5c642-1888-4d6b-a80a-a4a2c6cfb43f",
        "parent": "bfb1333b-256e-48c3-b010-10c9def4d5fa"
      }
    },
    {
      "head": {
        "id": "b5e5c642-1888-4d6b-a80a-a4a2c6cfb43f",
        "name": "generate configuration information",
        "description": "",
        "type": "duration"
      },
      "body": {
        "pid": 63413,
        "tid": "Worker16",
        "startTime": 1332647787099208,
        "endTime": 1332648190892541
      },
      "additional": {
        "children": [],
        "state": "success",
        "totalTime": 0,
        "frequency": 0,
        "fromHook": false,
        "parent": "85e72cd5-989a-4b32-948b-11168f68f2a2",
        "logId": "674407ce-fa61-430a-a0d3-d00bc0389dd1"
      },
      "log": {
        "_logger": {
          "category": "DurationEvent",
          "context": {},
          "callStackSkipIndex": 0
        },
        "_filelogger": {
          "category": "debug-file",
          "context": {},
          "callStackSkipIndex": 0
        }
      }
    },
    {
      "head": {
        "id": "ef4ea175-6bd8-4fd5-8c03-aec10eba3bd3",
        "name": "read build package cache",
        "description": "",
        "type": "log"
      },
      "body": {
        "pid": 63413,
        "tid": "Main Thread",
        "startTime": 1332648190976958,
        "endTime": 1332648194442000
      },
      "additional": {
        "logType": "info",
        "children": [],
        "durationId": "653c888f-80c5-4215-978b-3fb4a991ef1b",
        "parent": "bfb1333b-256e-48c3-b010-10c9def4d5fa"
      }
    },
    {
      "head": {
        "id": "653c888f-80c5-4215-978b-3fb4a991ef1b",
        "name": "read build package cache",
        "description": "",
        "type": "duration"
      },
      "body": {
        "pid": 63413,
        "tid": "Worker16",
        "startTime": 1332648190976958,
        "endTime": 1332648194442000
      },
      "additional": {
        "children": [],
        "state": "success",
        "totalTime": 0,
        "frequency": 0,
        "fromHook": false,
        "parent": "85e72cd5-989a-4b32-948b-11168f68f2a2",
        "logId": "ef4ea175-6bd8-4fd5-8c03-aec10eba3bd3"
      },
      "log": {
        "_logger": {
          "category": "DurationEvent",
          "context": {},
          "callStackSkipIndex": 0
        },
        "_filelogger": {
          "category": "debug-file",
          "context": {},
          "callStackSkipIndex": 0
        }
      }
    },
    {
      "head": {
        "id": "35b04880-7fd4-42ee-8cbf-d40cb8795014",
        "name": "compile ArkTS with rollup",
        "description": "",
        "type": "log"
      },
      "body": {
        "pid": 63413,
        "tid": "Main Thread",
        "startTime": 1332648194464666,
        "endTime": 1332652002138041
      },
      "additional": {
        "logType": "info",
        "children": [],
        "durationId": "595673ce-581c-4c77-915d-d4d2182751d7",
        "parent": "bfb1333b-256e-48c3-b010-10c9def4d5fa"
      }
    },
    {
      "head": {
        "id": "595673ce-581c-4c77-915d-d4d2182751d7",
        "name": "compile ArkTS with rollup",
        "description": "",
        "type": "duration"
      },
      "body": {
        "pid": 63413,
        "tid": "Worker16",
        "startTime": 1332648194464666,
        "endTime": 1332652002138041
      },
      "additional": {
        "children": [],
        "state": "success",
        "totalTime": 0,
        "frequency": 0,
        "fromHook": false,
        "parent": "85e72cd5-989a-4b32-948b-11168f68f2a2",
        "logId": "35b04880-7fd4-42ee-8cbf-d40cb8795014"
      },
      "log": {
        "_logger": {
          "category": "DurationEvent",
          "context": {},
          "callStackSkipIndex": 0
        },
        "_filelogger": {
          "category": "debug-file",
          "context": {},
          "callStackSkipIndex": 0
        }
      }
    },
    {
      "head": {
        "id": "9413944a-3cad-4a13-b391-362a5901ad64",
        "name": "Finished :entry:default@PreviewArkTS",
        "description": "Compile ArkTS components on preview in the stage model.",
        "type": "log"
      },
      "body": {
        "pid": 63413,
        "tid": "Main Thread",
        "startTime": 1332647252318791,
        "endTime": 1332652002947333
      },
      "additional": {
        "logType": "info",
        "children": [
          "bfb1333b-256e-48c3-b010-10c9def4d5fa"
        ],
        "durationId": "4db4c189-9e91-49e1-a406-8d209315bfd7"
      }
    },
    {
      "head": {
        "id": "5b7bf503-c831-4d65-b676-85fcb221012f",
        "name": "entry:PreviewBuild",
        "description": "Build preview in the stage model.",
        "type": "duration"
      },
      "body": {
        "pid": 63413,
        "tid": "Main Thread",
        "startTime": 1332652004029208,
        "endTime": 1332652004116166
      },
      "additional": {
        "children": [],
        "state": "success",
        "targetName": "",
        "moduleName": "entry",
        "category": "Hook",
        "taskRunReasons": [],
        "detailId": "2413f7c7-6b85-43a2-a286-9cbd50c7cb03",
        "logId": "2adf9dab-78f1-4a4d-889c-2590a6df232e"
      },
      "log": {
        "_logger": {
          "category": "DurationEvent",
          "context": {},
          "callStackSkipIndex": 0
        },
        "_filelogger": {
          "category": "debug-file",
          "context": {},
          "callStackSkipIndex": 0
        }
      }
    },
    {
      "head": {
        "id": "2413f7c7-6b85-43a2-a286-9cbd50c7cb03",
        "name": "create entry:PreviewBuild task",
        "description": "",
        "type": "log"
      },
      "body": {
        "pid": 63413,
        "tid": "Main Thread",
        "startTime": 1332652003957041
      },
      "additional": {
        "logType": "detail",
        "children": [],
        "durationId": "5b7bf503-c831-4d65-b676-85fcb221012f"
      }
    },
    {
      "head": {
        "id": "9fb76318-3395-4001-884d-64ae450d727b",
        "name": "entry : PreviewBuild start {\n  rss: 741687296,\n  heapTotal: 109953024,\n  heapUsed: 86160736,\n  external: 996901,\n  arrayBuffers: 63059\n}",
        "description": "",
        "type": "log"
      },
      "body": {
        "pid": 63413,
        "tid": "Main Thread",
        "startTime": 1332652003999666
      },
      "additional": {
        "logType": "debug",
        "children": []
      }
    },
    {
      "head": {
        "id": "ca091c2f-797e-4d40-9912-dfdef749bd77",
        "name": "Executing task :entry:PreviewBuild",
        "description": "",
        "type": "log"
      },
      "body": {
        "pid": 63413,
        "tid": "Main Thread",
        "startTime": 1332652004032750
      },
      "additional": {
        "logType": "debug",
        "children": []
      }
    },
    {
      "head": {
        "id": "002a043b-d35b-4123-af0a-95b8d84ee9af",
        "name": "entry : PreviewBuild end {\n  rss: 741687296,\n  heapTotal: 109953024,\n  heapUsed: 86184920,\n  external: 996901,\n  arrayBuffers: 63059\n}",
        "description": "",
        "type": "log"
      },
      "body": {
        "pid": 63413,
        "tid": "Main Thread",
        "startTime": 1332652004069208
      },
      "additional": {
        "logType": "debug",
        "children": []
      }
    },
    {
      "head": {
        "id": "eace4a0c-0a8a-4f8b-a88d-a10d4c3e5757",
        "name": "runTaskFromQueue task cost before running: 4 s 825 ms ",
        "description": "",
        "type": "log"
      },
      "body": {
        "pid": 63413,
        "tid": "Main Thread",
        "startTime": 1332652004098958
      },
      "additional": {
        "logType": "debug",
        "children": []
      }
    },
    {
      "head": {
        "id": "2adf9dab-78f1-4a4d-889c-2590a6df232e",
        "name": "Finished :entry:PreviewBuild",
        "description": "Build preview in the stage model.",
        "type": "log"
      },
      "body": {
        "pid": 63413,
        "tid": "Main Thread",
        "startTime": 1332652004029208,
        "endTime": 1332652004116166
      },
      "additional": {
        "logType": "info",
        "children": [],
        "durationId": "5b7bf503-c831-4d65-b676-85fcb221012f"
      }
    },
    {
      "head": {
        "id": "0ae6623a-4720-4009-aa2e-6b5bd84f6a91",
        "name": "BUILD SUCCESSFUL in 4 s 825 ms ",
        "description": "",
        "type": "log"
      },
      "body": {
        "pid": 63413,
        "tid": "Main Thread",
        "startTime": 1332652004184458
      },
      "additional": {
        "logType": "info",
        "children": []
      }
    },
    {
      "head": {
        "id": "a134d7f9-8b8b-490f-a9f7-b57b59e2af7a",
        "name": "PreviewBuild",
        "description": "",
        "type": "mark"
      },
      "body": {
        "pid": 63413,
        "tid": "Main Thread",
        "startTime": 1332647179915000,
        "endTime": 1332652004244875
      },
      "additional": {
        "time": {
          "year": 2024,
          "month": 1,
          "day": 31,
          "hour": 23,
          "minute": 5
        },
        "completeCommand": "{\"mode\":\"module\",\"completeCommand\":\"--mode module -p module=entry@default -p product=default -p pageType=page -p compileResInc=true -p previewMode=true -p buildRoot=.preview PreviewBuild --watch --analyze --parallel --incremental --daemon\",\"watch\":true,\"parallel\":true,\"prop\":[\"module=entry@default\",\"product=default\",\"pageType=page\",\"compileResInc=true\",\"previewMode=true\",\"buildRoot=.preview\"],\"analyze\":true,\"incremental\":true,\"_\":[\"PreviewBuild\"],\"daemon\":true};--mode module -p module=entry@default -p product=default -p pageType=page -p compileResInc=true -p previewMode=true -p buildRoot=.preview PreviewBuild --watch --analyze --parallel --incremental --daemon",
        "hvigorVersion": "4.0.2",
        "markType": "history",
        "category": "build",
        "state": "success"
      }
    },
    {
      "head": {
        "id": "733ffc6f-0050-4197-bc38-eb009be03026",
        "name": "There is no need to refresh cache, since the incremental task entry:default@PreBuild is up-to-date.",
        "description": "",
        "type": "log"
      },
      "body": {
        "pid": 63413,
        "tid": "Main Thread",
        "startTime": 1332652004373416
      },
      "additional": {
        "logType": "debug",
        "children": []
      }
    },
    {
      "head": {
        "id": "2adb287c-10c5-4a12-8354-8fa57d186d2f",
        "name": "There is no need to refresh cache, since the incremental task entry:default@CreateBuildProfile is up-to-date.",
        "description": "",
        "type": "log"
      },
      "body": {
        "pid": 63413,
        "tid": "Main Thread",
        "startTime": 1332652004397041
      },
      "additional": {
        "logType": "debug",
        "children": []
      }
    },
    {
      "head": {
        "id": "bccf1dfd-5289-4638-9232-3d7024ae089f",
        "name": "There is no need to refresh cache, since the incremental task entry:default@GenerateLoaderJson is up-to-date.",
        "description": "",
        "type": "log"
      },
      "body": {
        "pid": 63413,
        "tid": "Main Thread",
        "startTime": 1332652004415666
      },
      "additional": {
        "logType": "debug",
        "children": []
      }
    },
    {
      "head": {
        "id": "945f2c2e-d5fd-474d-a8ea-7ef442bb324f",
        "name": "There is no need to refresh cache, since the incremental task entry:default@MergeProfile is up-to-date.",
        "description": "",
        "type": "log"
      },
      "body": {
        "pid": 63413,
        "tid": "Main Thread",
        "startTime": 1332652004433833
      },
      "additional": {
        "logType": "debug",
        "children": []
      }
    },
    {
      "head": {
        "id": "04d6b155-c3d0-4aaa-b3ca-45e160397392",
        "name": "There is no need to refresh cache, since the incremental task entry:default@ProcessProfile is up-to-date.",
        "description": "",
        "type": "log"
      },
      "body": {
        "pid": 63413,
        "tid": "Main Thread",
        "startTime": 1332652004452041
      },
      "additional": {
        "logType": "debug",
        "children": []
      }
    },
    {
      "head": {
        "id": "4077632f-f097-4fad-be44-4f04ecb5fe3a",
        "name": "There is no need to refresh cache, since the incremental task entry:default@PreviewCompileResource is up-to-date.",
        "description": "",
        "type": "log"
      },
      "body": {
        "pid": 63413,
        "tid": "Main Thread",
        "startTime": 1332652004469458
      },
      "additional": {
        "logType": "debug",
        "children": []
      }
    },
    {
      "head": {
        "id": "78aef2f2-7b18-451d-a153-e90df28f8379",
        "name": "There is no need to refresh cache, since the incremental task entry:default@CopyPreviewProfile is up-to-date.",
        "description": "",
        "type": "log"
      },
      "body": {
        "pid": 63413,
        "tid": "Main Thread",
        "startTime": 1332652004486208
      },
      "additional": {
        "logType": "debug",
        "children": []
      }
    },
    {
      "head": {
        "id": "f143ee91-4c70-41c1-87ab-10143f673c11",
        "name": "There is no need to refresh cache, since the incremental task entry:default@PreviewUpdateAssets is up-to-date.",
        "description": "",
        "type": "log"
      },
      "body": {
        "pid": 63413,
        "tid": "Main Thread",
        "startTime": 1332652004502750
      },
      "additional": {
        "logType": "debug",
        "children": []
      }
    },
    {
      "head": {
        "id": "e7dc237c-8060-4d25-af5b-db88040f0dc4",
        "name": "Update task entry:default@PreviewArkTS input file:/Users/jepson/Desktop/Harmony/projects/myfirst/entry/.preview/default/intermediates/loader/default cache by regenerate.",
        "description": "",
        "type": "log"
      },
      "body": {
        "pid": 63413,
        "tid": "Main Thread",
        "startTime": 1332652005005458
      },
      "additional": {
        "logType": "debug",
        "children": []
      }
    },
    {
      "head": {
        "id": "bac8b2f6-ffb1-4b0d-967b-752dc281e984",
        "name": "Update task entry:default@PreviewArkTS input file:/Users/jepson/Desktop/Harmony/projects/myfirst/entry/.preview/default/intermediates/res/default/ResourceTable.txt cache by regenerate.",
        "description": "",
        "type": "log"
      },
      "body": {
        "pid": 63413,
        "tid": "Main Thread",
        "startTime": 1332652005161166
      },
      "additional": {
        "logType": "debug",
        "children": []
      }
    },
    {
      "head": {
        "id": "4cdc4281-e51c-487a-8a06-98850f7b0239",
        "name": "Update task entry:default@PreviewArkTS input file:/Users/jepson/Desktop/Harmony/projects/myfirst/entry/.preview/default/intermediates/res/default/module.json cache by regenerate.",
        "description": "",
        "type": "log"
      },
      "body": {
        "pid": 63413,
        "tid": "Main Thread",
        "startTime": 1332652005199958
      },
      "additional": {
        "logType": "debug",
        "children": []
      }
    },
    {
      "head": {
        "id": "3de179c6-ed13-41d4-9f14-b5d31014bc82",
        "name": "Update task entry:default@PreviewArkTS input file:/Users/jepson/Desktop/Harmony/projects/myfirst/entry/.preview/default/intermediates/res/default/resources/base/profile cache by regenerate.",
        "description": "",
        "type": "log"
      },
      "body": {
        "pid": 63413,
        "tid": "Main Thread",
        "startTime": 1332652005233416
      },
      "additional": {
        "logType": "debug",
        "children": []
      }
    },
    {
      "head": {
        "id": "530f0dd4-24eb-4306-bfbc-1748a095afcd",
        "name": "Update task entry:default@PreviewArkTS input file:/Users/jepson/Desktop/Harmony/projects/myfirst/entry/src/main/ets cache by regenerate.",
        "description": "",
        "type": "log"
      },
      "body": {
        "pid": 63413,
        "tid": "Main Thread",
        "startTime": 1332652005302666
      },
      "additional": {
        "logType": "debug",
        "children": []
      }
    },
    {
      "head": {
        "id": "e8d59ce5-6671-49ae-a10b-cc9eec60c105",
        "name": "Update task entry:default@PreviewArkTS input file:/Users/jepson/Desktop/Harmony/projects/myfirst/entry/.preview/default/generated/profile/default/BuildProfile.ets cache by regenerate.",
        "description": "",
        "type": "log"
      },
      "body": {
        "pid": 63413,
        "tid": "Main Thread",
        "startTime": 1332652005620250
      },
      "additional": {
        "logType": "debug",
        "children": []
      }
    },
    {
      "head": {
        "id": "1ed7a188-cf76-42c9-af24-94b85b4417d6",
        "name": "Update task entry:default@PreviewArkTS output file:/Users/jepson/Desktop/Harmony/projects/myfirst/entry/.preview/default/intermediates/loader_out/default/ets cache.",
        "description": "",
        "type": "log"
      },
      "body": {
        "pid": 63413,
        "tid": "Main Thread",
        "startTime": 1332652005674875
      },
      "additional": {
        "logType": "debug",
        "children": []
      }
    },
    {
      "head": {
        "id": "f6a0f852-bc3f-416c-9555-c6cdcd6ae292",
        "name": "Incremental task entry:default@PreviewArkTS post-execution cost:2 ms .",
        "description": "",
        "type": "log"
      },
      "body": {
        "pid": 63413,
        "tid": "Main Thread",
        "startTime": 1332652005807875
      },
      "additional": {
        "logType": "debug",
        "children": []
      }
    }
  ],
  "workLog": []
}