{"/Users/jepson/Desktop/Harmony/projects/Part2Demo/AppScope/app.json5":{"hashValue":"ed9bb9929cd220f5a6d4b7fe5edfa05d","name":"app.json5","path":"/Users/jepson/Desktop/Harmony/projects/Part2Demo/AppScope/app.json5","type":"file","isSymbolicLink":false,"fileMetaData":{"size":206,"lastModifiedTime":1710732021752}},"/Users/jepson/Desktop/Harmony/projects/Part2Demo/entry/src/main/module.json5":{"hashValue":"55664de6586f0b8e0069d5c47e750b9f","name":"module.json5","path":"/Users/jepson/Desktop/Harmony/projects/Part2Demo/entry/src/main/module.json5","type":"file","isSymbolicLink":false,"fileMetaData":{"size":918,"lastModifiedTime":1710732021758}},"/Users/jepson/Desktop/Harmony/projects/Part2Demo/build-profile.json5":{"hashValue":"988639e9ee637a86711000ff1c86b542","name":"build-profile.json5","path":"/Users/jepson/Desktop/Harmony/projects/Part2Demo/build-profile.json5","type":"file","isSymbolicLink":false,"fileMetaData":{"size":605,"lastModifiedTime":1710732021765}},"/Users/jepson/Desktop/Harmony/projects/Part2Demo/entry/build-profile.json5":{"hashValue":"a972d15bbc77367a1618e549ae706cec","name":"build-profile.json5","path":"/Users/jepson/Desktop/Harmony/projects/Part2Demo/entry/build-profile.json5","type":"file","isSymbolicLink":false,"fileMetaData":{"size":421,"lastModifiedTime":1710732021746}},"/Users/jepson/Desktop/Harmony/projects/Part2Demo/entry/src/main/resources/base/profile/main_pages.json":{"hashValue":"9f9cc6c91907d230ba0ebd958f37dfc7","name":"main_pages.json","path":"/Users/jepson/Desktop/Harmony/projects/Part2Demo/entry/src/main/resources/base/profile/main_pages.json","type":"file","isSymbolicLink":false,"fileMetaData":{"size":37,"lastModifiedTime":1710732019829}},"/Users/jepson/Desktop/Harmony/projects/Part2Demo/entry/oh-package.json5":{"hashValue":"747106ef3abef71c3ac9144bb484f0b3","name":"oh-package.json5","path":"/Users/jepson/Desktop/Harmony/projects/Part2Demo/entry/oh-package.json5","type":"file","isSymbolicLink":false,"fileMetaData":{"size":173,"lastModifiedTime":1710732019607}},"/Users/jepson/Desktop/Harmony/projects/Part2Demo/entry/.preview/default/generated/profile/default/BuildProfile.ets":{"hashValue":"98bb6277ef5b75aa4da6845884d3b918","name":"BuildProfile.ets","path":"/Users/jepson/Desktop/Harmony/projects/Part2Demo/entry/.preview/default/generated/profile/default/BuildProfile.ets","type":"file","isSymbolicLink":false,"fileMetaData":{"size":374,"lastModifiedTime":1710732062484}},"/Users/jepson/Desktop/Harmony/projects/Part2Demo/entry/src/mock/mock-config.json5":{"hashValue":"6af00850fbbfc313fe05885fffd5a016","name":"mock-config.json5","path":"/Users/jepson/Desktop/Harmony/projects/Part2Demo/entry/src/mock/mock-config.json5","type":"file","isSymbolicLink":false,"fileMetaData":{"size":3,"lastModifiedTime":1710732019780}},"/Users/jepson/Desktop/Harmony/projects/Part2Demo/entry/.preview/default/intermediates/loader/default/loader.json":{"hashValue":"863cfcfbf06dccbb4ced882eceb6ee3d","name":"loader.json","path":"/Users/jepson/Desktop/Harmony/projects/Part2Demo/entry/.preview/default/intermediates/loader/default/loader.json","type":"file","isSymbolicLink":false,"fileMetaData":{"size":586,"lastModifiedTime":1710732062487}},"/Users/jepson/Desktop/Harmony/projects/Part2Demo/entry/.preview/default/intermediates/merge_profile/default/module.json":{"hashValue":"09f914b1921f6d39d7e725fad2367b44","name":"module.json","path":"/Users/jepson/Desktop/Harmony/projects/Part2Demo/entry/.preview/default/intermediates/merge_profile/default/module.json","type":"file","isSymbolicLink":false,"fileMetaData":{"size":1179,"lastModifiedTime":1710732062489}},"/Users/jepson/Desktop/Harmony/projects/Part2Demo/entry/.preview/default/intermediates/process_profile/default/module.json":{"hashValue":"684573619d1e978b97e121be7f251cf2","name":"module.json","path":"/Users/jepson/Desktop/Harmony/projects/Part2Demo/entry/.preview/default/intermediates/process_profile/default/module.json","type":"file","isSymbolicLink":false,"fileMetaData":{"size":1265,"lastModifiedTime":1710732062562}},"/Users/jepson/Desktop/Harmony/projects/Part2Demo/entry/src/main/resources":{"hashValue":"fd933b58ed0f0958dc164c1ce1b1326d","name":"resources","path":"/Users/jepson/Desktop/Harmony/projects/Part2Demo/entry/src/main/resources","type":"directory","isSymbolicLink":false,"children":[{"hashValue":"b1b44d6273ac8a1beea54828de55c09b","name":"base","path":"/Users/jepson/Desktop/Harmony/projects/Part2Demo/entry/src/main/resources/base","type":"directory","isSymbolicLink":false,"children":[{"hashValue":"6b3961bdbe64e372f5f9a6b1dfafb4de","name":"element","path":"/Users/jepson/Desktop/Harmony/projects/Part2Demo/entry/src/main/resources/base/element","type":"directory","isSymbolicLink":false,"children":[{"hashValue":"62413c7d291b8356e06af0717015a51f","name":"color.json","path":"/Users/jepson/Desktop/Harmony/projects/Part2Demo/entry/src/main/resources/base/element/color.json","type":"file","isSymbolicLink":false,"fileMetaData":{"size":98,"lastModifiedTime":1710732019807}},{"hashValue":"1b29630360d681651fc3ab50c5aa01a1","name":"string.json","path":"/Users/jepson/Desktop/Harmony/projects/Part2Demo/entry/src/main/resources/base/element/string.json","type":"file","isSymbolicLink":false,"fileMetaData":{"size":247,"lastModifiedTime":1710732021749}}]},{"hashValue":"6728a39921f65f610d1200bd8c6e2a48","name":"media","path":"/Users/jepson/Desktop/Harmony/projects/Part2Demo/entry/src/main/resources/base/media","type":"directory","isSymbolicLink":false,"children":[{"hashValue":"06dc6322c741bb3d20a1cc822e50a9c0","name":"avatar.jpg","path":"/Users/jepson/Desktop/Harmony/projects/Part2Demo/entry/src/main/resources/base/media/avatar.jpg","type":"file","isSymbolicLink":false,"fileMetaData":{"size":95537,"lastModifiedTime":1705980702000}},{"hashValue":"1fa7d582ba4bcdde960c06e6a17d253f","name":"eyes.jpg","path":"/Users/jepson/Desktop/Harmony/projects/Part2Demo/entry/src/main/resources/base/media/eyes.jpg","type":"file","isSymbolicLink":false,"fileMetaData":{"size":205385,"lastModifiedTime":1705980700000}},{"hashValue":"48e04bc54a881a73c6759c99ef4c13f0","name":"ic_love.svg","path":"/Users/jepson/Desktop/Harmony/projects/Part2Demo/entry/src/main/resources/base/media/ic_love.svg","type":"file","isSymbolicLink":false,"fileMetaData":{"size":1040,"lastModifiedTime":1710904580525}},{"hashValue":"7d09de01871806d8064c0f0323c51dd3","name":"icon.png","path":"/Users/jepson/Desktop/Harmony/projects/Part2Demo/entry/src/main/resources/base/media/icon.png","type":"file","isSymbolicLink":false,"fileMetaData":{"size":2041,"lastModifiedTime":1704164620000}},{"hashValue":"c686ed746c852ece1da8446f72da3c0b","name":"startIcon.png","path":"/Users/jepson/Desktop/Harmony/projects/Part2Demo/entry/src/main/resources/base/media/startIcon.png","type":"file","isSymbolicLink":false,"fileMetaData":{"size":4351,"lastModifiedTime":1704164620000}}]},{"hashValue":"81248849bc080d40b790d977ddf33184","name":"profile","path":"/Users/jepson/Desktop/Harmony/projects/Part2Demo/entry/src/main/resources/base/profile","type":"directory","isSymbolicLink":false,"children":[{"hashValue":"9f9cc6c91907d230ba0ebd958f37dfc7","name":"main_pages.json","path":"/Users/jepson/Desktop/Harmony/projects/Part2Demo/entry/src/main/resources/base/profile/main_pages.json","type":"file","isSymbolicLink":false,"fileMetaData":{"size":37,"lastModifiedTime":1710732019829}}]}]},{"hashValue":"a52341d55e93ae9a8d03037be4bfd6ba","name":"en_US","path":"/Users/jepson/Desktop/Harmony/projects/Part2Demo/entry/src/main/resources/en_US","type":"directory","isSymbolicLink":false,"children":[{"hashValue":"9ea53c4bb4d1e882dce934dd4d96e2cc","name":"element","path":"/Users/jepson/Desktop/Harmony/projects/Part2Demo/entry/src/main/resources/en_US/element","type":"directory","isSymbolicLink":false,"children":[{"hashValue":"cdfb956a81e9bcaaa9d527dafbe9bcad","name":"string.json","path":"/Users/jepson/Desktop/Harmony/projects/Part2Demo/entry/src/main/resources/en_US/element/string.json","type":"file","isSymbolicLink":false,"fileMetaData":{"size":247,"lastModifiedTime":1710732021768}}]}]},{"hashValue":"","name":"rawfile","path":"/Users/jepson/Desktop/Harmony/projects/Part2Demo/entry/src/main/resources/rawfile","type":"directory","isSymbolicLink":false,"children":[]},{"hashValue":"2fc9e27c4958e67c824e4c484542067a","name":"zh_CN","path":"/Users/jepson/Desktop/Harmony/projects/Part2Demo/entry/src/main/resources/zh_CN","type":"directory","isSymbolicLink":false,"children":[{"hashValue":"7fbfe219b4426fdcadd9255ba127fa03","name":"element","path":"/Users/jepson/Desktop/Harmony/projects/Part2Demo/entry/src/main/resources/zh_CN/element","type":"directory","isSymbolicLink":false,"children":[{"hashValue":"f057f1e81b922e2da614dd92dfaca65b","name":"string.json","path":"/Users/jepson/Desktop/Harmony/projects/Part2Demo/entry/src/main/resources/zh_CN/element/string.json","type":"file","isSymbolicLink":false,"fileMetaData":{"size":241,"lastModifiedTime":1710732021763}}]}]}]},"/Users/jepson/Desktop/Harmony/projects/Part2Demo/entry/.preview/default/intermediates/res/default":{"hashValue":"7809209428943af6bf8f775ff63464f8","name":"default","path":"/Users/jepson/Desktop/Harmony/projects/Part2Demo/entry/.preview/default/intermediates/res/default","type":"directory","isSymbolicLink":false,"children":[{"hashValue":"4fdc32d38365fdfc4fb388f40ed99d76","name":"app_compiled","path":"/Users/jepson/Desktop/Harmony/projects/Part2Demo/entry/.preview/default/intermediates/res/default/app_compiled","type":"directory","isSymbolicLink":false,"children":[{"hashValue":"1102eeca0a8c84b63d4200dc7ceb1165","name":"16035487453758362147","path":"/Users/jepson/Desktop/Harmony/projects/Part2Demo/entry/.preview/default/intermediates/res/default/app_compiled/16035487453758362147","type":"file","isSymbolicLink":false,"fileMetaData":{"size":137,"lastModifiedTime":1711082269761}},{"hashValue":"c7f5ad56aca49aac207414705e5af1a1","name":"8939279926823381154","path":"/Users/jepson/Desktop/Harmony/projects/Part2Demo/entry/.preview/default/intermediates/res/default/app_compiled/8939279926823381154","type":"file","isSymbolicLink":false,"fileMetaData":{"size":222,"lastModifiedTime":1711082269762}}]},{"hashValue":"b2dbc4a50209e6c4a685f79cad2991c2","name":"ids_map","path":"/Users/jepson/Desktop/Harmony/projects/Part2Demo/entry/.preview/default/intermediates/res/default/ids_map","type":"directory","isSymbolicLink":false,"children":[{"hashValue":"57fd76ce7549223627ca9d21fb311737","name":"id_defined.json","path":"/Users/jepson/Desktop/Harmony/projects/Part2Demo/entry/.preview/default/intermediates/res/default/ids_map/id_defined.json","type":"file","isSymbolicLink":false,"fileMetaData":{"size":1457,"lastModifiedTime":1711082269778}}]},{"hashValue":"d1a655530cebe50ac298c8237f21f7c2","name":"mock-config.json","path":"/Users/jepson/Desktop/Harmony/projects/Part2Demo/entry/.preview/default/intermediates/res/default/mock-config.json","type":"file","isSymbolicLink":false,"fileMetaData":{"size":2,"lastModifiedTime":1711082274094}},{"hashValue":"adf93d0d484eded27b2646917768fb8e","name":"module_compiled","path":"/Users/jepson/Desktop/Harmony/projects/Part2Demo/entry/.preview/default/intermediates/res/default/module_compiled","type":"directory","isSymbolicLink":false,"children":[{"hashValue":"fe9fe3b95131847af9a1ddfb26082e54","name":"10232354266219202377","path":"/Users/jepson/Desktop/Harmony/projects/Part2Demo/entry/.preview/default/intermediates/res/default/module_compiled/10232354266219202377","type":"file","isSymbolicLink":false,"fileMetaData":{"size":155,"lastModifiedTime":1711082269767}},{"hashValue":"6adf78a2fcc69e6e1514fc48957b6b67","name":"1183709374918617689","path":"/Users/jepson/Desktop/Harmony/projects/Part2Demo/entry/.preview/default/intermediates/res/default/module_compiled/1183709374918617689","type":"file","isSymbolicLink":false,"fileMetaData":{"size":237,"lastModifiedTime":1711082269768}},{"hashValue":"e6760da456a022cedf3f3c88b8b4b455","name":"12307983967047431831","path":"/Users/jepson/Desktop/Harmony/projects/Part2Demo/entry/.preview/default/intermediates/res/default/module_compiled/12307983967047431831","type":"file","isSymbolicLink":false,"fileMetaData":{"size":506,"lastModifiedTime":1711082269766}},{"hashValue":"c0d6dbc5824fc1acc347c1afefcbee90","name":"17721911794423995854","path":"/Users/jepson/Desktop/Harmony/projects/Part2Demo/entry/.preview/default/intermediates/res/default/module_compiled/17721911794423995854","type":"file","isSymbolicLink":false,"fileMetaData":{"size":247,"lastModifiedTime":1711082269768}},{"hashValue":"349075de934115bf98f90e8bf412dff3","name":"18130546849586769671","path":"/Users/jepson/Desktop/Harmony/projects/Part2Demo/entry/.preview/default/intermediates/res/default/module_compiled/18130546849586769671","type":"file","isSymbolicLink":false,"fileMetaData":{"size":458,"lastModifiedTime":1711082269767}},{"hashValue":"110a6729a32f976e7381f22d54c5510b","name":"2208622513590174207","path":"/Users/jepson/Desktop/Harmony/projects/Part2Demo/entry/.preview/default/intermediates/res/default/module_compiled/2208622513590174207","type":"file","isSymbolicLink":false,"fileMetaData":{"size":228,"lastModifiedTime":1711082269768}},{"hashValue":"bdfc0968f2d2384d6eb94bccf7c7f454","name":"4116048922961951880","path":"/Users/jepson/Desktop/Harmony/projects/Part2Demo/entry/.preview/default/intermediates/res/default/module_compiled/4116048922961951880","type":"file","isSymbolicLink":false,"fileMetaData":{"size":222,"lastModifiedTime":1711082269768}},{"hashValue":"acdc3f9b8217a795609884a13c288a8d","name":"4186578952917828142","path":"/Users/jepson/Desktop/Harmony/projects/Part2Demo/entry/.preview/default/intermediates/res/default/module_compiled/4186578952917828142","type":"file","isSymbolicLink":false,"fileMetaData":{"size":222,"lastModifiedTime":1711082269768}},{"hashValue":"c587d56224a90f0b4d56d4ba008b1796","name":"7288178159167385768","path":"/Users/jepson/Desktop/Harmony/projects/Part2Demo/entry/.preview/default/intermediates/res/default/module_compiled/7288178159167385768","type":"file","isSymbolicLink":false,"fileMetaData":{"size":231,"lastModifiedTime":1711082269768}},{"hashValue":"2142e94c5ac33c2ed4d64ff9954b25a0","name":"9992440340937363436","path":"/Users/jepson/Desktop/Harmony/projects/Part2Demo/entry/.preview/default/intermediates/res/default/module_compiled/9992440340937363436","type":"file","isSymbolicLink":false,"fileMetaData":{"size":512,"lastModifiedTime":1711082269766}}]},{"hashValue":"9dc497ea14d2e944fe151ae30bfed0af","name":"module.json","path":"/Users/jepson/Desktop/Harmony/projects/Part2Demo/entry/.preview/default/intermediates/res/default/module.json","type":"file","isSymbolicLink":false,"fileMetaData":{"size":2196,"lastModifiedTime":1711082269778}},{"hashValue":"f6e441005e736b531094f69ad7f756d0","name":"resources","path":"/Users/jepson/Desktop/Harmony/projects/Part2Demo/entry/.preview/default/intermediates/res/default/resources","type":"directory","isSymbolicLink":false,"children":[{"hashValue":"754cd76965475da5e32ee7ccbb5b5704","name":"base","path":"/Users/jepson/Desktop/Harmony/projects/Part2Demo/entry/.preview/default/intermediates/res/default/resources/base","type":"directory","isSymbolicLink":false,"children":[{"hashValue":"229278650f0f5c14d221b98718bd2376","name":"profile","path":"/Users/jepson/Desktop/Harmony/projects/Part2Demo/entry/.preview/default/intermediates/res/default/resources/base/profile","type":"directory","isSymbolicLink":false,"children":[{"hashValue":"5bc9455b44dd7f59282cb710e5ee3cd2","name":"main_pages.json","path":"/Users/jepson/Desktop/Harmony/projects/Part2Demo/entry/.preview/default/intermediates/res/default/resources/base/profile/main_pages.json","type":"file","isSymbolicLink":false,"fileMetaData":{"size":24,"lastModifiedTime":1711082269784}}]}]}]},{"hashValue":"66c9b35f162a1686cd809e4d67b9ab27","name":"resources.index","path":"/Users/jepson/Desktop/Harmony/projects/Part2Demo/entry/.preview/default/intermediates/res/default/resources.index","type":"file","isSymbolicLink":false,"fileMetaData":{"size":1693,"lastModifiedTime":1711082269778}},{"hashValue":"9c302be42b40872c7a6729f0f7e14323","name":"ResourceTable.txt","path":"/Users/jepson/Desktop/Harmony/projects/Part2Demo/entry/.preview/default/intermediates/res/default/ResourceTable.txt","type":"file","isSymbolicLink":false,"fileMetaData":{"size":346,"lastModifiedTime":1711082269778}}]},"/Users/jepson/Desktop/Harmony/projects/Part2Demo/entry/.preview/default/generated/r/default":{"hashValue":"cf5cfc5f314127a4d5a61fdee0feda60","name":"default","path":"/Users/jepson/Desktop/Harmony/projects/Part2Demo/entry/.preview/default/generated/r/default","type":"directory","isSymbolicLink":false,"children":[{"hashValue":"9d149ae63fcc9cdfb1ead20fca00997b","name":"ResourceTable.h","path":"/Users/jepson/Desktop/Harmony/projects/Part2Demo/entry/.preview/default/generated/r/default/ResourceTable.h","type":"file","isSymbolicLink":false,"fileMetaData":{"size":1256,"lastModifiedTime":1711082269778}}]},"/Users/jepson/Desktop/Harmony/projects/Part2Demo/entry/src/main/resources/base/profile":{"hashValue":"81248849bc080d40b790d977ddf33184","name":"profile","path":"/Users/jepson/Desktop/Harmony/projects/Part2Demo/entry/src/main/resources/base/profile","type":"directory","isSymbolicLink":false,"children":[{"hashValue":"9f9cc6c91907d230ba0ebd958f37dfc7","name":"main_pages.json","path":"/Users/jepson/Desktop/Harmony/projects/Part2Demo/entry/src/main/resources/base/profile/main_pages.json","type":"file","isSymbolicLink":false,"fileMetaData":{"size":37,"lastModifiedTime":1710732019829}}]},"/Users/jepson/Desktop/Harmony/projects/Part2Demo/entry/.preview/default/intermediates/res/default/resources/base/profile":{"hashValue":"229278650f0f5c14d221b98718bd2376","name":"profile","path":"/Users/jepson/Desktop/Harmony/projects/Part2Demo/entry/.preview/default/intermediates/res/default/resources/base/profile","type":"directory","isSymbolicLink":false,"children":[{"hashValue":"5bc9455b44dd7f59282cb710e5ee3cd2","name":"main_pages.json","path":"/Users/jepson/Desktop/Harmony/projects/Part2Demo/entry/.preview/default/intermediates/res/default/resources/base/profile/main_pages.json","type":"file","isSymbolicLink":false,"fileMetaData":{"size":24,"lastModifiedTime":1711082269784}}]},"/Users/jepson/Desktop/Harmony/projects/Part2Demo/entry/.preview/default/intermediates/res/default/module.json":{"hashValue":"9dc497ea14d2e944fe151ae30bfed0af","name":"module.json","path":"/Users/jepson/Desktop/Harmony/projects/Part2Demo/entry/.preview/default/intermediates/res/default/module.json","type":"file","isSymbolicLink":false,"fileMetaData":{"size":2196,"lastModifiedTime":1711082269778}},"/Users/jepson/Desktop/Harmony/projects/Part2Demo/entry/.preview/default/intermediates/res/default/resources/base/profile/main_pages.json":{"hashValue":"5bc9455b44dd7f59282cb710e5ee3cd2","name":"main_pages.json","path":"/Users/jepson/Desktop/Harmony/projects/Part2Demo/entry/.preview/default/intermediates/res/default/resources/base/profile/main_pages.json","type":"file","isSymbolicLink":false,"fileMetaData":{"size":24,"lastModifiedTime":1711082269784}},"/Users/jepson/Desktop/Harmony/projects/Part2Demo/entry/.preview/default/intermediates/loader/default":{"hashValue":"abfde7ad1e55bfbec514972784a1ed7f","name":"default","path":"/Users/jepson/Desktop/Harmony/projects/Part2Demo/entry/.preview/default/intermediates/loader/default","type":"directory","isSymbolicLink":false,"children":[{"hashValue":"863cfcfbf06dccbb4ced882eceb6ee3d","name":"loader.json","path":"/Users/jepson/Desktop/Harmony/projects/Part2Demo/entry/.preview/default/intermediates/loader/default/loader.json","type":"file","isSymbolicLink":false,"fileMetaData":{"size":586,"lastModifiedTime":1710732062487}}]},"/Users/jepson/Desktop/Harmony/projects/Part2Demo/entry/.preview/default/intermediates/res/default/ResourceTable.txt":{"hashValue":"9c302be42b40872c7a6729f0f7e14323","name":"ResourceTable.txt","path":"/Users/jepson/Desktop/Harmony/projects/Part2Demo/entry/.preview/default/intermediates/res/default/ResourceTable.txt","type":"file","isSymbolicLink":false,"fileMetaData":{"size":346,"lastModifiedTime":1711082269778}},"/Users/jepson/Desktop/Harmony/projects/Part2Demo/entry/src/main/ets":{"hashValue":"8b39ddb64a58480a26f37b97faaffbb9","name":"ets","path":"/Users/jepson/Desktop/Harmony/projects/Part2Demo/entry/src/main/ets","type":"directory","isSymbolicLink":false,"children":[{"hashValue":"6fdcfa9380ebb3ca180a34be468c6511","name":"entryability","path":"/Users/jepson/Desktop/Harmony/projects/Part2Demo/entry/src/main/ets/entryability","type":"directory","isSymbolicLink":false,"children":[{"hashValue":"d9fd65f5f1907ad1ffee99d8ed9466cd","name":"EntryAbility.ets","path":"/Users/jepson/Desktop/Harmony/projects/Part2Demo/entry/src/main/ets/entryability/EntryAbility.ets","type":"file","isSymbolicLink":false,"fileMetaData":{"size":1484,"lastModifiedTime":1710732021761}}]},{"hashValue":"e1b3b5a30f1b68a4b9422ca0760b5c68","name":"pages","path":"/Users/jepson/Desktop/Harmony/projects/Part2Demo/entry/src/main/ets/pages","type":"directory","isSymbolicLink":false,"children":[{"hashValue":"4be3a5dd9ee8860c7d83e8b510b20cce","name":"01-字符串拼接.ets","path":"/Users/jepson/Desktop/Harmony/projects/Part2Demo/entry/src/main/ets/pages/01-字符串拼接.ets","type":"file","isSymbolicLink":false,"fileMetaData":{"size":639,"lastModifiedTime":1710746084136}},{"hashValue":"eaf2837f63ece7164729262f989a31fa","name":"02-模板字符串.ets","path":"/Users/jepson/Desktop/Harmony/projects/Part2Demo/entry/src/main/ets/pages/02-模板字符串.ets","type":"file","isSymbolicLink":false,"fileMetaData":{"size":571,"lastModifiedTime":1710833489781}},{"hashValue":"67ce873e0849e9b96f33c402f457b84b","name":"03-转数字类型.ets","path":"/Users/jepson/Desktop/Harmony/projects/Part2Demo/entry/src/main/ets/pages/03-转数字类型.ets","type":"file","isSymbolicLink":false,"fileMetaData":{"size":1311,"lastModifiedTime":1710833494114}},{"hashValue":"f07653b8fce6509490628bdd2258c396","name":"04-转字符串类型.ets","path":"/Users/jepson/Desktop/Harmony/projects/Part2Demo/entry/src/main/ets/pages/04-转字符串类型.ets","type":"file","isSymbolicLink":false,"fileMetaData":{"size":649,"lastModifiedTime":1710834213941}},{"hashValue":"5b0ff782e2add096a484d7a9368b9c5c","name":"05-点击事件.ets","path":"/Users/jepson/Desktop/Harmony/projects/Part2Demo/entry/src/main/ets/pages/05-点击事件.ets","type":"file","isSymbolicLink":false,"fileMetaData":{"size":630,"lastModifiedTime":1710917480774}},{"hashValue":"3f476dfaa18f9d4c834d6a54dfab1d87","name":"06-普通变量和状态变量.ets","path":"/Users/jepson/Desktop/Harmony/projects/Part2Demo/entry/src/main/ets/pages/06-普通变量和状态变量.ets","type":"file","isSymbolicLink":false,"fileMetaData":{"size":814,"lastModifiedTime":1710919424905}},{"hashValue":"6ce3d1e6e93b8fb48e12be7293706537","name":"07-计数器案例.ets","path":"/Users/jepson/Desktop/Harmony/projects/Part2Demo/entry/src/main/ets/pages/07-计数器案例.ets","type":"file","isSymbolicLink":false,"fileMetaData":{"size":459,"lastModifiedTime":1710924976338}},{"hashValue":"89ccff40b3fc577fd91d4ab452efd82a","name":"08-赋值运算符.ets","path":"/Users/jepson/Desktop/Harmony/projects/Part2Demo/entry/src/main/ets/pages/08-赋值运算符.ets","type":"file","isSymbolicLink":false,"fileMetaData":{"size":591,"lastModifiedTime":1710938268933}},{"hashValue":"025e4c89be4456a69c946c045d76f05b","name":"09-案例-点赞-准备代码.ets","path":"/Users/jepson/Desktop/Harmony/projects/Part2Demo/entry/src/main/ets/pages/09-案例-点赞-准备代码.ets","type":"file","isSymbolicLink":false,"fileMetaData":{"size":1107,"lastModifiedTime":1710938559242}},{"hashValue":"5293096671ea6ed11d79107d4a53b6a5","name":"10-案例-点赞-功能完成.ets","path":"/Users/jepson/Desktop/Harmony/projects/Part2Demo/entry/src/main/ets/pages/10-案例-点赞-功能完成.ets","type":"file","isSymbolicLink":false,"fileMetaData":{"size":1398,"lastModifiedTime":1710939143792}},{"hashValue":"73a5e26dc3308c4570b140a121bc4f57","name":"11-一元运算符.ets","path":"/Users/jepson/Desktop/Harmony/projects/Part2Demo/entry/src/main/ets/pages/11-一元运算符.ets","type":"file","isSymbolicLink":false,"fileMetaData":{"size":632,"lastModifiedTime":1711010401367}},{"hashValue":"8ab2dadc5a865032eafe4f5f3c7ed9da","name":"Index.ets","path":"/Users/jepson/Desktop/Harmony/projects/Part2Demo/entry/src/main/ets/pages/Index.ets","type":"file","isSymbolicLink":false,"fileMetaData":{"size":56,"lastModifiedTime":1711082268031}}]}]},"/Users/jepson/Desktop/Harmony/projects/Part2Demo/entry/.preview/default/intermediates/loader_out/default/ets":{"hashValue":"","name":"emptyroot","path":"","type":"unknown","isSymbolicLink":false,"children":[]}}