{":Part2Demo:entry:default@PreBuild":{"_inputs":[{"dataType":"ValueEntry","value":"{\"_name\":\"BUILTIN_TASK_COMMAND\",\"_value\":\"\",\"_valueType\":\"string\",\"_hash\":\"0b5d05294fdf4e78e8482ef53eb64ac0\"}"},{"dataType":"ValueEntry","value":"{\"_name\":\"BUILTIN_TASK_ENV\",\"_value\":\"\",\"_valueType\":\"string\",\"_hash\":\"cdcdc2ec8062ca9ec1de46dbf2bbc053\"}"},{"dataType":"ValueEntry","value":"{\"_name\":\"BUILTIN_TASK_TOOLCHAIN\",\"_value\":\"\",\"_valueType\":\"string\",\"_hash\":\"e7f94a9422a8bc317a7d90b58efcb5f6\"}"},{"dataType":"ValueEntry","value":"{\"_name\":\"apiType\",\"_value\":\"stageMode\",\"_valueType\":\"string\",\"_hash\":\"699c7565645ea3ea8c88551a4926a3d5\"}"},{"dataType":"ValueEntry","value":"{\"_name\":\"codeType\",\"_value\":true,\"_valueType\":\"boolean\",\"_hash\":\"d6dcf21a9f078b661283507536e57ce8\"}"},{"dataType":"ValueEntry","value":"{\"_name\":\"compatibleApiVersion\",\"_value\":11,\"_valueType\":\"number\",\"_hash\":\"93f5cd3d75ef7f4c00083401b682d592\"}"},{"dataType":"ValueEntry","value":"{\"_name\":\"compileApiVersion\",\"_value\":11,\"_valueType\":\"number\",\"_hash\":\"e44e5a65058824d789a8244107920ae0\"}"},{"dataType":"ValueEntry","value":"{\"_name\":\"customTypes\",\"_value\":\"\",\"_valueType\":\"string\",\"_hash\":\"970a2695bffac1c5a4fa283dc36050e3\"}"},{"dataType":"ValueEntry","value":"{\"_name\":\"deviceType\",\"_value\":[\"phone\",\"tablet\",\"2in1\"],\"_valueType\":\"object\",\"_hash\":\"82734343919a9219c848a93ce88dfb4d\"}"},{"dataType":"ValueEntry","value":"{\"_name\":\"isSupportOhpmProj\",\"_value\":true,\"_valueType\":\"boolean\",\"_hash\":\"f3a249d7e3f751316e931b8a08b074b4\"}"},{"dataType":"ValueEntry","value":"{\"_name\":\"profileModuleName\",\"_value\":\"entry\",\"_valueType\":\"string\",\"_hash\":\"b174ea6ff5824844dde5ad92f6b3ef2b\"}"},{"dataType":"ValueEntry","value":"{\"_name\":\"sdkToolchainsComponentVersion\",\"_value\":\"4.1.0.52\",\"_valueType\":\"string\",\"_hash\":\"c843d490b4f5225a4ea639ef4e473e76\"}"},{"dataType":"ValueEntry","value":"{\"_name\":\"targetStatusCode\",\"_value\":2,\"_valueType\":\"number\",\"_hash\":\"5a9255c0f4ee50904a9349ebafca8369\"}"}],"_successful":true,"_projectName":"Part2Demo","_moduleName":"entry","_taskName":"default@PreBuild","_key":":Part2Demo:entry:default@PreBuild","_executionId":":Part2Demo:entry:default@PreBuild:1710732062396","_inputFiles":{"dataType":"Map","value":[["/Users/jepson/Desktop/Harmony/projects/Part2Demo/AppScope/app.json5",{"isDirectory":false,"fileSnapShotHashValue":"ed9bb9929cd220f5a6d4b7fe5edfa05d"}],["/Users/jepson/Desktop/Harmony/projects/Part2Demo/entry/src/main/module.json5",{"isDirectory":false,"fileSnapShotHashValue":"55664de6586f0b8e0069d5c47e750b9f"}],["/Users/jepson/Desktop/Harmony/projects/Part2Demo/build-profile.json5",{"fileSnapShotHashValue":"988639e9ee637a86711000ff1c86b542"}],["/Users/jepson/Desktop/Harmony/projects/Part2Demo/entry/build-profile.json5",{"fileSnapShotHashValue":"a972d15bbc77367a1618e549ae706cec"}],["/Users/jepson/Desktop/Harmony/projects/Part2Demo/entry/src/main/resources/base/profile/main_pages.json",{"fileSnapShotHashValue":"9f9cc6c91907d230ba0ebd958f37dfc7"}],["/Users/jepson/Desktop/Harmony/projects/Part2Demo/entry/oh-package.json5",{"fileSnapShotHashValue":"747106ef3abef71c3ac9144bb484f0b3"}]]},"_outputFiles":{"dataType":"Map","value":[]}},":Part2Demo:entry:default@CreateBuildProfile":{"_inputs":[{"dataType":"ValueEntry","value":"{\"_name\":\"BUILTIN_TASK_COMMAND\",\"_value\":\"\",\"_valueType\":\"string\",\"_hash\":\"0b5d05294fdf4e78e8482ef53eb64ac0\"}"},{"dataType":"ValueEntry","value":"{\"_name\":\"BUILTIN_TASK_ENV\",\"_value\":\"\",\"_valueType\":\"string\",\"_hash\":\"cdcdc2ec8062ca9ec1de46dbf2bbc053\"}"},{"dataType":"ValueEntry","value":"{\"_name\":\"BUILTIN_TASK_TOOLCHAIN\",\"_value\":\"\",\"_valueType\":\"string\",\"_hash\":\"e7f94a9422a8bc317a7d90b58efcb5f6\"}"},{"dataType":"ValueEntry","value":"{\"_name\":\"buildMode\",\"_value\":\"Debug\",\"_valueType\":\"string\",\"_hash\":\"8120d22ada0d6de22b101e1f4ea16e81\"}"},{"dataType":"ValueEntry","value":"{\"_name\":\"buildModeName\",\"_value\":\"debug\",\"_valueType\":\"string\",\"_hash\":\"3f0246ea410fd9efa9fc7196cca045e3\"}"}],"_successful":true,"_projectName":"Part2Demo","_moduleName":"entry","_taskName":"default@CreateBuildProfile","_key":":Part2Demo:entry:default@CreateBuildProfile","_executionId":":Part2Demo:entry:default@CreateBuildProfile:1710732062482","_inputFiles":{"dataType":"Map","value":[["/Users/jepson/Desktop/Harmony/projects/Part2Demo/AppScope/app.json5",{"fileSnapShotHashValue":"ed9bb9929cd220f5a6d4b7fe5edfa05d"}],["/Users/jepson/Desktop/Harmony/projects/Part2Demo/build-profile.json5",{"fileSnapShotHashValue":"988639e9ee637a86711000ff1c86b542"}]]},"_outputFiles":{"dataType":"Map","value":[["/Users/jepson/Desktop/Harmony/projects/Part2Demo/entry/.preview/default/generated/profile/default/BuildProfile.ets",{"fileSnapShotHashValue":"98bb6277ef5b75aa4da6845884d3b918"}]]}},":Part2Demo:entry:default@GenerateLoaderJson":{"_inputs":[{"dataType":"ValueEntry","value":"{\"_name\":\"BUILTIN_TASK_COMMAND\",\"_value\":\"\",\"_valueType\":\"string\",\"_hash\":\"0b5d05294fdf4e78e8482ef53eb64ac0\"}"},{"dataType":"ValueEntry","value":"{\"_name\":\"BUILTIN_TASK_ENV\",\"_value\":\"\",\"_valueType\":\"string\",\"_hash\":\"cdcdc2ec8062ca9ec1de46dbf2bbc053\"}"},{"dataType":"ValueEntry","value":"{\"_name\":\"BUILTIN_TASK_TOOLCHAIN\",\"_value\":\"\",\"_valueType\":\"string\",\"_hash\":\"e7f94a9422a8bc317a7d90b58efcb5f6\"}"},{"dataType":"ValueEntry","value":"{\"_name\":\"anBuildMode\",\"_value\":\"type\",\"_valueType\":\"string\",\"_hash\":\"de241a1eec94a2a622ff1c89f32846a2\"}"},{"dataType":"ValueEntry","value":"{\"_name\":\"apPath\",\"_value\":\"/Users/jepson/Desktop/Harmony/projects/Part2Demo/entry/modules.ap\",\"_valueType\":\"string\",\"_hash\":\"b537bac95c378b1d172067cf35c4d191\"}"},{"dataType":"ValueEntry","value":"{\"_name\":\"compileMode\",\"_value\":\"esmodule\",\"_valueType\":\"string\",\"_hash\":\"dacafc8e0b77a950178a0b4d142dc32c\"}"},{"dataType":"ValueEntry","value":"{\"_name\":\"fallbackAnBuild\",\"_value\":false,\"_valueType\":\"boolean\",\"_hash\":\"a63e98bb3f368ced6ed4d5579ea7ca39\"}"},{"dataType":"ValueEntry","value":"{\"_name\":\"harNameOhmMap\",\"_value\":\"{}\",\"_valueType\":\"string\",\"_hash\":\"0faf006bccbcdc2c7f04ff2d8c87894f\"}"},{"dataType":"ValueEntry","value":"{\"_name\":\"modulePathMap\",\"_value\":\"{\\\"entry\\\":\\\"/Users/jepson/Desktop/Harmony/projects/Part2Demo/entry\\\"}\",\"_valueType\":\"string\",\"_hash\":\"4de36503a74f093fd4b892f4ce619e0d\"}"},{"dataType":"ValueEntry","value":"{\"_name\":\"nodeModulesPath\",\"_value\":\"/Users/jepson/Desktop/Harmony/projects/Part2Demo/entry/.preview/default/intermediates/loader_out/default/node_modules\",\"_valueType\":\"string\",\"_hash\":\"711eb7e63a647b88bff547788a37709d\"}"},{"dataType":"ValueEntry","value":"{\"_name\":\"projectRootPath\",\"_value\":\"/Users/jepson/Desktop/Harmony/projects/Part2Demo\",\"_valueType\":\"string\",\"_hash\":\"cb86d80134fc7b4bdcf6eee83aff318c\"}"},{"dataType":"ValueEntry","value":"{\"_name\":\"targetConfig\",\"_value\":\"{\\\"name\\\":\\\"default\\\"}\",\"_valueType\":\"string\",\"_hash\":\"44f0c01d44e2bbf4013c5bb1f232e1fe\"}"}],"_successful":true,"_projectName":"Part2Demo","_moduleName":"entry","_taskName":"default@GenerateLoaderJson","_key":":Part2Demo:entry:default@GenerateLoaderJson","_executionId":":Part2Demo:entry:default@GenerateLoaderJson:1710732062485","_inputFiles":{"dataType":"Map","value":[["/Users/jepson/Desktop/Harmony/projects/Part2Demo/entry/src/mock/mock-config.json5",{"fileSnapShotHashValue":"6af00850fbbfc313fe05885fffd5a016"}]]},"_outputFiles":{"dataType":"Map","value":[["/Users/jepson/Desktop/Harmony/projects/Part2Demo/entry/.preview/default/intermediates/loader/default/loader.json",{"isDirectory":false,"fileSnapShotHashValue":"863cfcfbf06dccbb4ced882eceb6ee3d"}]]}},":Part2Demo:entry:default@MergeProfile":{"_inputs":[{"dataType":"ValueEntry","value":"{\"_name\":\"BUILTIN_TASK_COMMAND\",\"_value\":\"\",\"_valueType\":\"string\",\"_hash\":\"0b5d05294fdf4e78e8482ef53eb64ac0\"}"},{"dataType":"ValueEntry","value":"{\"_name\":\"BUILTIN_TASK_ENV\",\"_value\":\"\",\"_valueType\":\"string\",\"_hash\":\"cdcdc2ec8062ca9ec1de46dbf2bbc053\"}"},{"dataType":"ValueEntry","value":"{\"_name\":\"BUILTIN_TASK_TOOLCHAIN\",\"_value\":\"\",\"_valueType\":\"string\",\"_hash\":\"e7f94a9422a8bc317a7d90b58efcb5f6\"}"},{"dataType":"ValueEntry","value":"{\"_name\":\"asanEnable\",\"_value\":false,\"_valueType\":\"boolean\",\"_hash\":\"bc2129ba20a21b7e5234139ede1b4d7b\"}"},{"dataType":"ValueEntry","value":"{\"_name\":\"buildRoot\",\"_value\":\".preview\",\"_valueType\":\"string\",\"_hash\":\"88e9a315669657b02bc470a13f92befe\"}"},{"dataType":"ValueEntry","value":"{\"_name\":\"compatibleSdkVersion\",\"_value\":11,\"_valueType\":\"number\",\"_hash\":\"0a9ae1c2a584e001c6822783c8cf9636\"}"},{"dataType":"ValueEntry","value":"{\"_name\":\"isDebug\",\"_value\":true,\"_valueType\":\"boolean\",\"_hash\":\"edbf05a2d2be2c385e75d9565a48d419\"}"},{"dataType":"ValueEntry","value":"{\"_name\":\"isHarModule\",\"_value\":false,\"_valueType\":\"boolean\",\"_hash\":\"a15b7a3ed818faa99a4a10d67f52cb72\"}"},{"dataType":"ValueEntry","value":"{\"_name\":\"multiProjects\",\"_value\":false,\"_valueType\":\"boolean\",\"_hash\":\"555604752defc243b4e4c55d1549fc06\"}"},{"dataType":"ValueEntry","value":"{\"_name\":\"releaseType\",\"_value\":\"Beta1\",\"_valueType\":\"string\",\"_hash\":\"1a006c1958194950c056f6e6aa5438b0\"}"},{"dataType":"ValueEntry","value":"{\"_name\":\"targetSdkVersion\",\"_value\":11,\"_valueType\":\"number\",\"_hash\":\"578c4c0926086069dd411e7d59783372\"}"}],"_successful":true,"_projectName":"Part2Demo","_moduleName":"entry","_taskName":"default@MergeProfile","_key":":Part2Demo:entry:default@MergeProfile","_executionId":":Part2Demo:entry:default@MergeProfile:1710732062488","_inputFiles":{"dataType":"Map","value":[["/Users/jepson/Desktop/Harmony/projects/Part2Demo/AppScope/app.json5",{"fileSnapShotHashValue":"ed9bb9929cd220f5a6d4b7fe5edfa05d"}],["/Users/jepson/Desktop/Harmony/projects/Part2Demo/build-profile.json5",{"fileSnapShotHashValue":"988639e9ee637a86711000ff1c86b542"}],["/Users/jepson/Desktop/Harmony/projects/Part2Demo/entry/src/main/module.json5",{"fileSnapShotHashValue":"55664de6586f0b8e0069d5c47e750b9f"}]]},"_outputFiles":{"dataType":"Map","value":[["/Users/jepson/Desktop/Harmony/projects/Part2Demo/entry/.preview/default/intermediates/merge_profile/default/module.json",{"fileSnapShotHashValue":"09f914b1921f6d39d7e725fad2367b44"}]]}},":Part2Demo:entry:default@ProcessProfile":{"_inputs":[{"dataType":"ValueEntry","value":"{\"_name\":\"BUILTIN_TASK_COMMAND\",\"_value\":\"\",\"_valueType\":\"string\",\"_hash\":\"0b5d05294fdf4e78e8482ef53eb64ac0\"}"},{"dataType":"ValueEntry","value":"{\"_name\":\"BUILTIN_TASK_ENV\",\"_value\":\"\",\"_valueType\":\"string\",\"_hash\":\"cdcdc2ec8062ca9ec1de46dbf2bbc053\"}"},{"dataType":"ValueEntry","value":"{\"_name\":\"BUILTIN_TASK_TOOLCHAIN\",\"_value\":\"\",\"_valueType\":\"string\",\"_hash\":\"e7f94a9422a8bc317a7d90b58efcb5f6\"}"},{"dataType":"ValueEntry","value":"{\"_name\":\"arkEnable\",\"_value\":true,\"_valueType\":\"boolean\",\"_hash\":\"750b4bda198545a67903dfb3f6a00a95\"}"},{"dataType":"ValueEntry","value":"{\"_name\":\"compileMode\",\"_value\":\"esmodule\",\"_valueType\":\"string\",\"_hash\":\"dacafc8e0b77a950178a0b4d142dc32c\"}"},{"dataType":"ValueEntry","value":"{\"_name\":\"dependency\",\"_value\":\"[]\",\"_valueType\":\"string\",\"_hash\":\"ac54f3d4ced2d4c1d666d40e4f7c454a\"}"},{"dataType":"ValueEntry","value":"{\"_name\":\"deviceTypes\",\"_value\":[\"phone\",\"tablet\",\"2in1\"],\"_valueType\":\"object\",\"_hash\":\"955f8760c6b7289b81ed107c2c4df075\"}"}],"_successful":true,"_projectName":"Part2Demo","_moduleName":"entry","_taskName":"default@ProcessProfile","_key":":Part2Demo:entry:default@ProcessProfile","_executionId":":Part2Demo:entry:default@ProcessProfile:1710732062490","_inputFiles":{"dataType":"Map","value":[["/Users/jepson/Desktop/Harmony/projects/Part2Demo/entry/.preview/default/intermediates/merge_profile/default/module.json",{"fileSnapShotHashValue":"09f914b1921f6d39d7e725fad2367b44"}]]},"_outputFiles":{"dataType":"Map","value":[["/Users/jepson/Desktop/Harmony/projects/Part2Demo/entry/.preview/default/intermediates/process_profile/default/module.json",{"fileSnapShotHashValue":"684573619d1e978b97e121be7f251cf2"}]]}},":Part2Demo:entry:default@PreviewCompileResource":{"_inputs":[{"dataType":"ValueEntry","value":"{\"_name\":\"PREVIEWER_REPLACE_PAGE\",\"_valueType\":\"undefined\"}"},{"dataType":"ValueEntry","value":"{\"_name\":\"PREVIEWER_REPLACE_SRCPATH\",\"_valueType\":\"undefined\"}"},{"dataType":"ValueEntry","value":"{\"_name\":\"TARGET_CONFIG\",\"_value\":\"{\\\"name\\\":\\\"default\\\"}\",\"_valueType\":\"string\"}"},{"dataType":"ValueEntry","value":"{\"_name\":\"BUILTIN_TASK_COMMAND\",\"_value\":\"\",\"_valueType\":\"string\"}"},{"dataType":"ValueEntry","value":"{\"_name\":\"BUILTIN_TASK_TOOLCHAIN\",\"_value\":\"/Users/jepson/Documents/harmony_env/sdk/HarmonyOS-NEXT-DP1/base/toolchains/restool\",\"_valueType\":\"string\"}"},{"dataType":"ValueEntry","value":"{\"_name\":\"BUILTIN_TASK_ENV\",\"_value\":\"\",\"_valueType\":\"string\"}"}],"_successful":true,"_projectName":"Part2Demo","_moduleName":"entry","_taskName":"default@PreviewCompileResource","_key":":Part2Demo:entry:default@PreviewCompileResource","_executionId":":Part2Demo:entry:default@PreviewCompileResource:1711082269678","_inputFiles":{"dataType":"Map","value":[["/Users/jepson/Desktop/Harmony/projects/Part2Demo/entry/src/main/resources",{"fileSnapShotHashValue":"fd933b58ed0f0958dc164c1ce1b1326d"}],["/Users/jepson/Desktop/Harmony/projects/Part2Demo/entry/.preview/default/intermediates/merge_profile/default/module.json",{"fileSnapShotHashValue":"09f914b1921f6d39d7e725fad2367b44"}]]},"_outputFiles":{"dataType":"Map","value":[["/Users/jepson/Desktop/Harmony/projects/Part2Demo/entry/.preview/default/intermediates/res/default",{"isDirectory":true,"fileSnapShotHashValue":"7809209428943af6bf8f775ff63464f8"}],["/Users/jepson/Desktop/Harmony/projects/Part2Demo/entry/.preview/default/generated/r/default",{"isDirectory":true,"fileSnapShotHashValue":"cf5cfc5f314127a4d5a61fdee0feda60"}]]}},":Part2Demo:entry:default@CopyPreviewProfile":{"_inputs":[{"dataType":"ValueEntry","value":"{\"_name\":\"BUILTIN_TASK_COMMAND\",\"_value\":\"\",\"_valueType\":\"string\"}"},{"dataType":"ValueEntry","value":"{\"_name\":\"BUILTIN_TASK_TOOLCHAIN\",\"_value\":\"\",\"_valueType\":\"string\"}"},{"dataType":"ValueEntry","value":"{\"_name\":\"BUILTIN_TASK_ENV\",\"_value\":\"\",\"_valueType\":\"string\"}"}],"_successful":true,"_projectName":"Part2Demo","_moduleName":"entry","_taskName":"default@CopyPreviewProfile","_key":":Part2Demo:entry:default@CopyPreviewProfile","_executionId":":Part2Demo:entry:default@CopyPreviewProfile:1711082269780","_inputFiles":{"dataType":"Map","value":[["/Users/jepson/Desktop/Harmony/projects/Part2Demo/entry/src/main/resources/base/profile",{"fileSnapShotHashValue":"81248849bc080d40b790d977ddf33184"}]]},"_outputFiles":{"dataType":"Map","value":[["/Users/jepson/Desktop/Harmony/projects/Part2Demo/entry/.preview/default/intermediates/res/default/resources/base/profile",{"fileSnapShotHashValue":"229278650f0f5c14d221b98718bd2376"}]]}},":Part2Demo:entry:default@PreviewUpdateAssets":{"_inputs":[{"dataType":"ValueEntry","value":"{\"_name\":\"previewBuildConfigJson\",\"_value\":\"{\\\"deviceType\\\":\\\"phone,tablet,2in1\\\",\\\"checkEntry\\\":\\\"true\\\",\\\"localPropertiesPath\\\":\\\"/Users/jepson/Desktop/Harmony/projects/Part2Demo/local.properties\\\",\\\"PATH\\\":\\\"/Users/jepson/node/node-18.14.1/bin/\\\",\\\"note\\\":\\\"false\\\",\\\"aceProfilePath\\\":\\\"/Users/jepson/Desktop/Harmony/projects/Part2Demo/entry/.preview/default/intermediates/res/default/resources/base/profile\\\",\\\"isPreview\\\":\\\"true\\\",\\\"hapMode\\\":\\\"false\\\",\\\"buildMode\\\":\\\"debug\\\",\\\"img2bin\\\":\\\"true\\\",\\\"projectProfilePath\\\":\\\"/Users/jepson/Desktop/Harmony/projects/Part2Demo/build-profile.json5\\\",\\\"watchMode\\\":\\\"true\\\",\\\"appResource\\\":\\\"/Users/jepson/Desktop/Harmony/projects/Part2Demo/entry/.preview/default/intermediates/res/default/ResourceTable.txt\\\",\\\"logLevel\\\":\\\"3\\\",\\\"stageRouterConfig\\\":{\\\"contents\\\":[\\\"{\\\\\\\"module\\\\\\\":{\\\\\\\"pages\\\\\\\":\\\\\\\"$profile:main_pages\\\\\\\",\\\\\\\"name\\\\\\\":\\\\\\\"entry\\\\\\\"}}\\\",\\\"{\\\\\\\"src\\\\\\\":[\\\\\\\"pages/Index\\\\\\\"]}\\\"],\\\"paths\\\":[\\\"/Users/jepson/Desktop/Harmony/projects/Part2Demo/entry/.preview/default/intermediates/res/default/module.json\\\",\\\"/Users/jepson/Desktop/Harmony/projects/Part2Demo/entry/.preview/default/intermediates/res/default/resources/base/profile/main_pages.json\\\"]},\\\"aceBuildJson\\\":\\\"/Users/jepson/Desktop/Harmony/projects/Part2Demo/entry/.preview/default/intermediates/loader/default/loader.json\\\",\\\"aceModuleRoot\\\":\\\"/Users/jepson/Desktop/Harmony/projects/Part2Demo/entry/src/main/ets\\\",\\\"aceSoPath\\\":\\\"/Users/jepson/Desktop/Harmony/projects/Part2Demo/entry/.preview/cache/nativeDependencies.txt\\\",\\\"cachePath\\\":\\\"/Users/jepson/Desktop/Harmony/projects/Part2Demo/entry/.preview/cache/.default\\\",\\\"aceModuleBuild\\\":\\\"/Users/jepson/Desktop/Harmony/projects/Part2Demo/entry/.preview/default/intermediates/assets/default/ets\\\",\\\"aceModuleJsonPath\\\":\\\"/Users/jepson/Desktop/Harmony/projects/Part2Demo/entry/.preview/default/intermediates/res/default/module.json\\\"}\",\"_valueType\":\"string\"}"},{"dataType":"ValueEntry","value":"{\"_name\":\"BUILTIN_TASK_COMMAND\",\"_value\":\"\",\"_valueType\":\"string\"}"},{"dataType":"ValueEntry","value":"{\"_name\":\"BUILTIN_TASK_TOOLCHAIN\",\"_value\":\"\",\"_valueType\":\"string\"}"},{"dataType":"ValueEntry","value":"{\"_name\":\"BUILTIN_TASK_ENV\",\"_value\":\"\",\"_valueType\":\"string\"}"}],"_successful":true,"_projectName":"Part2Demo","_moduleName":"entry","_taskName":"default@PreviewUpdateAssets","_key":":Part2Demo:entry:default@PreviewUpdateAssets","_executionId":":Part2Demo:entry:default@PreviewUpdateAssets:1711082269783","_inputFiles":{"dataType":"Map","value":[]},"_outputFiles":{"dataType":"Map","value":[["/Users/jepson/Desktop/Harmony/projects/Part2Demo/entry/.preview/default/intermediates/res/default/module.json",{"isDirectory":false,"fileSnapShotHashValue":"9dc497ea14d2e944fe151ae30bfed0af"}],["/Users/jepson/Desktop/Harmony/projects/Part2Demo/entry/.preview/default/intermediates/res/default/resources/base/profile/main_pages.json",{"isDirectory":false,"fileSnapShotHashValue":"5bc9455b44dd7f59282cb710e5ee3cd2"}]]}},":Part2Demo:entry:default@PreviewArkTS":{"_inputs":[{"dataType":"ValueEntry","value":"{\"_name\":\"debuggable\",\"_value\":true,\"_valueType\":\"boolean\"}"},{"dataType":"ValueEntry","value":"{\"_name\":\"isArk\",\"_value\":true,\"_valueType\":\"boolean\"}"},{"dataType":"ValueEntry","value":"{\"_name\":\"needCoverageInsert\",\"_value\":false,\"_valueType\":\"boolean\"}"},{"dataType":"ValueEntry","value":"{\"_name\":\"customTypes\",\"_value\":\"\",\"_valueType\":\"string\"}"},{"dataType":"ValueEntry","value":"{\"_name\":\"arkTsWdiget\",\"_value\":false,\"_valueType\":\"boolean\"}"},{"dataType":"ValueEntry","value":"{\"_name\":\"OBFUSCATION_ENABLE\",\"_value\":\"undefined\",\"_valueType\":\"string\"}"},{"dataType":"ValueEntry","value":"{\"_name\":\"BUILTIN_TASK_COMMAND\",\"_value\":\"\",\"_valueType\":\"string\"}"},{"dataType":"ValueEntry","value":"{\"_name\":\"BUILTIN_TASK_TOOLCHAIN\",\"_value\":\"\",\"_valueType\":\"string\"}"},{"dataType":"ValueEntry","value":"{\"_name\":\"BUILTIN_TASK_ENV\",\"_value\":\"\",\"_valueType\":\"string\"}"}],"_successful":true,"_projectName":"Part2Demo","_moduleName":"entry","_taskName":"default@PreviewArkTS","_key":":Part2Demo:entry:default@PreviewArkTS","_executionId":":Part2Demo:entry:default@PreviewArkTS:1711082269786","_inputFiles":{"dataType":"Map","value":[["/Users/jepson/Desktop/Harmony/projects/Part2Demo/entry/.preview/default/intermediates/loader/default",{"isDirectory":true,"fileSnapShotHashValue":"abfde7ad1e55bfbec514972784a1ed7f"}],["/Users/jepson/Desktop/Harmony/projects/Part2Demo/entry/.preview/default/intermediates/res/default/ResourceTable.txt",{"fileSnapShotHashValue":"9c302be42b40872c7a6729f0f7e14323"}],["/Users/jepson/Desktop/Harmony/projects/Part2Demo/entry/.preview/default/intermediates/res/default/module.json",{"fileSnapShotHashValue":"9dc497ea14d2e944fe151ae30bfed0af"}],["/Users/jepson/Desktop/Harmony/projects/Part2Demo/entry/.preview/default/intermediates/res/default/resources/base/profile",{"isDirectory":true,"fileSnapShotHashValue":"229278650f0f5c14d221b98718bd2376"}],["/Users/jepson/Desktop/Harmony/projects/Part2Demo/entry/src/main/ets",{"isDirectory":true,"fileSnapShotHashValue":"8b39ddb64a58480a26f37b97faaffbb9"}],["/Users/jepson/Desktop/Harmony/projects/Part2Demo/entry/.preview/default/generated/profile/default/BuildProfile.ets",{"fileSnapShotHashValue":"98bb6277ef5b75aa4da6845884d3b918"}]]},"_outputFiles":{"dataType":"Map","value":[["/Users/jepson/Desktop/Harmony/projects/Part2Demo/entry/.preview/default/intermediates/loader_out/default/ets",{"isDirectory":true,"fileSnapShotHashValue":""}]]}}}