{
  "entry/src/main/ets/entryability/EntryAbility.ets": {
    "version": 3,
    "file": "EntryAbility.ets",
    "sourceRoot": "",
    "sources": [
      "entry/src/main/ets/entryability/EntryAbility.ets"
    ],
    "names": [],
    "mappings": ";;;;;AAIA,MAAM,CAAC,OAAO,OAAO,YAAa,SAAQ,SAAS;IACjD,QAAQ,CAAC,IAAI,EAAE,IAAI,EAAE,WAAW,EAAE,eAAe,CAAC,WAAW,GAAG,IAAI;QAClE,KAAK,CAAC,IAAI,CAAC,MAAM,EAAE,SAAS,EAAE,YAAY,EAAE,kBAAkB,CAAC,CAAC;IAClE,CAAC;IAED,SAAS,IAAI,IAAI;QACf,KAAK,CAAC,IAAI,CAAC,MAAM,EAAE,SAAS,EAAE,YAAY,EAAE,mBAAmB,CAAC,CAAC;IACnE,CAAC;IAED,mBAAmB,CAAC,WAAW,EAAE,MAAM,CAAC,WAAW,GAAG,IAAI;QACxD,yDAAyD;QACzD,KAAK,CAAC,IAAI,CAAC,MAAM,EAAE,SAAS,EAAE,YAAY,EAAE,6BAA6B,CAAC,CAAC;QAE3E,WAAW,CAAC,WAAW,CAAC,aAAa,EAAE,CAAC,GAAG,EAAE,IAAI,EAAE,EAAE;YACnD,IAAI,GAAG,CAAC,IAAI,EAAE;gBACZ,KAAK,CAAC,KAAK,CAAC,MAAM,EAAE,SAAS,EAAE,+CAA+C,EAAE,IAAI,CAAC,SAAS,CAAC,GAAG,CAAC,IAAI,EAAE,CAAC,CAAC;gBAC3G,OAAO;aACR;YACD,KAAK,CAAC,IAAI,CAAC,MAAM,EAAE,SAAS,EAAE,oDAAoD,EAAE,IAAI,CAAC,SAAS,CAAC,IAAI,CAAC,IAAI,EAAE,CAAC,CAAC;QAClH,CAAC,CAAC,CAAC;IACL,CAAC;IAED,oBAAoB,IAAI,IAAI;QAC1B,yDAAyD;QACzD,KAAK,CAAC,IAAI,CAAC,MAAM,EAAE,SAAS,EAAE,YAAY,EAAE,8BAA8B,CAAC,CAAC;IAC9E,CAAC;IAED,YAAY,IAAI,IAAI;QAClB,oCAAoC;QACpC,KAAK,CAAC,IAAI,CAAC,MAAM,EAAE,SAAS,EAAE,YAAY,EAAE,sBAAsB,CAAC,CAAC;IACtE,CAAC;IAED,YAAY,IAAI,IAAI;QAClB,iCAAiC;QACjC,KAAK,CAAC,IAAI,CAAC,MAAM,EAAE,SAAS,EAAE,YAAY,EAAE,sBAAsB,CAAC,CAAC;IACtE,CAAC;CACF"
  },
  "entry/src/main/ets/pages/Index.ets": {
    "version": 3,
    "file": "Index.ets",
    "sourceRoot": "",
    "sources": [
      "entry/src/main/ets/pages/Index.ets"
    ],
    "names": [],
    "mappings": ";IAGS,OAAO,GAAE,MAAM;;MADjB,KAAK;IAFZ;;;;;sDAG2B,QAAQ;;KAHnC;;;;;;;;;;;;;;;;IAGE,4CAAgB,MAAM,EAAY;QAA3B,OAAO;;;QAAP,OAAO,WAAE,MAAM;;;IACtB;;YACE,0BAA0B;YAC1B,2BAA2B;YAC3B,wBAAwB;YACxB,qCAAqC;YACrC,EAAE;YACF,uCAAuC;YACvC,kDAAkD;YAClD,MAAM;;YAPN,0BAA0B;YAC1B,2BAA2B;YAC3B,wBAAwB;YACxB,qCAAqC;YACrC,EAAE;YACF,uCAAuC;YACvC,kDAAkD;YAClD,MAAM,CAWL,OAAO,CAAC,EAAE;;;YAVT,IAAI;;YAAJ,IAAI,CACD,KAAK,CAAC,OAAO;YADhB,IAAI,CAED,MAAM,CAAC,OAAO;YAFjB,IAAI,CAGD,eAAe,CAAC,KAAK,CAAC,IAAI;YAH7B,IAAI,CAID,eAAe;YAJlB,IAAI,CAKD,uBAAuB,CAAC;gBACvB,CAAC,EAAE,KAAK,CAAC,GAAG,CAAC;gBACb,CAAC,EAAE,KAAK,CAAC,GAAG,CAAC;aACd;;QARH,IAAI;QARN,0BAA0B;QAC1B,2BAA2B;QAC3B,wBAAwB;QACxB,qCAAqC;QACrC,EAAE;QACF,uCAAuC;QACvC,kDAAkD;QAClD,MAAM;KAYP"
  }
}