{
  "entry/src/main/ets/entryability/EntryAbility.ets": {
    "version": 3,
    "file": "EntryAbility.ets",
    "sourceRoot": "",
    "sources": [
      "entry/src/main/ets/entryability/EntryAbility.ets"
    ],
    "names": [],
    "mappings": ";;;;;AAIA,MAAM,CAAC,OAAO,OAAO,YAAa,SAAQ,SAAS;IACjD,QAAQ,CAAC,IAAI,EAAE,IAAI,EAAE,WAAW,EAAE,eAAe,CAAC,WAAW,GAAG,IAAI;QAClE,KAAK,CAAC,IAAI,CAAC,MAAM,EAAE,SAAS,EAAE,YAAY,EAAE,kBAAkB,CAAC,CAAC;IAClE,CAAC;IAED,SAAS,IAAI,IAAI;QACf,KAAK,CAAC,IAAI,CAAC,MAAM,EAAE,SAAS,EAAE,YAAY,EAAE,mBAAmB,CAAC,CAAC;IACnE,CAAC;IAED,mBAAmB,CAAC,WAAW,EAAE,MAAM,CAAC,WAAW,GAAG,IAAI;QACxD,yDAAyD;QACzD,KAAK,CAAC,IAAI,CAAC,MAAM,EAAE,SAAS,EAAE,YAAY,EAAE,6BAA6B,CAAC,CAAC;QAE3E,WAAW,CAAC,WAAW,CAAC,aAAa,EAAE,CAAC,GAAG,EAAE,IAAI,EAAE,EAAE;YACnD,IAAI,GAAG,CAAC,IAAI,EAAE;gBACZ,KAAK,CAAC,KAAK,CAAC,MAAM,EAAE,SAAS,EAAE,+CAA+C,EAAE,IAAI,CAAC,SAAS,CAAC,GAAG,CAAC,IAAI,EAAE,CAAC,CAAC;gBAC3G,OAAO;aACR;YACD,KAAK,CAAC,IAAI,CAAC,MAAM,EAAE,SAAS,EAAE,oDAAoD,EAAE,IAAI,CAAC,SAAS,CAAC,IAAI,CAAC,IAAI,EAAE,CAAC,CAAC;QAClH,CAAC,CAAC,CAAC;IACL,CAAC;IAED,oBAAoB,IAAI,IAAI;QAC1B,yDAAyD;QACzD,KAAK,CAAC,IAAI,CAAC,MAAM,EAAE,SAAS,EAAE,YAAY,EAAE,8BAA8B,CAAC,CAAC;IAC9E,CAAC;IAED,YAAY,IAAI,IAAI;QAClB,oCAAoC;QACpC,KAAK,CAAC,IAAI,CAAC,MAAM,EAAE,SAAS,EAAE,YAAY,EAAE,sBAAsB,CAAC,CAAC;IACtE,CAAC;IAED,YAAY,IAAI,IAAI;QAClB,iCAAiC;QACjC,KAAK,CAAC,IAAI,CAAC,MAAM,EAAE,SAAS,EAAE,YAAY,EAAE,sBAAsB,CAAC,CAAC;IACtE,CAAC;CACF"
  },
  "entry/src/main/ets/pages/Index.ets": {
    "version": 3,
    "file": "Index.ets",
    "sourceRoot": "",
    "sources": [
      "entry/src/main/ets/pages/Index.ets"
    ],
    "names": [],
    "mappings": ";IAGS,OAAO,GAAE,MAAM;;MADjB,KAAK;IAFZ;;;;;sDAG2B,QAAQ;;KAHnC;;;;;;;;;;;;;;;;IAGE,4CAAgB,MAAM,EAAY;QAA3B,OAAO;;;QAAP,OAAO,WAAE,MAAM;;;IACtB;;YACE,YAAY;YACZ,cAAc;YACd,eAAe;YACf,eAAe;YACf,MAAM,QAAC,EAAE,KAAK,EAAE,EAAE,EAAE;;YAJpB,YAAY;YACZ,cAAc;YACd,eAAe;YACf,eAAe;YACf,MAAM,CAgBL,KAAK,CAAC,MAAM;YApBb,YAAY;YACZ,cAAc;YACd,eAAe;YACf,eAAe;YACf,MAAM,CAiBL,OAAO,CAAC,EAAE;;;YAhBT,KAAK;;YAAL,KAAK,CACF,KAAK,CAAC,EAAE;;;YACX,SAAS,QAAC;gBACR,WAAW,EAAE,QAAQ;aACtB;;;;YACD,SAAS,QAAC;gBACR,WAAW,EAAE,OAAO;aACrB;;YAFD,SAAS,CAEN,IAAI,CAAC,SAAS,CAAC,QAAQ;;;YAC1B,MAAM,iBAAC,IAAI;;YAAX,MAAM,CACH,KAAK,CAAC,MAAM;;QADf,MAAM;;YAEN,GAAG,QAAC,EAAE,KAAK,EAAE,EAAE,EAAE;;;;YACf,IAAI,QAAC,MAAM;;;QAAX,IAAI;;YACJ,IAAI,QAAC,MAAM;;;QAAX,IAAI;QAFN,GAAG;QAfL,YAAY;QACZ,cAAc;QACd,eAAe;QACf,eAAe;QACf,MAAM;KAkBP"
  }
}